REF_AREA,TIME_PERIOD,PC1,PC2,war_nextYear
AFG,1960,-34.36668388818727,-5.481994410200474,0
AFG,1961,-34.36557036444071,-5.482466844118197,0
AFG,1962,-34.36432172229059,-5.483264788084599,0
AFG,1963,-34.36297322139508,-5.484230030721777,0
AFG,1964,-34.361601133544234,-5.485183882034809,0
AFG,1965,-34.36029914687672,-5.48591792571118,0
AFG,1966,-34.35849638872468,-5.487671677468193,0
AFG,1967,-34.35702575221053,-5.488517672314857,0
AFG,1968,-34.35521268438904,-5.490042997830632,0
AFG,1969,-34.34328225143585,-5.494811753298759,0
AFG,1970,-34.34153623549964,-5.49587025595578,0
AFG,1971,-34.33898089284844,-5.498792484361273,0
AFG,1972,-34.337412958990086,-5.499408904583158,0
AFG,1973,-34.33544503995235,-5.500783602240227,0
AFG,1974,-34.332676563309974,-5.503792293432693,1
AFG,1975,-34.329615836614906,-5.507409172033551,1
AFG,1976,-34.307404933704674,-5.518623369723044,1
AFG,1977,-34.30562492026943,-5.519683432304129,1
AFG,1978,-34.30262017037089,-5.524231504900457,1
AFG,1979,-34.28582061688284,-5.561431226170132,1
AFG,1980,-34.26268103684862,-5.617422416111566,1
AFG,1981,-34.237669290434916,-5.685438482309498,1
AFG,1982,-34.30743060047771,-5.546425589335646,1
AFG,1983,-34.32300750456637,-5.518565997160408,1
AFG,1984,-34.33989913477965,-5.483344959973935,1
AFG,1985,-34.31996248979577,-5.526168557357854,1
AFG,1986,-34.31409023127091,-5.537328249115468,1
AFG,1987,-34.31452956695901,-5.537469769867132,1
AFG,1988,-34.32544897072222,-5.511737381689159,1
AFG,1989,-34.32619113900101,-5.506532590759565,1
AFG,1990,-34.28314319022717,-5.557687621093648,1
AFG,1991,-34.30208465137099,-5.514077916785863,1
AFG,1992,-34.3433415175085,-5.414546534489403,1
AFG,1993,-34.3293138612739,-5.426527588252647,1
AFG,1994,-34.28499288199084,-5.507258817384588,1
AFG,1995,-34.26767892504936,-5.53370294700939,1
AFG,1996,-34.260434644237215,-5.541009884602099,1
AFG,1997,-34.25437083655561,-5.546429010408205,1
AFG,1998,-34.25055756439911,-5.547257027280676,1
AFG,1999,-34.24353559727344,-5.553979191243365,1
AFG,2000,-34.200682694402715,-5.6447882493876484,1
AFG,2001,-34.20771671704606,-5.580058008378992,1
AFG,2002,-34.24447290448628,-5.488525499182281,1
AFG,2003,-34.209355298368614,-5.550302272846741,1
AFG,2004,-34.18163494512987,-5.600110200746398,1
AFG,2005,-34.196824802762386,-5.55644422765938,1
AFG,2006,-34.181341330182896,-5.578480502358241,1
AFG,2007,-34.038350799754575,-5.696342503201581,1
AFG,2008,-34.07780058122996,-5.601708935511914,1
AFG,2009,-33.957520230560014,-5.665032976187817,1
AFG,2010,-33.84506654985648,-5.711645799551728,1
AGO,1960,-34.27256927905913,-5.243883991930212,0
AGO,1961,-34.27260453054991,-5.247342013287141,0
AGO,1962,-34.26770744307771,-5.249132182200415,0
AGO,1963,-34.27235092863727,-5.2486203780797664,0
AGO,1964,-34.253204582214934,-5.254006288758954,0
AGO,1965,-34.26926788250847,-5.250757197226094,0
AGO,1966,-34.257457768298124,-5.25440320992068,0
AGO,1967,-34.263250204205775,-5.253776569962754,0
AGO,1968,-34.26255709951095,-5.254783150341142,0
AGO,1969,-34.24256992949106,-5.260585385037656,0
AGO,1970,-34.25301956986357,-5.25443227530392,0
AGO,1971,-34.25718181893523,-5.233731356991118,0
AGO,1972,-34.23541432344822,-5.312288940980499,0
AGO,1973,-34.25394661162153,-5.303309785547954,0
AGO,1974,-34.25308665422045,-5.264390639655261,1
AGO,1975,-34.30456143503062,-5.297083493818435,1
AGO,1976,-34.375102343532454,-5.472473033829976,1
AGO,1977,-34.36771834872517,-5.473686487313293,1
AGO,1978,-34.36514426747632,-5.474812133722569,1
AGO,1979,-34.36548809439521,-5.474995223134679,1
AGO,1980,-34.36841720131612,-5.474161651847101,1
AGO,1981,-34.35876402815167,-5.477168139108017,1
AGO,1982,-34.35990626707454,-5.47702503881961,1
AGO,1983,-34.35814681876523,-5.47768677253984,1
AGO,1984,-34.35801347624918,-5.478747433282056,1
AGO,1985,-34.35451849184228,-5.480646081427967,1
AGO,1986,-34.35409615662064,-5.482276353078215,1
AGO,1987,-34.34800796721313,-5.485045815677427,1
AGO,1988,-34.34248539175609,-5.486929081630691,1
AGO,1989,-34.33786579870156,-5.488981502371878,1
AGO,1990,-34.33581473135802,-5.49018714174552,1
AGO,1991,-34.33448079626132,-5.492530065362008,1
AGO,1992,-34.33249052151365,-5.4934494785170775,1
AGO,1993,-34.32741745127422,-5.4955547483803695,1
AGO,1994,-34.323374146712034,-5.496415588724711,1
AGO,1995,-34.32079780204527,-5.49776116571199,1
AGO,1996,-34.314767994557855,-5.499515985767671,1
AGO,1997,-34.30969380788351,-5.500997706589609,1
AGO,1998,-34.30316785855636,-5.503400797424011,1
AGO,1999,-34.2970389277073,-5.505718864277825,1
AGO,2000,-34.2817177431806,-5.51006489820717,1
AGO,2001,-34.274072783326396,-5.512504661484172,1
AGO,2002,-34.26277802425707,-5.51628833398584,1
AGO,2003,-34.261277906955,-5.517718762802384,1
AGO,2004,-34.248639064102846,-5.521275863231697,1
AGO,2005,-34.243555881037175,-5.524291994006963,1
AGO,2006,-34.22958833104222,-5.52853028290739,1
AGO,2007,-34.20512398300867,-5.535811225075185,1
AGO,2008,-34.199171472183586,-5.538574473952106,1
AGO,2009,-34.1868022479126,-5.543638008124703,1
AGO,2010,-34.166251922808975,-5.549459738689389,1
ARG,1960,-34.11611574938226,-5.174680618557813,1
ARG,1961,-34.111989079785026,-5.174672152463049,1
ARG,1962,-34.107271236074865,-5.1750056234448705,1
ARG,1963,-34.09750926183532,-5.176843357064036,1
ARG,1964,-34.08612497936737,-5.17916505061927,1
ARG,1965,-34.075092597510995,-5.181335353501168,1
ARG,1966,-34.062606077748185,-5.1837854241453165,1
ARG,1967,-34.058691118409264,-5.184257735703003,1
ARG,1968,-34.05618411959576,-5.1845037588757625,1
ARG,1969,-34.05397523715989,-5.184962448143046,1
ARG,1970,-34.045932788496735,-5.187178993537913,1
ARG,1971,-34.06802570248729,-5.281211307731592,1
ARG,1972,-34.008527499840774,-5.127843631799349,1
ARG,1973,-33.66687780826942,-4.159382057707752,1
ARG,1974,-33.381815924799916,-3.325819246997662,1
ARG,1975,-33.88322525927166,-4.822237784046341,1
ARG,1976,-33.84481355089484,-4.75710321848002,1
ARG,1977,-33.83260706908471,-4.809232439991283,0
ARG,1978,-33.87582453555426,-5.037422708707223,0
ARG,1979,-33.58921056572562,-4.224507031721654,0
ARG,1980,-33.237802442048526,-3.100359773957639,0
ARG,1981,-33.77467042823311,-4.716780281957747,1
ARG,1982,-33.86502502675785,-5.072717082296506,0
ARG,1983,-33.795411304026615,-4.85934734749939,0
ARG,1984,-33.76180383144787,-4.7257080308371595,0
ARG,1985,-33.78867749211272,-4.94494862336589,0
ARG,1986,-33.87527111058365,-5.228700019882585,0
ARG,1987,-33.830977558345005,-5.185188065368005,0
ARG,1988,-31.183003060077635,2.693257375856776,0
ARG,1989,-31.242164243523238,2.520438845505983,0
ARG,1990,-32.90850922845117,-2.5251827885667844,0
ARG,1991,-33.503311389685194,-4.4048475215296286,0
ARG,1992,-33.56473833597793,-4.697965148074212,0
ARG,1993,-33.65957079060286,-5.304527256742938,0
ARG,1994,-33.52639524856232,-4.970431487506949,0
ARG,1995,-33.31272250277437,-4.848137959604897,0
ARG,1996,-33.30956897833514,-4.836421591246506,0
ARG,1997,-33.36806782341623,-5.081941347268753,0
ARG,1998,-32.927548975022496,-3.5131368572512964,0
ARG,1999,-32.5619596323813,-2.498683020859877,0
ARG,2000,-33.451012423702274,-5.410231753290433,0
ARG,2001,-33.563210810052205,-5.520979706275914,0
ARG,2002,-30.416600558673178,3.797629087884177,0
ARG,2003,-29.647815653909586,5.9898877455245625,0
ARG,2004,-27.406006460932396,12.545144614534879,0
ARG,2005,-26.65574602118326,14.657267383412458,0
ARG,2006,-12.341835376004681,57.05873385873888,0
ARG,2007,-13.538071846922758,53.3160435714605,0
ARG,2008,-14.75667149642689,49.791266644556075,0
ARG,2009,-16.13426836550873,45.78041134923811,0
ARG,2010,4.368715313538409,107.07374496377388,0
AUS,1960,-28.352398278062847,9.158185661552766,0
AUS,1961,-28.214262148843083,9.110298615792383,0
AUS,1962,-28.328834349853555,9.14792494803445,0
AUS,1963,-28.309538743764747,9.142821819038838,0
AUS,1964,-28.32504247744746,9.149197048342678,0
AUS,1965,-28.18717497978689,9.105268435313462,0
AUS,1966,-28.148629592890828,9.091575793459393,0
AUS,1967,-28.06077600193633,9.06019179887992,0
AUS,1968,-28.024254082921065,9.049096938080307,0
AUS,1969,-28.02428039675799,9.048846375753026,0
AUS,1970,-28.108031005335402,9.087750729708459,0
AUS,1971,-27.63261723640727,8.919647701873235,0
AUS,1972,-27.02151308906521,10.357171777828762,0
AUS,1973,-22.53537703059881,24.441105197855357,0
AUS,1974,-16.229940205432847,42.55538094713819,0
AUS,1975,-20.36465737142287,30.90588788682168,0
AUS,1976,-16.821442762626198,40.80170698989954,0
AUS,1977,-15.032141652313964,45.742426323990806,0
AUS,1978,-17.83472650394349,37.85251091172411,0
AUS,1979,-11.780152956268545,56.81245965242492,0
AUS,1980,-5.318361351084494,75.97350392933629,0
AUS,1981,-12.565638487985467,54.17345652696789,0
AUS,1982,-11.294445842131136,58.14381706645052,0
AUS,1983,-13.694218662582,50.82672625421452,0
AUS,1984,-10.795659504084291,59.63587722208828,0
AUS,1985,-10.653201903848508,59.639156021265265,0
AUS,1986,-11.617125267789877,56.98618717099999,0
AUS,1987,-4.823484056113163,76.95693099991374,0
AUS,1988,5.983689498471968,107.34305584669019,0
AUS,1989,8.871554440273528,115.63482955133591,0
AUS,1990,12.669865971599435,127.6742640072644,0
AUS,1991,8.101378816201851,112.899406626421,0
AUS,1992,6.084073595573308,105.66280288527949,0
AUS,1993,-0.826585145979891,83.88493286451934,0
AUS,1994,7.353745865837958,107.93214251297472,0
AUS,1995,8.869264255776521,110.61712258480439,0
AUS,1996,2.743285578074051,90.63733201580027,0
AUS,1997,7.2702114733504715,103.47807118974623,0
AUS,1998,9.403467892689783,110.95656452357368,0
AUS,1999,4.322312640989217,92.91588626181934,0
AUS,2000,16.104911121660194,126.76901845475716,0
AUS,2001,15.576880933810848,123.04099950655903,0
AUS,2002,12.327160213611627,111.60360414584683,1
AUS,2003,13.509196281379573,114.53982030800648,0
AUS,2004,42.13897001274541,197.25789822506144,0
AUS,2005,136.33221021509164,479.12178127949056,0
AUS,2006,240.37461003718803,786.5331610443789,0
AUS,2007,422.18126803704257,1326.8237013357534,0
AUS,2008,487.37499090817255,1520.2027183008377,0
AUS,2009,220.84901252174487,716.8229672871436,0
AUS,2010,492.02946922308536,1525.6866948283498,0
AZE,1960,-34.3978334954968,-5.441193840631651,0
AZE,1961,-34.39742698402768,-5.443363016278707,0
AZE,1962,-34.39707468175094,-5.445065179117944,0
AZE,1963,-34.39671334607145,-5.446820597099754,0
AZE,1964,-34.39618999787931,-5.448788313617468,0
AZE,1965,-34.39563784279702,-5.450412920328524,0
AZE,1966,-34.3951008786368,-5.4516928412158165,0
AZE,1967,-34.394471258282636,-5.452607886994941,0
AZE,1968,-34.39380173199105,-5.453294553670239,0
AZE,1969,-34.39308900686691,-5.453866146458837,0
AZE,1970,-34.39235815730836,-5.454192234486999,0
AZE,1971,-34.39157194964875,-5.454479570522374,0
AZE,1972,-34.39062960724634,-5.4545165502689015,0
AZE,1973,-34.38958521887548,-5.454454394071364,0
AZE,1974,-34.38847624143766,-5.454353768326589,0
AZE,1975,-34.38732532593358,-5.454163658475775,0
AZE,1976,-34.38793479706379,-5.449809000493844,0
AZE,1977,-34.38663690845292,-5.449480456102201,0
AZE,1978,-34.38420566348353,-5.451101508346157,0
AZE,1979,-34.38121344271505,-5.454151097599276,0
AZE,1980,-34.37980978831426,-5.454249979358519,0
AZE,1981,-34.378446534399174,-5.454102788936571,0
AZE,1982,-34.37720617883959,-5.454012212938597,0
AZE,1983,-34.375798181284104,-5.453922398538058,0
AZE,1984,-34.37347245942818,-5.455955912512481,0
AZE,1985,-34.371561570119454,-5.45623901606241,0
AZE,1986,-34.370038637729806,-5.456305370567325,0
AZE,1987,-34.368355679072614,-5.456803960423176,0
AZE,1988,-34.36874980963042,-5.4527512426665465,0
AZE,1989,-34.364077962182115,-5.459803707853087,0
AZE,1990,-34.364037460016064,-5.456308217439447,1
AZE,1991,-34.3628713355874,-5.455194766300185,1
AZE,1992,-34.04029334935425,-5.457564724005843,1
AZE,1993,-34.136091149038876,-5.469727271827805,1
AZE,1994,-34.180309598969124,-5.509364363572948,1
AZE,1995,-34.26793137454558,-5.478644188833397,1
AZE,1996,-34.283429074522964,-5.4721569411659345,1
AZE,1997,-34.290589014539165,-5.470948130271522,1
AZE,1998,-34.313889247866335,-5.462586418593622,1
AZE,1999,-34.308117247023375,-5.464730961482218,1
AZE,2000,-34.317469662059644,-5.4592044892803875,1
AZE,2001,-34.258611886296535,-5.476768450320633,1
AZE,2002,-34.23293042484565,-5.483052644109548,1
AZE,2003,-34.169910146760685,-5.501954878912299,1
AZE,2004,-34.14301703584606,-5.508271083224033,1
AZE,2005,-34.10071147643911,-5.519141405831321,1
AZE,2006,-34.08310988330823,-5.520636470344145,1
AZE,2007,-34.029146976919314,-5.529715558375336,1
AZE,2008,-33.99266425604185,-5.5274373553934,1
AZE,2009,-33.675871334052395,-5.287154569816818,1
AZE,2010,-32.85186511858916,-2.8314352338690223,1
BDI,1960,-34.415363565190084,-5.451748657223156,0
BDI,1961,-34.41679022336162,-5.449503195300305,0
BDI,1962,-34.414777756057184,-5.45299043371477,0
BDI,1963,-34.41403885184917,-5.453267909460183,0
BDI,1964,-34.41533010885135,-5.450350776263533,1
BDI,1965,-34.41136253954192,-5.455743251560283,1
BDI,1966,-34.41193767665911,-5.454284892722453,1
BDI,1967,-34.4114054679302,-5.456093941486877,1
BDI,1968,-34.41055208778629,-5.456311364186075,1
BDI,1969,-34.409207320797535,-5.458669503718718,1
BDI,1970,-34.409763567552126,-5.457270575115331,1
BDI,1971,-34.408456357691286,-5.458084346364817,1
BDI,1972,-34.40752395709119,-5.47002154162612,1
BDI,1973,-34.41104818923044,-5.4561811673219,1
BDI,1974,-34.4064057745686,-5.445629909607606,1
BDI,1975,-34.40655281297343,-5.457368658311493,1
BDI,1976,-34.404351365883585,-5.454798854763722,1
BDI,1977,-34.400635253070945,-5.442888143720554,1
BDI,1978,-34.3991237127876,-5.439118287887437,1
BDI,1979,-34.39482908589735,-5.437098633825121,1
BDI,1980,-34.3997256044417,-5.419019493617687,1
BDI,1981,-34.40005848202359,-5.468837974589805,1
BDI,1982,-34.401440199551054,-5.464328235634631,1
BDI,1983,-34.398968520363816,-5.467869210036369,1
BDI,1984,-34.39768955639494,-5.465403231385169,1
BDI,1985,-34.39613652772477,-5.471059473903462,1
BDI,1986,-34.39276998588294,-5.471180743068763,1
BDI,1987,-34.39253578777314,-5.4677256295790295,1
BDI,1988,-34.39189839168965,-5.472055425062749,1
BDI,1989,-34.39241963694807,-5.475201938595893,1
BDI,1990,-34.39049573068352,-5.476948830313923,1
BDI,1991,-34.385766836123096,-5.477743503539105,1
BDI,1992,-34.388174021398974,-5.474029728594627,1
BDI,1993,-34.36304551414289,-5.539220083467515,1
BDI,1994,-34.41159361493437,-5.430953075581623,1
BDI,1995,-34.325608276437244,-5.313140916759753,1
BDI,1996,-34.21522335792599,-5.0028237071595765,1
BDI,1997,-34.38494158488552,-5.487714154665851,1
BDI,1998,-34.38935861437244,-5.479629327735011,1
BDI,1999,-34.38674638230356,-5.4844918331450465,1
BDI,2000,-34.38410483007872,-5.485874688928103,1
BDI,2001,-34.36995338327947,-5.433423766261969,1
BDI,2002,-34.34901980271128,-5.383445133691202,1
BDI,2003,-34.369625669346576,-5.442410116495906,1
BDI,2004,-34.3623697374424,-5.426314591356902,1
BDI,2005,-34.34770502032135,-5.396920630168023,1
BDI,2006,-34.293313174005135,-5.242837492299558,1
BDI,2007,-34.28061831607719,-5.21135519140409,1
BDI,2008,-34.25298062437976,-5.130001883997218,1
BDI,2009,-34.278157529647736,-5.1928479451505725,1
BDI,2010,-34.289363621135266,-5.2595149264082,1
BEN,1960,-34.40353034548562,-5.430651580173845,0
BEN,1961,-34.40341424279981,-5.4320458734415045,0
BEN,1962,-34.40327194797098,-5.433444806435616,0
BEN,1963,-34.40421268306177,-5.434502559735006,0
BEN,1964,-34.40417668845493,-5.435749108560923,0
BEN,1965,-34.405154545291474,-5.436742061200616,0
BEN,1966,-34.405361243088194,-5.437898878666541,0
BEN,1967,-34.402579578215146,-5.439737294180806,0
BEN,1968,-34.40245866983701,-5.440896430192915,0
BEN,1969,-34.40224167408505,-5.44206330960017,0
BEN,1970,-34.40099890143564,-5.4433941039749385,0
BEN,1971,-34.40075212395439,-5.444552481803432,0
BEN,1972,-34.40058030606516,-5.445615995941686,0
BEN,1973,-34.400748325182526,-5.446546828788695,0
BEN,1974,-34.40069606965395,-5.447502669571781,0
BEN,1975,-34.40070330622167,-5.4483927739670985,0
BEN,1976,-34.40039030179419,-5.449336151927413,0
BEN,1977,-34.40009821873604,-5.450214620147898,0
BEN,1978,-34.399737157899004,-5.4511087715394835,0
BEN,1979,-34.399324335204945,-5.451922138947847,0
BEN,1980,-34.398439403468885,-5.452756537600169,0
BEN,1981,-34.39792178118612,-5.453759376994596,0
BEN,1982,-34.3973682125151,-5.454759031188486,0
BEN,1983,-34.397176785472126,-5.455637166409919,0
BEN,1984,-34.393783984852355,-5.4575260477109095,0
BEN,1985,-34.39351276327026,-5.458325227359511,0
BEN,1986,-34.391606159376195,-5.459609471743362,0
BEN,1987,-34.39037373773001,-5.46064555725285,0
BEN,1988,-34.37894077323132,-5.465164658069021,0
BEN,1989,-34.390714207784775,-5.46167170933803,0
BEN,1990,-34.39022308769031,-5.462476101140083,0
BEN,1991,-34.3895832848813,-5.463310066207717,0
BEN,1992,-34.38877418973886,-5.464060425059949,0
BEN,1993,-34.39209680586434,-5.451492132944372,0
BEN,1994,-34.380224395593785,-5.474346063519883,0
BEN,1995,-34.380237802069644,-5.471290583051534,0
BEN,1996,-34.380795960646225,-5.469529752698963,0
BEN,1997,-34.37978920489635,-5.469191896944033,0
BEN,1998,-34.35923348320105,-5.411643489385866,0
BEN,1999,-34.37698887007867,-5.469400356172326,0
BEN,2000,-34.37703794075069,-5.471065989557638,0
BEN,2001,-34.37373649008854,-5.470289874644648,0
BEN,2002,-34.36962182186622,-5.469331781387203,0
BEN,2003,-34.36850328583072,-5.472900643920988,0
BEN,2004,-34.366837915947656,-5.47386220798551,0
BEN,2005,-34.30881071441189,-5.490635515956548,0
BEN,2006,-34.29038086318418,-5.494310987810973,0
BEN,2007,-34.309803583707044,-5.487776056400742,0
BEN,2008,-34.30086108309463,-5.488255306288243,0
BEN,2009,-34.281596682599066,-5.492490552481478,0
BEN,2010,-34.2682407179504,-5.492795062254806,0
BFA,1960,-34.39696641856851,-5.461524777091932,0
BFA,1961,-34.396136269825966,-5.46151002570776,0
BFA,1962,-34.39541691191,-5.46154548207995,0
BFA,1963,-34.39470981462853,-5.4616409619181505,0
BFA,1964,-34.39405038554509,-5.461812139811277,0
BFA,1965,-34.39346056038832,-5.461932864416615,0
BFA,1966,-34.39259681171759,-5.462403159021915,0
BFA,1967,-34.391858281059626,-5.462647185584244,0
BFA,1968,-34.391122268462944,-5.463137960024148,0
BFA,1969,-34.39043443041189,-5.463671633426638,0
BFA,1970,-34.38950234213269,-5.464175174861022,0
BFA,1971,-34.388537883942206,-5.465193675190147,0
BFA,1972,-34.38799482678326,-5.465576714625554,0
BFA,1973,-34.38705887522421,-5.4662222400693965,0
BFA,1974,-34.386406713764366,-5.466431004769525,0
BFA,1975,-34.38551650067728,-5.467055399814479,0
BFA,1976,-34.38460016859972,-5.467789028793361,0
BFA,1977,-34.383805968797695,-5.468248038424914,0
BFA,1978,-34.382432069591275,-5.469184661615411,0
BFA,1979,-34.381219329894726,-5.4700471323391735,0
BFA,1980,-34.380081359513156,-5.470700319518526,0
BFA,1981,-34.37842273893958,-5.471998192566412,0
BFA,1982,-34.377095967210174,-5.472835097209312,0
BFA,1983,-34.35644338207274,-5.480086851746012,0
BFA,1984,-34.33634771244072,-5.403722385560234,1
BFA,1985,-34.321898395679796,-5.3445767923754195,0
BFA,1986,-34.26108798296849,-5.168616115288894,1
BFA,1987,-34.246284404065925,-5.128883953014687,1
BFA,1988,-34.23717479521868,-5.096986296175041,1
BFA,1989,-34.29489043674186,-5.275611331482071,1
BFA,1990,-34.3178410762509,-5.349957429212885,1
BFA,1991,-34.22310646255044,-5.075362233378926,1
BFA,1992,-34.34967877030602,-5.458596961444435,1
BFA,1993,-34.359358934548126,-5.490116471882065,1
BFA,1994,-34.306827318616314,-5.338136316268798,1
BFA,1995,-34.31643386218074,-5.373525131350958,1
BFA,1996,-34.28155314344041,-5.293829339721542,1
BFA,1997,-34.293547071623735,-5.3433745540666235,1
BFA,1998,-34.30291600205409,-5.369839053066886,1
BFA,1999,-34.32365986358796,-5.431030036376995,1
BFA,2000,-34.32355721946637,-5.427889659407861,1
BFA,2001,-34.33613845021324,-5.473738537580961,1
BFA,2002,-34.31426513277634,-5.4173743461790895,1
BFA,2003,-34.32826438699314,-5.470220898085544,1
BFA,2004,-34.30826142617131,-5.421017867407563,1
BFA,2005,-34.26749663683218,-5.346094742874472,1
BFA,2006,-34.1167682277986,-5.014091783302089,1
BFA,2007,-34.265123597815446,-5.530114251446634,1
BFA,2008,-33.40680042324518,-3.049110083060336,1
BFA,2009,-31.5893876194327,2.487334357293106,1
BFA,2010,-25.5775541258629,20.452845284408077,1
BGD,1960,-25.643741043603736,-8.467542059538584,0
BGD,1961,-25.400073863546297,-8.550155775898997,0
BGD,1962,-25.14780801118672,-8.637014330924496,0
BGD,1963,-24.895745936057992,-8.724807722369443,0
BGD,1964,-24.62767433978534,-8.816730620437083,0
BGD,1965,-24.06515042458779,-9.005730753852863,0
BGD,1966,-24.071569147857886,-9.010143825051768,0
BGD,1967,-23.78321147873021,-9.108437004810462,0
BGD,1968,-23.76811021723929,-9.11867707793525,0
BGD,1969,-23.161681902766148,-9.333751114065842,0
BGD,1970,-22.840883518700284,-9.440372079301351,0
BGD,1971,-22.270655959000045,-9.612756259184515,0
BGD,1972,-22.153796989560146,-9.687783755928667,0
BGD,1973,-21.80275694642652,-9.794092069392294,0
BGD,1974,-21.700748910784068,-9.84730425769693,1
BGD,1975,-21.307161649957678,-9.993132214310048,1
BGD,1976,-20.65772897275119,-10.215147844247337,1
BGD,1977,-20.609024483845552,-10.236369074231337,1
BGD,1978,-19.65394465888376,-10.559905297964786,1
BGD,1979,-18.85688331428541,-10.830135942655843,1
BGD,1980,-18.217536668237805,-11.046797659743714,1
BGD,1981,-17.23898231022005,-11.35089111683423,1
BGD,1982,-16.393098059998355,-11.634226931290755,1
BGD,1983,-15.456385601669222,-11.95404458718652,1
BGD,1984,-13.73570079823763,-12.535681651496287,1
BGD,1985,-12.564115847084278,-12.93378213846864,1
BGD,1986,-9.003566965226128,-14.129615540963457,1
BGD,1987,-5.3677811718547055,-15.349903796145384,1
BGD,1988,-3.6832613332622905,-15.91731759198085,1
BGD,1989,-2.382135960550258,-16.355514604385395,1
BGD,1990,-0.8278319620056678,-16.877177905330242,1
BGD,1991,2.3005089115010406,-17.91103477254192,0
BGD,1992,5.005920592144555,-18.81793650168757,0
BGD,1993,6.8735769162162015,-19.4455830704165,1
BGD,1994,11.363217653760422,-20.94257482679133,1
BGD,1995,20.331890766125177,-23.94192589173798,1
BGD,1996,30.84587026879118,-27.457009604599662,1
BGD,1997,48.93217159494365,-33.50082565696517,1
BGD,1998,64.00255374991198,-38.53713176015209,1
BGD,1999,67.15515999243368,-39.5906701586837,1
BGD,2000,78.00725472577659,-43.23377129398883,1
BGD,2001,87.44085550021492,-46.40239914319691,1
BGD,2002,99.98332118830078,-50.598213386465105,1
BGD,2003,111.91494602452741,-54.589132671360225,1
BGD,2004,121.7237295876264,-57.87050014767552,1
BGD,2005,116.245784204822,-56.04433751699419,1
BGD,2006,117.96982913707609,-56.622806209724885,0
BGD,2007,127.09631308062569,-59.672672154113506,0
BGD,2008,137.23226501235146,-63.057903532129934,0
BGD,2009,147.23447939008318,-66.39271001555777,0
BGD,2010,188.55515714272917,-80.18919289359353,0
BIH,1960,-34.40405739144173,-5.44483321774844,0
BIH,1961,-34.403130168452584,-5.445657329727539,0
BIH,1962,-34.40203305381077,-5.446452265122653,0
BIH,1963,-34.40116749443098,-5.4465086890146885,0
BIH,1964,-34.40007411643669,-5.4463351924120245,0
BIH,1965,-34.39895815220353,-5.445940794530818,0
BIH,1966,-34.39763230584535,-5.445295112207291,0
BIH,1967,-34.39642180786016,-5.444355122279527,0
BIH,1968,-34.39536092634132,-5.443297017991849,0
BIH,1969,-34.394194420931306,-5.442184595991299,0
BIH,1970,-34.39323733673757,-5.440648492160044,0
BIH,1971,-34.39238045143189,-5.439030366373893,0
BIH,1972,-34.39116439375291,-5.4379694482499685,0
BIH,1973,-34.389888510748115,-5.436753344122078,0
BIH,1974,-34.38848649269799,-5.435334656010397,0
BIH,1975,-34.38695583073634,-5.4337792110873755,0
BIH,1976,-34.38542527144244,-5.432113154583839,0
BIH,1977,-34.383921485971754,-5.430374108519191,0
BIH,1978,-34.38252652520082,-5.428687511698399,0
BIH,1979,-34.38131710631347,-5.427025751525135,0
BIH,1980,-34.38020288369032,-5.425538973254363,0
BIH,1981,-34.37908940859453,-5.424479026183617,0
BIH,1982,-34.37837404135764,-5.423399560663886,0
BIH,1983,-34.37778280847095,-5.422558980233447,0
BIH,1984,-34.37700320426034,-5.421760483877043,0
BIH,1985,-34.37596783233283,-5.420903739382593,0
BIH,1986,-34.374709920204474,-5.420060429377524,0
BIH,1987,-34.37346605788798,-5.41912207564938,0
BIH,1988,-34.37220714393687,-5.418139970483574,0
BIH,1989,-34.37098219384386,-5.416858639733085,0
BIH,1990,-34.36955570374827,-5.415640961192293,0
BIH,1991,-34.36798713361176,-5.414296992055692,1
BIH,1992,-34.33723703405658,-5.40219733187518,1
BIH,1993,-34.35610871522757,-5.393353133809515,1
BIH,1994,-34.354657123721864,-5.381723456942885,1
BIH,1995,-34.371663731219286,-5.374485429940965,0
BIH,1996,-34.37157747547359,-5.373632668271947,0
BIH,1997,-34.365673234500434,-5.384835352187733,0
BIH,1998,-34.355836844355636,-5.373324709414482,0
BIH,1999,-34.35501019034668,-5.375148766559087,0
BIH,2000,-34.34745744941223,-5.361372633569406,0
BIH,2001,-34.34974533295695,-5.372677812740549,0
BIH,2002,-33.55656569903764,-5.644552453313121,0
BIH,2003,-33.22345664098572,-5.751736339971111,0
BIH,2004,-33.25048323484439,-5.707601380928105,0
BIH,2005,-32.94211827144714,-5.159945457525511,0
BIH,2006,-32.831720007231546,-5.141001779268398,0
BIH,2007,-32.63917419490292,-4.4698405276071105,0
BIH,2008,-32.59735574367394,-4.426461071871511,0
BIH,2009,-32.88207519413963,-5.293341012929127,0
BIH,2010,-32.59261820227334,-4.424569592952906,0
BOL,1960,-34.24585103762802,-4.979864659083277,1
BOL,1961,-34.24551757221263,-4.980659371778641,1
BOL,1962,-34.245008842807046,-4.981448996331547,1
BOL,1963,-34.24462097063638,-4.982194959856934,1
BOL,1964,-34.24415174708647,-4.982957091253496,1
BOL,1965,-34.24372348343547,-4.983672201368845,1
BOL,1966,-34.243209545298434,-4.9844105253986255,1
BOL,1967,-34.24271112839854,-4.98511680526109,0
BOL,1968,-34.242170132026956,-4.985844275076077,0
BOL,1969,-34.24157355457039,-4.986611082430523,0
BOL,1970,-34.240871490702844,-4.987316818399173,0
BOL,1971,-34.31775571302894,-5.220309728510823,0
BOL,1972,-34.28668315713877,-5.130723747690901,0
BOL,1973,-33.718966303596595,-3.4357414623100415,0
BOL,1974,-32.73249809170852,-0.4880704383306007,0
BOL,1975,-34.12395324129613,-4.653892257998887,0
BOL,1976,-34.1557103301688,-4.75265174798496,0
BOL,1977,-32.9407995319782,-1.122595579897375,0
BOL,1978,-32.684023955619686,-0.35837197615754857,0
BOL,1979,-32.05584094056501,1.5157234522233907,0
BOL,1980,-30.97985641338388,4.729832307906889,0
BOL,1981,-33.17443896104691,-1.8391185919901822,0
BOL,1982,-33.57741934037529,-3.047380923428911,0
BOL,1983,-33.45059942188022,-2.6716675827062826,0
BOL,1984,-33.68957232017747,-3.390467125619248,0
BOL,1985,-34.06203412666121,-4.508471638234493,0
BOL,1986,-34.345705523661664,-5.3609169199428015,0
BOL,1987,-34.141605474805324,-4.806546458778871,0
BOL,1988,-32.62560166550434,-0.29371253619437443,0
BOL,1989,-31.539647431745305,2.8228414574972245,0
BOL,1990,-32.1282550552276,0.9621742259446266,0
BOL,1991,-33.18285286684558,-2.019570399424154,0
BOL,1992,-33.27069443019073,-2.326173529350749,0
BOL,1993,-33.87204024423461,-4.345603113659983,0
BOL,1994,-32.14912912299515,0.8193127791070838,0
BOL,1995,-31.38811580112859,3.089209907001509,0
BOL,1996,-32.02892881950913,1.2985245945578043,0
BOL,1997,-32.11317731705327,1.0275111060849458,0
BOL,1998,-33.96794492999854,-4.518412835907137,0
BOL,1999,-33.926042983000556,-4.415124062757625,0
BOL,2000,-33.805548588313414,-4.055738519513703,0
BOL,2001,-34.10034971359922,-4.910315162042806,0
BOL,2002,-33.79138433197645,-4.048083474572695,0
BOL,2003,-33.90584639074313,-4.377489980705357,0
BOL,2004,-33.31798797577419,-2.662053931636845,0
BOL,2005,-32.52281521867935,-0.2851235107840635,0
BOL,2006,-25.59605416799004,20.418748908820724,0
BOL,2007,-22.108848482331197,30.768681336120807,0
BOL,2008,-22.67596232553963,29.002297091956265,0
BOL,2009,-28.2985196225659,12.104984431722508,0
BOL,2010,-21.006967990320888,33.86053743545534,0
CAF,1960,-34.41866984477748,-5.4341086255704845,0
CAF,1961,-34.41870642192616,-5.434750481854891,0
CAF,1962,-34.41873067194175,-5.435390289424888,0
CAF,1963,-34.4186584341749,-5.436043397827687,0
CAF,1964,-34.41862940577012,-5.436650255628866,0
CAF,1965,-34.418453829683266,-5.437215815291757,0
CAF,1966,-34.418170457431586,-5.437792158615053,0
CAF,1967,-34.417884798906414,-5.438383237432862,0
CAF,1968,-34.4177613084312,-5.43898078000692,0
CAF,1969,-34.417401577594134,-5.43959159862834,0
CAF,1970,-34.41681799665367,-5.440318073698133,0
CAF,1971,-34.41629162877856,-5.441029560080096,0
CAF,1972,-34.4160525201268,-5.441545423680354,0
CAF,1973,-34.41555353731694,-5.441972314077364,0
CAF,1974,-34.415058091544516,-5.442412226980812,0
CAF,1975,-34.414602982174436,-5.442938626534219,0
CAF,1976,-34.411254801085505,-5.445910212181315,0
CAF,1977,-34.4079815514148,-5.44727964362936,0
CAF,1978,-34.40485730010672,-5.4490284396890845,0
CAF,1979,-34.40068231595968,-5.447463504246497,0
CAF,1980,-34.394740370085884,-5.440022271359798,0
CAF,1981,-34.39461789590102,-5.448787652934787,0
CAF,1982,-34.392162949894264,-5.452345228546788,0
CAF,1983,-34.387188931525095,-5.448168296024253,0
CAF,1984,-34.35246268169007,-5.447204767529967,0
CAF,1985,-34.357826546272904,-5.45247769477227,0
CAF,1986,-34.374094877009206,-5.448707228982754,0
CAF,1987,-34.38709760342981,-5.429480056027171,0
CAF,1988,-34.384612260326364,-5.414374214956814,0
CAF,1989,-34.39593311076891,-5.444458854097981,0
CAF,1990,-34.392516608848275,-5.44842855493786,0
CAF,1991,-34.390240562120916,-5.443147127199409,0
CAF,1992,-34.35453276565047,-5.467988239563292,0
CAF,1993,-34.360294389899245,-5.4664466144871815,0
CAF,1994,-34.356273432306004,-5.4308735018159755,0
CAF,1995,-34.37284877117584,-5.461825111009378,0
CAF,1996,-34.379333209541144,-5.445860925482886,0
CAF,1997,-34.39324000106854,-5.45023370137336,0
CAF,1998,-34.39517976248811,-5.45763128873727,0
CAF,1999,-34.389317903230356,-5.462872330099636,0
CAF,2000,-34.388891750573144,-5.465053663934631,1
CAF,2001,-34.385257372383066,-5.4685792006181355,1
CAF,2002,-34.385432612179166,-5.463590512277327,1
CAF,2003,-34.38442140275365,-5.468921721280212,1
CAF,2004,-34.383959320720066,-5.470174629735248,1
CAF,2005,-34.38272811876253,-5.469181346461207,1
CAF,2006,-34.37777677175588,-5.471442776773595,1
CAF,2007,-34.37729643218818,-5.470444247023429,1
CAF,2008,-34.37104167445587,-5.454764846543401,1
CAF,2009,-34.37025583011527,-5.445032477357914,1
CAF,2010,-34.35876805748393,-5.4339547243910316,1
CHL,1960,-20.555663955511953,35.619537357741095,0
CHL,1961,-20.538629837439274,35.615566829845264,0
CHL,1962,-20.501971381489035,35.60664376489451,0
CHL,1963,-20.477363606411338,35.60076922220205,0
CHL,1964,-20.408135995489765,35.583849961166095,0
CHL,1965,-20.477428485841596,35.600914759659055,0
CHL,1966,-20.346605583790573,35.56736658783158,0
CHL,1967,-20.411455092777707,35.584870195072675,0
CHL,1968,-20.353021043957884,35.57033620687308,0
CHL,1969,-20.39427373293738,35.58072087651823,0
CHL,1970,-20.375795522285266,35.57694887119175,0
CHL,1971,-23.891615923804174,24.88757247998739,0
CHL,1972,-24.456907348194324,23.53238834417622,1
CHL,1973,-15.863980948172465,49.23340940677393,0
CHL,1974,-8.448977806810703,71.11378385295507,0
CHL,1975,-22.1954413506831,30.03858658414186,0
CHL,1976,-16.85199630624174,45.656879900362355,0
CHL,1977,-18.279991698725667,41.36604305482691,0
CHL,1978,-18.754163647669547,39.456075873589995,0
CHL,1979,-8.082534534964523,70.76147170168105,0
CHL,1980,-3.4834573018040125,84.08632373214239,0
CHL,1981,-12.116904606638709,57.54046256642539,0
CHL,1982,-13.755666896051263,51.03018566025294,0
CHL,1983,-11.169374906744675,60.469082288892906,0
CHL,1984,-13.953568421836454,48.13437449826696,0
CHL,1985,-12.391358078429036,53.25993482985505,0
CHL,1986,-14.134939959176723,46.28716265541324,0
CHL,1987,-5.081049649151769,71.51864649588444,0
CHL,1988,17.307862736728616,127.89622779738592,0
CHL,1989,32.12072495789338,160.7614454072349,0
CHL,1990,28.753428244318343,140.664568712455,0
CHL,1991,12.089521095013644,70.8607958698515,0
CHL,1992,12.040598573695192,64.26343599333164,0
CHL,1993,6.379174773223916,36.97525582550199,0
CHL,1994,30.166244105475023,79.8033696694452,0
CHL,1995,63.95279054345749,168.26712198551326,0
CHL,1996,76.96796729727134,141.86548617722838,0
CHL,1997,89.90462411012555,151.7860071889305,0
CHL,1998,54.99422263054526,56.38417510249786,0
CHL,1999,60.26816500754095,102.65165671168572,0
CHL,2000,103.30239923064028,164.49602138570745,0
CHL,2001,108.6856629254585,64.65661016332528,0
CHL,2002,101.31577101786397,50.40632553794221,0
CHL,2003,124.10562912429316,124.48451543723361,0
CHL,2004,241.4206099015457,424.68896250203375,0
CHL,2005,282.0880193221537,522.3225843118004,0
CHL,2006,548.0067436860418,1265.5891573240947,0
CHL,2007,581.9078320029473,1381.8755880704337,0
CHL,2008,494.2517152989692,1083.3847493873866,0
CHL,2009,349.4551878215015,644.556765089977,0
CHL,2010,449.9181124617723,1039.8757346416346,0
CHN,1960,136.40928862505802,-54.41366566530483,1
CHN,1961,105.77857499705118,-44.16707458734663,1
CHN,1962,99.62678499505878,-42.11914711471602,1
CHN,1963,119.31660435698302,-48.72709283110578,1
CHN,1964,146.5559242403181,-57.94767591703683,1
CHN,1965,170.74022407800902,-65.97003593369696,1
CHN,1966,198.16642885801198,-75.15702767675626,1
CHN,1967,197.45337701149867,-74.85651311292096,1
CHN,1968,196.05630771850701,-74.5220790103535,1
CHN,1969,231.35756935567312,-86.35292859899246,1
CHN,1970,225.930730911381,-84.5841190648572,1
CHN,1971,277.99756977486356,-104.22450877456244,1
CHN,1972,311.40942646808276,-115.73090950242144,1
CHN,1973,286.39286301394685,-98.87282132454453,1
CHN,1974,315.45714988755714,-98.35522981709596,1
CHN,1975,343.08434540721714,-118.7816213618866,1
CHN,1976,337.2734104614649,-107.70215815992667,1
CHN,1977,454.0610351960632,-142.4583741989057,1
CHN,1978,485.2799902625078,-161.63970689132546,1
CHN,1979,475.2587661091341,-143.79308785474544,1
CHN,1980,511.89085506820254,-149.41008187233442,1
CHN,1981,505.78824549664034,-127.96490118168666,1
CHN,1982,540.5692121402927,-150.86197417079777,1
CHN,1983,610.0959028602207,-168.30003696609842,1
CHN,1984,710.8960567998554,-212.76280995141195,1
CHN,1985,838.1529353640133,-257.4608011531942,1
CHN,1986,934.3335632665734,-297.1405492206762,1
CHN,1987,1062.1804608073912,-320.6290495578375,1
CHN,1988,1282.739307162829,-252.6843445794374,1
CHN,1989,1374.1460369507713,-388.06565778888046,1
CHN,1990,1421.7236156267325,-410.75297894038334,1
CHN,1991,1654.488198054654,-448.1866849875322,1
CHN,1992,2076.6841271681674,-587.1519193739991,1
CHN,1993,2580.631387619287,-789.1614815618013,1
CHN,1994,3100.947618322221,-917.4272546004927,1
CHN,1995,3599.7657265178286,-1080.1293785352996,1
CHN,1996,3970.177958642529,-1275.0300247168516,1
CHN,1997,4020.083154375942,-1285.159669471963,1
CHN,1998,4359.186406789833,-1354.572702838996,1
CHN,1999,4749.184439987532,-1498.8601908635524,1
CHN,2000,5032.8002983745755,-1634.750981826706,1
CHN,2001,5258.256728729245,-1721.8856574680606,1
CHN,2002,5615.744155567571,-1810.9638223282288,1
CHN,2003,5917.329386086544,-1883.536412465282,1
CHN,2004,6355.916863620715,-1855.315010605656,1
CHN,2005,6811.165041959391,-1490.2345915836104,1
CHN,2006,7484.059882303642,-585.2232789161791,1
CHN,2007,8547.321922533354,1683.8084163843585,1
CHN,2008,9318.529931243922,3122.2843271253855,1
CHN,2009,8650.582425318444,4.518388304548576,1
CHN,2010,10453.466994139242,4425.3515094655395,1
CIV,1960,-34.40570046701317,-5.458218699554447,0
CIV,1961,-34.404475961306446,-5.4580823973194175,0
CIV,1962,-34.403167183238544,-5.458223428018793,0
CIV,1963,-34.401646994215646,-5.458704899939484,0
CIV,1964,-34.39895128812978,-5.459549432893895,0
CIV,1965,-34.39687691337455,-5.460227623926164,0
CIV,1966,-34.395312426102805,-5.460367561289817,0
CIV,1967,-34.393128693206755,-5.461238823722677,0
CIV,1968,-34.39145316129498,-5.461957707924929,0
CIV,1969,-34.39047443796244,-5.462073767688951,0
CIV,1970,-34.389822902330565,-5.461745707735073,0
CIV,1971,-34.38634128789533,-5.462216467710446,0
CIV,1972,-34.38509177825153,-5.462419183009461,0
CIV,1973,-34.38552342079748,-5.462671883126811,0
CIV,1974,-34.382487835525744,-5.4639014134812065,0
CIV,1975,-34.381591931662236,-5.464697144686637,0
CIV,1976,-34.37414782202454,-5.472629847370275,0
CIV,1977,-34.37442123607968,-5.472460995597073,0
CIV,1978,-34.37351238104833,-5.4728614196616,0
CIV,1979,-34.37060820387743,-5.473602918846723,0
CIV,1980,-34.36952112871414,-5.474692659394362,0
CIV,1981,-34.36676180117535,-5.476447345279814,0
CIV,1982,-34.364964120871235,-5.478198803401614,0
CIV,1983,-34.3617017872221,-5.480459391094685,0
CIV,1984,-34.35664694753537,-5.483598219908511,0
CIV,1985,-34.342750987068214,-5.489204248609147,0
CIV,1986,-34.313718903963895,-5.500301937649765,0
CIV,1987,-34.30834620076347,-5.503536429568135,0
CIV,1988,-34.31735526328432,-5.500296391368323,0
CIV,1989,-34.31347559675882,-5.5016510777853975,0
CIV,1990,-34.3224699428838,-5.498302472709966,0
CIV,1991,-34.29566046727607,-5.508503260717321,0
CIV,1992,-34.271006100898276,-5.478242726644027,0
CIV,1993,-34.26438596949391,-5.487065602128041,0
CIV,1994,-34.199706660763624,-5.177600987222964,0
CIV,1995,-33.96401116682055,-4.636269691700602,0
CIV,1996,-34.129711347846055,-5.566001236743998,0
CIV,1997,-34.12788029938589,-5.192542286815157,0
CIV,1998,-34.16492943170856,-5.55742903558272,0
CIV,1999,-34.130274540724066,-5.581405724274191,0
CIV,2000,-34.09229919653188,-5.596296684001923,0
CIV,2001,-34.1182186374071,-5.589472721062628,1
CIV,2002,-34.15240140915894,-5.579974801476768,1
CIV,2003,-34.08763786717177,-5.4327250026364755,1
CIV,2004,-34.137699145515015,-5.588001743727859,1
CIV,2005,-34.136095958392495,-5.590028061659139,1
CIV,2006,-34.0852730210912,-5.457013083796646,1
CIV,2007,-34.05685490893505,-5.618628299001757,1
CIV,2008,-33.346020934231724,-3.5080793153014094,1
CIV,2009,-32.45217838920706,-0.881765634703406,1
CIV,2010,-33.30433495271299,-3.655349342120277,1
CMR,1960,-34.38330209965923,-5.455594008688258,1
CMR,1961,-34.38208691019723,-5.456109374427396,1
CMR,1962,-34.38027592567801,-5.4555442923880975,1
CMR,1963,-34.37908990150073,-5.456177112343102,1
CMR,1964,-34.378041164766174,-5.456707069531303,1
CMR,1965,-34.37678022980121,-5.457345340471271,1
CMR,1966,-34.37549005922656,-5.458007845956392,1
CMR,1967,-34.3742719279681,-5.458700375649922,1
CMR,1968,-34.37283428097457,-5.459542448457607,1
CMR,1969,-34.37119038737545,-5.460484429250865,1
CMR,1970,-34.36981895154418,-5.461325274614099,1
CMR,1971,-34.369321226308486,-5.462378834166203,1
CMR,1972,-34.36873167646111,-5.463089445427184,1
CMR,1973,-34.36788913311983,-5.463900135728054,1
CMR,1974,-34.366909572674395,-5.46476297650736,1
CMR,1975,-34.36380992137032,-5.466180305348028,1
CMR,1976,-34.36100509392233,-5.469087820884674,1
CMR,1977,-34.35889969491315,-5.47023866972682,1
CMR,1978,-34.35757811929073,-5.470037949156949,1
CMR,1979,-34.35171989030485,-5.4732515474903565,1
CMR,1980,-34.35021297855279,-5.468217944115456,1
CMR,1981,-34.34368940790321,-5.47486151452038,1
CMR,1982,-34.32947808264449,-5.492917957692035,1
CMR,1983,-34.32815378584999,-5.485549132278727,1
CMR,1984,-34.300964833662285,-5.493446305620548,1
CMR,1985,-34.32500253144357,-5.4866548216123485,1
CMR,1986,-34.324252234964774,-5.487680167127062,1
CMR,1987,-34.32000559638535,-5.48952615159522,1
CMR,1988,-34.31226209755086,-5.494048527479934,1
CMR,1989,-34.31552728564503,-5.494228693046599,1
CMR,1990,-34.318679337938356,-5.4938827196885915,1
CMR,1991,-34.3215953768432,-5.494081539726709,1
CMR,1992,-34.32182107999743,-5.4954382160423405,1
CMR,1993,-34.32171483935293,-5.496168959603813,1
CMR,1994,-34.316840187619185,-5.498642459295173,1
CMR,1995,-34.28716893243387,-5.431324755883614,1
CMR,1996,-34.23156282127246,-5.2774321673853395,1
CMR,1997,-34.254669146278786,-5.363358551556534,1
CMR,1998,-34.25984365370128,-5.390956412186203,1
CMR,1999,-34.26973871365875,-5.433421562101537,1
CMR,2000,-34.252810164176154,-5.385438458973294,1
CMR,2001,-34.23448005348647,-5.401712710320815,1
CMR,2002,-34.16847104049481,-5.319632145710276,1
CMR,2003,-34.202062125302255,-5.457716717245097,1
CMR,2004,-34.18457849390002,-5.428742583975185,1
CMR,2005,-34.155545369773556,-5.366619186341204,1
CMR,2006,-34.04359283590868,-5.059814539628432,1
CMR,2007,-34.00068417868864,-5.003684266330878,1
CMR,2008,-33.946381671142504,-4.863520976625656,1
CMR,2009,-33.83299596277821,-4.546884967369131,1
CMR,2010,-33.756686758454485,-4.351062367441989,1
COD,1960,-32.83394831809554,-1.0935951009947615,1
COD,1961,-32.831688882128255,-1.094586119292896,1
COD,1962,-32.82841581973184,-1.0960723648474309,1
COD,1963,-32.82651724543572,-1.0973740385089146,1
COD,1964,-32.82265983106474,-1.0990575044045983,1
COD,1965,-32.81868930286185,-1.1000655940373685,1
COD,1966,-32.8140025023736,-1.102788618269587,1
COD,1967,-32.808869871065426,-1.1045210055308328,1
COD,1968,-32.79885334011256,-1.1088033704694782,1
COD,1969,-32.79067776672484,-1.1129758046831055,1
COD,1970,-32.7880753184617,-1.1155396879311876,1
COD,1971,-33.18228924825563,-2.312454145140239,1
COD,1972,-33.114326700490636,-2.1223461853919097,1
COD,1973,-31.286304961323022,3.3139909232314686,1
COD,1974,-30.42286303020371,5.894889465889179,1
COD,1975,-32.841392639328774,-1.3483314745228956,1
COD,1976,-32.72008535853046,-1.0093259677809039,1
COD,1977,-33.091595085643,-2.131171805726032,1
COD,1978,-33.1081124798397,-2.1390310919824684,1
COD,1979,-32.49606217743104,-0.3551509650276481,1
COD,1980,-31.914244379004074,1.3417913500318033,1
COD,1981,-32.51666292560488,-0.4809986643021986,1
COD,1982,-32.96262552606695,-1.8274574449095935,1
COD,1983,-32.53473094867329,-0.5626278819677362,1
COD,1984,-32.8114258047491,-1.4779562970780913,1
COD,1985,-32.91537002290702,-1.8874682369449953,1
COD,1986,-33.10373692294069,-2.778362633202054,1
COD,1987,-32.395787747467885,-0.702264086491966,1
COD,1988,-30.86786458679768,3.8162796768981124,1
COD,1989,-30.413958187954815,5.137511578976538,1
COD,1990,-31.53625620848635,1.8122480080305579,1
COD,1991,-33.57243477167838,-4.342412029249447,1
COD,1992,-33.85071977632375,-5.203693446984581,1
COD,1993,-33.936741238258,-5.490679550144036,1
COD,1994,-33.91002721915641,-5.203129337852578,1
COD,1995,-33.87320775730787,-5.437990344395616,1
COD,1996,-33.79292870964851,-5.330288030551189,1
COD,1997,-33.81683676976245,-5.592123576332092,1
COD,1998,-33.710578043885036,-5.6091436241167605,1
COD,1999,-33.65768660951104,-5.641218903289027,1
COD,2000,-33.63274979690331,-5.682949138160688,1
COD,2001,-33.51866158353586,-5.766268216901688,1
COD,2002,-33.468311943052385,-5.797258122064747,1
COD,2003,-33.203940024037216,-5.067961778489612,1
COD,2004,-33.14461213435726,-4.913424480464245,1
COD,2005,-32.415869830089626,-2.8073182995413535,1
COD,2006,-27.990790500400237,10.364482968684335,1
COD,2007,-30.172025994632623,3.773157352410724,1
COD,2008,-24.695136188373446,20.10533373995709,1
COD,2009,-24.93348327140499,19.34544517754525,1
COD,2010,-15.594438276659709,47.234248560400054,1
COG,1960,-34.4235978216466,-5.4305862672245375,0
COG,1961,-34.423518216766205,-5.4308111554717495,0
COG,1962,-34.42319578150639,-5.431151528543347,0
COG,1963,-34.42313925620244,-5.431437982311081,0
COG,1964,-34.4228788684436,-5.431792672508791,0
COG,1965,-34.42272468407484,-5.432136070892551,0
COG,1966,-34.422598821003,-5.432499138533689,0
COG,1967,-34.42261732065986,-5.432875053789525,0
COG,1968,-34.42241652452326,-5.433269883009115,0
COG,1969,-34.42233261948448,-5.433670808105646,0
COG,1970,-34.4220761383989,-5.43405711967173,0
COG,1971,-34.417752033349466,-5.422830758086228,0
COG,1972,-34.40323389316349,-5.384785754728055,0
COG,1973,-34.35846033032064,-5.250624566706621,0
COG,1974,-34.37471950651299,-5.301194167554291,0
COG,1975,-34.3713574969605,-5.294040619973426,0
COG,1976,-34.39033637558257,-5.353777980467937,0
COG,1977,-34.40239945986756,-5.389424543375811,0
COG,1978,-34.391055730801185,-5.357445739875614,0
COG,1979,-34.34617966373791,-5.22603768410334,0
COG,1980,-34.35297418638536,-5.248657993766456,0
COG,1981,-34.38852591206104,-5.354944660040111,0
COG,1982,-34.4073780512357,-5.4133376696868405,0
COG,1983,-34.404466550484585,-5.435705112266142,0
COG,1984,-34.40856836345768,-5.443858099972695,0
COG,1985,-34.40292431578045,-5.4353226446132625,0
COG,1986,-34.39541130401114,-5.432964484824903,0
COG,1987,-34.3774977438992,-5.40159004531322,0
COG,1988,-34.21658111161438,-4.956609597499152,0
COG,1989,-34.34703622211748,-5.387528645815107,0
COG,1990,-34.31883185453746,-5.3051783130207735,0
COG,1991,-34.23318297391897,-5.050733584129603,0
COG,1992,-34.35183321998463,-5.376159006364922,1
COG,1993,-34.35536639492015,-5.414813795856763,1
COG,1994,-34.31222112197979,-5.224400146172722,1
COG,1995,-34.368267668409985,-5.40591043563564,1
COG,1996,-34.33762895804651,-5.298543174521284,1
COG,1997,-34.21224135897208,-4.920867351448294,1
COG,1998,-34.38472111418031,-5.458119506574345,1
COG,1999,-34.37510466898905,-5.462235033069142,1
COG,2000,-34.39743067279746,-5.448196351658731,1
COG,2001,-34.39264706384769,-5.455733214333891,1
COG,2002,-34.38960621554956,-5.456282574773805,1
COG,2003,-34.39038595996495,-5.454129107461996,1
COG,2004,-34.384616976244864,-5.4439484290777616,1
COG,2005,-34.38211995548377,-5.44094099386159,1
COG,2006,-34.38380501737015,-5.419833442665981,1
COG,2007,-34.38022030544668,-5.416427948150679,1
COG,2008,-34.34337385228224,-5.420194186270054,1
COG,2009,-34.33625922669857,-5.404815385790029,1
COG,2010,-34.30479272301226,-5.357187096218771,1
COL,1960,-34.307648072253585,-5.492831209247089,0
COL,1961,-34.30215520826164,-5.4951164639732895,0
COL,1962,-34.2971647892841,-5.497550234296002,0
COL,1963,-34.29411007495313,-5.499512835162684,1
COL,1964,-34.289876090334616,-5.501603568335186,1
COL,1965,-34.285436651918644,-5.503370123184282,1
COL,1966,-34.28014033382062,-5.50624248228408,1
COL,1967,-34.27167501970995,-5.509062539767534,1
COL,1968,-34.26768974573039,-5.511229670401305,1
COL,1969,-34.26750350506287,-5.512255458200042,1
COL,1970,-34.26346319401359,-5.513985014305672,1
COL,1971,-34.25769648599252,-5.509001647276855,1
COL,1972,-34.2443209961368,-5.526327849340319,1
COL,1973,-34.23933390967594,-5.526583295794441,1
COL,1974,-34.23652573103848,-5.520161199230242,1
COL,1975,-34.22402160093918,-5.51207046043969,1
COL,1976,-34.2086942237664,-5.5011239946747805,1
COL,1977,-34.20083813468579,-5.49770549529032,1
COL,1978,-34.192951319561864,-5.51963285934476,1
COL,1979,-34.09823857049762,-5.270045917503281,1
COL,1980,-33.179946231040184,-2.578872218277805,1
COL,1981,-33.58589356550752,-3.8674299339840807,1
COL,1982,-33.64840498579732,-4.116388480035894,1
COL,1983,-33.0991148101249,-2.5583531940763775,1
COL,1984,-32.89265833541033,-2.1096565775032863,1
COL,1985,-32.97866560582664,-2.4653175822672995,1
COL,1986,-33.103011232238586,-3.0087019048284747,1
COL,1987,-32.577258200153466,-1.7079983149319267,1
COL,1988,-29.48610814691564,6.554774953746698,1
COL,1989,-29.766833317402142,4.314599002858044,1
COL,1990,-30.437131106794894,-0.41854393510697907,1
COL,1991,-29.585135991777612,1.092677058793698,1
COL,1992,-28.106107940112267,-1.164055043911941,1
COL,1993,-29.011539104389527,-4.011666390183605,1
COL,1994,-26.114874620876588,3.658725487796696,1
COL,1995,-23.135190088072882,6.198415820639292,1
COL,1996,-25.027553155659,4.342315623060184,1
COL,1997,-24.117053216594606,-0.5766597229715451,1
COL,1998,-25.66214276232075,-6.578199530565432,1
COL,1999,-21.830394493392525,0.860693373304529,1
COL,2000,-15.381951928143007,15.1150880053544,1
COL,2001,-21.242735643292892,-0.05603231426860056,1
COL,2002,-19.465082855325242,5.6175082637283555,1
COL,2003,-10.865213681092605,29.203229957795855,1
COL,2004,-2.041294643229307,56.0166087212691,1
COL,2005,2.913417859840372,70.2869657949703,1
COL,2006,24.56292488754977,129.69411509712515,1
COL,2007,27.55053559260506,140.75645494948827,1
COL,2008,-1.7710946822722278,52.17507014515931,1
COL,2009,4.8568780539481295,65.05583274380922,1
COL,2010,25.51651628535712,126.85353441382476,1
COM,1960,-34.433086436982144,-5.43273494909681,0
COM,1961,-34.433139526900554,-5.432597903487646,0
COM,1962,-34.43320764159644,-5.432531396272062,0
COM,1963,-34.43332572241154,-5.432515743994471,0
COM,1964,-34.43345138642444,-5.432520976232095,0
COM,1965,-34.433552015754145,-5.432419409458066,0
COM,1966,-34.43372031133335,-5.43240442709744,0
COM,1967,-34.43409819737547,-5.432188037209905,0
COM,1968,-34.43443419178141,-5.432785906802062,0
COM,1969,-34.43473992069118,-5.433159947279851,0
COM,1970,-34.43485368349982,-5.433319010954294,0
COM,1971,-34.434909517133626,-5.433345368532974,0
COM,1972,-34.434958109128424,-5.433271659666173,0
COM,1973,-34.43498524388477,-5.433108930192439,0
COM,1974,-34.43497508873427,-5.4328873048051705,0
COM,1975,-34.43500937323417,-5.432875550311368,0
COM,1976,-34.43491687370129,-5.432653988812598,0
COM,1977,-34.434805914158325,-5.432830417713619,0
COM,1978,-34.434830940909,-5.433169051834274,0
COM,1979,-34.43487211129466,-5.43375397464148,0
COM,1980,-34.43496571119393,-5.434536473655997,0
COM,1981,-34.43498755678466,-5.435182846688597,0
COM,1982,-34.43489602904144,-5.435578243544939,0
COM,1983,-34.43483970649722,-5.435999700968587,0
COM,1984,-34.43473876788522,-5.436401601975063,0
COM,1985,-34.43461870291007,-5.436760862805181,0
COM,1986,-34.43447411803999,-5.437064833746612,0
COM,1987,-34.434312318623604,-5.437337742755213,0
COM,1988,-34.43404602717811,-5.437584424903601,1
COM,1989,-34.43395734889409,-5.437794045630379,0
COM,1990,-34.43368269675512,-5.437934324030815,0
COM,1991,-34.43328990231405,-5.437932005982357,0
COM,1992,-34.43283369521519,-5.437695492686137,0
COM,1993,-34.432717743991766,-5.437620520920762,0
COM,1994,-34.43258505164344,-5.437664052964664,0
COM,1995,-34.432633665566144,-5.437733676820187,0
COM,1996,-34.4327240125795,-5.437778149585075,1
COM,1997,-34.432741404986466,-5.437905250820607,0
COM,1998,-34.43277731440794,-5.4379966678170275,0
COM,1999,-34.4327039709496,-5.437967320159518,0
COM,2000,-34.432545428745826,-5.437994295239936,0
COM,2001,-34.43245606935141,-5.438053375856849,0
COM,2002,-34.432357800147784,-5.438221863780725,0
COM,2003,-34.43210785740386,-5.438336531483396,0
COM,2004,-34.43181996803812,-5.43796588830737,0
COM,2005,-34.43134432865968,-5.43760014693564,0
COM,2006,-34.43077724809449,-5.437075663038477,0
COM,2007,-34.4294562197167,-5.436710384620153,0
COM,2008,-34.427382408129226,-5.4364874364740725,0
COM,2009,-34.42307329376905,-5.436843898018525,0
COM,2010,-34.419289921660635,-5.437034160795832,0
CUB,1960,-34.10956628026461,-4.7058961873621135,1
CUB,1961,-34.108156128036796,-4.706911139595874,0
CUB,1962,-34.10594536791748,-4.708016020808732,0
CUB,1963,-34.10444693300364,-4.708844463213092,0
CUB,1964,-34.102540308779574,-4.709601901309686,0
CUB,1965,-34.10020485206531,-4.710466148015231,0
CUB,1966,-34.09786888756087,-4.711279315483419,0
CUB,1967,-34.08894454157308,-4.713884552702675,0
CUB,1968,-34.07679506923675,-4.717748796277901,0
CUB,1969,-34.049097668162354,-4.72649640862115,0
CUB,1970,-34.02093941507199,-4.734945799898349,0
CUB,1971,-34.00525124375029,-4.768638238079275,0
CUB,1972,-33.96499504992777,-4.725575886774212,0
CUB,1973,-33.93176119502182,-4.7012919009903475,0
CUB,1974,-33.896692412688736,-4.684202739692527,0
CUB,1975,-33.783190095635945,-4.469010523967117,0
CUB,1976,-33.64705550396422,-4.246677769404142,0
CUB,1977,-33.676866011257424,-4.342844161994387,0
CUB,1978,-33.83749202138131,-5.052034867082024,0
CUB,1979,-33.6095581203484,-4.515411799737201,0
CUB,1980,-33.456116720551066,-4.259994525897753,0
CUB,1981,-33.482456665154785,-4.705262220586324,0
CUB,1982,-33.580135894879305,-5.469424297657568,0
CUB,1983,-33.51609664430725,-5.490873669819427,0
CUB,1984,-33.451811326600854,-5.438748364950756,0
CUB,1985,-33.35736321312253,-5.315409187393469,0
CUB,1986,-33.4717887735283,-5.670757822789721,0
CUB,1987,-33.29587264403608,-5.670454986879092,0
CUB,1988,-31.239200084210786,0.35966523865925204,0
CUB,1989,-31.192753984519147,0.36257139375744973,0
CUB,1990,-32.181934164039355,-3.802078186970233,0
CUB,1991,-32.06298794294511,-3.4932553762048038,0
CUB,1992,-31.818908955585815,-4.2640677789801815,0
CUB,1993,-31.855426153426713,-5.381102653324707,0
CUB,1994,-31.427647266318527,-6.0720913996554176,0
CUB,1995,-30.198194662199946,-5.779534342581739,0
CUB,1996,-27.20493971445541,-4.752254645665049,0
CUB,1997,-27.5784382728653,-5.878707138681714,0
CUB,1998,-27.409659261776476,-7.187727328883922,0
CUB,1999,-27.11791945480705,-6.636052291561527,0
CUB,2000,-26.740828290725297,-1.3601657239778628,0
CUB,2001,-29.12208626242419,-4.423453741536947,0
CUB,2002,-28.48956946489483,-3.3553034208960884,0
CUB,2003,-27.092680310466967,0.8996547675929865,0
CUB,2004,-24.830450523914408,7.289948064524909,0
CUB,2005,-26.04110998981364,6.436655082114271,0
CUB,2006,-20.495201022031964,20.448040327615963,0
CUB,2007,3.894806276123653,87.5935404418575,0
CUB,2008,-23.14162150422961,7.187522668013285,0
CUB,2009,-25.170582462590737,1.4962709414566726,0
CUB,2010,-22.843773701437136,11.030496208995187,0
CYP,1960,-34.13647296879065,-4.5650809851583585,0
CYP,1961,-34.136010956696914,-4.565394414464685,0
CYP,1962,-34.135306970295595,-4.564279982175459,0
CYP,1963,-34.13489307887667,-4.563644555310658,0
CYP,1964,-34.13411222613056,-4.562507575652077,0
CYP,1965,-34.13291971407022,-4.5609683030939845,0
CYP,1966,-34.132143356598625,-4.559666788728291,0
CYP,1967,-34.13141076474786,-4.558253167413406,0
CYP,1968,-34.13098231795129,-4.556557067152947,0
CYP,1969,-34.130468216382624,-4.554886097781372,0
CYP,1970,-34.12986654669877,-4.5530774467780795,0
CYP,1971,-34.2352258999506,-4.868352179171946,0
CYP,1972,-34.24589355731917,-4.900769088298916,0
CYP,1973,-34.123343999297276,-4.535686742069473,1
CYP,1974,-34.13095037597376,-4.580827909124963,0
CYP,1975,-34.317922724778875,-5.136836432499799,0
CYP,1976,-34.29167787384125,-5.059353265509261,0
CYP,1977,-34.34970792862042,-5.234753616970778,0
CYP,1978,-34.3596245174592,-5.26622693830842,0
CYP,1979,-34.381938542090325,-5.334918449439486,0
CYP,1980,-34.378940599877915,-5.328127068130886,0
CYP,1981,-34.39822910908313,-5.390151286332316,0
CYP,1982,-34.39015886256203,-5.372521179334194,0
CYP,1983,-34.383646403921986,-5.355366187058576,0
CYP,1984,-34.38472597320651,-5.364870458895877,0
CYP,1985,-34.38544063018646,-5.365409497610163,0
CYP,1986,-34.39033404371554,-5.381070947294477,0
CYP,1987,-34.39279005161071,-5.3848017697518875,0
CYP,1988,-34.38583282761997,-5.368959872246063,0
CYP,1989,-34.370290367081076,-5.3370890795842465,0
CYP,1990,-34.3695312310498,-5.359081987425515,0
CYP,1991,-34.376851601678965,-5.382845999462308,0
CYP,1992,-34.370668769984405,-5.38389654341792,0
CYP,1993,-34.35390129820444,-5.391320236391913,0
CYP,1994,-34.3497270718934,-5.397079701901727,0
CYP,1995,-34.32226416448801,-5.406069123178422,0
CYP,1996,-34.25380416586939,-5.39218218558949,0
CYP,1997,-34.204684671474105,-5.3549047776026075,0
CYP,1998,-34.184807125888334,-5.410707637003076,0
CYP,1999,-34.13525484343841,-5.411462527474041,0
CYP,2000,-34.042353890311794,-5.406391623122537,0
CYP,2001,-34.057564327068064,-5.448583777209443,0
CYP,2002,-34.04264283565162,-5.438596644071228,0
CYP,2003,-34.06604838516087,-5.437342190702631,0
CYP,2004,-33.76180166061369,-5.51457820688975,0
CYP,2005,-33.77175060799122,-5.578751241387326,0
CYP,2006,-33.77815468252377,-5.575683829248501,0
CYP,2007,-33.83304296364182,-5.498060481587059,0
CYP,2008,-33.737327367851485,-5.543015974692824,0
CYP,2009,-33.75418996897875,-5.347455825025511,0
CYP,2010,-33.557703814966445,-5.185272499727145,0
DJI,1960,-34.43911104012221,-5.444551757882118,0
DJI,1961,-34.43889576843594,-5.444048988674313,0
DJI,1962,-34.43873326777833,-5.44368157284536,0
DJI,1963,-34.43858169172501,-5.443340351376756,0
DJI,1964,-34.43858096447569,-5.443008045108911,0
DJI,1965,-34.438474440503825,-5.442758750920386,0
DJI,1966,-34.43837209993762,-5.442504217113673,0
DJI,1967,-34.4382547715691,-5.44223617916176,0
DJI,1968,-34.43814119267005,-5.4419851311126015,0
DJI,1969,-34.438196127402044,-5.441761482150461,0
DJI,1970,-34.43814770849246,-5.441723025062718,0
DJI,1971,-34.43823438228155,-5.441690606895049,0
DJI,1972,-34.43818333271324,-5.441553285491487,0
DJI,1973,-34.43812957765117,-5.441450320584391,0
DJI,1974,-34.43816225937557,-5.441340198255269,0
DJI,1975,-34.438312315656695,-5.441239897564946,0
DJI,1976,-34.43843459880323,-5.441132829612835,0
DJI,1977,-34.438408927206524,-5.440989486282261,0
DJI,1978,-34.43813106075168,-5.440858371399267,0
DJI,1979,-34.43765908023038,-5.440734663163455,0
DJI,1980,-34.43706680139986,-5.440603451864104,0
DJI,1981,-34.43648920922387,-5.440465413477524,0
DJI,1982,-34.436037003944975,-5.440233790120474,0
DJI,1983,-34.43580794522083,-5.43984228551389,0
DJI,1984,-34.43577720553159,-5.43940272967067,0
DJI,1985,-34.43584814588432,-5.439075874190603,0
DJI,1986,-34.435816986511405,-5.438833503933695,0
DJI,1987,-34.435681471589255,-5.4386434799223355,0
DJI,1988,-34.43529334220265,-5.438581058252596,0
DJI,1989,-34.43568223901496,-5.437365667455352,0
DJI,1990,-34.43612131626077,-5.436545594702791,1
DJI,1991,-34.43429143467716,-5.438712849843374,1
DJI,1992,-34.42941602507171,-5.4440203702306125,1
DJI,1993,-34.43203409046094,-5.436426226183159,1
DJI,1994,-34.43119452886195,-5.439586587498547,1
DJI,1995,-34.43119834455469,-5.437838975003429,1
DJI,1996,-34.43116285537472,-5.437434972164282,1
DJI,1997,-34.431044989045375,-5.4365419416182466,1
DJI,1998,-34.43008351852578,-5.43669427605887,1
DJI,1999,-34.429155067045734,-5.436516141279794,0
DJI,2000,-34.42835548620626,-5.436197031245807,0
DJI,2001,-34.427687444095625,-5.4355712980570114,0
DJI,2002,-34.42686831256168,-5.435355646698929,0
DJI,2003,-34.42579383531361,-5.43557334649866,0
DJI,2004,-34.42533248927277,-5.434765309777093,0
DJI,2005,-34.424910172840264,-5.433995445064619,0
DJI,2006,-34.424733935759804,-5.432830019795339,0
DJI,2007,-34.424096078304686,-5.4323168704644775,1
DJI,2008,-34.42348856991276,-5.431437247050703,0
DJI,2009,-34.42289000403309,-5.430557279696296,0
DJI,2010,-34.42213567586594,-5.429772511224332,0
DOM,1960,-34.40009465683058,-5.413186081803122,0
DOM,1961,-34.3993525151035,-5.4138137426624,0
DOM,1962,-34.39861521796845,-5.414399582037579,0
DOM,1963,-34.397638614032026,-5.41499830959317,0
DOM,1964,-34.3967024365117,-5.4154924776837285,1
DOM,1965,-34.39627682308844,-5.416300946545671,0
DOM,1966,-34.39531066079361,-5.416218895407217,0
DOM,1967,-34.39444479293081,-5.416504796355485,0
DOM,1968,-34.39321887069669,-5.416775750400783,0
DOM,1969,-34.39214438164492,-5.416976975647942,0
DOM,1970,-34.39093628008165,-5.417122438875664,0
DOM,1971,-34.38502174911608,-5.4028060113465814,0
DOM,1972,-34.223866393250916,-4.925349382052725,0
DOM,1973,-34.0886546640128,-4.526925519153413,0
DOM,1974,-34.04940793546086,-4.412639249605991,0
DOM,1975,-34.0152060352145,-4.314402388219442,0
DOM,1976,-33.99549782377491,-4.260610960570968,0
DOM,1977,-33.99774608988363,-4.2708066878101025,0
DOM,1978,-34.23038692373187,-4.971616540088047,0
DOM,1979,-33.78379193789849,-3.641988785483441,0
DOM,1980,-33.14181114113547,-1.728375971574851,0
DOM,1981,-33.562759915723795,-2.993734916730969,0
DOM,1982,-33.99104814997086,-4.280518699504235,0
DOM,1983,-33.74170772752414,-3.5414410656471915,0
DOM,1984,-33.84284543695104,-3.876182448195048,0
DOM,1985,-33.87192888584135,-4.050825445815508,0
DOM,1986,-34.06315244947455,-4.6891617550431945,0
DOM,1987,-33.82887611216295,-4.008122845313894,0
DOM,1988,-32.46354029482379,0.10021596965561042,0
DOM,1989,-32.61422578732639,-0.3292664459669936,0
DOM,1990,-33.536484819181425,-3.1257310639494333,0
DOM,1991,-33.49021870133033,-3.1803341065075297,0
DOM,1992,-33.732690412959236,-4.021881713586378,0
DOM,1993,-33.96389497276014,-5.018624633101417,0
DOM,1994,-31.09126291104265,2.0810765246603724,0
DOM,1995,-29.759372203885512,7.060974421387355,0
DOM,1996,-31.872997939039124,1.5328258618746178,0
DOM,1997,-32.41837724152653,-0.04192889448021919,0
DOM,1998,-34.144815590488165,-5.284262260171569,0
DOM,1999,-33.47572996074266,-3.2526021929916538,0
DOM,2000,-32.44859353191459,-0.9622995788276381,0
DOM,2001,-33.90205262442344,-5.610756499882737,0
DOM,2002,-33.70153995858452,-5.529021441602933,0
DOM,2003,-31.691803721854367,1.3822765408311035,0
DOM,2004,-28.414014992842073,11.152033598401049,0
DOM,2005,-28.809607771938396,10.539078645962862,0
DOM,2006,-21.67308668765208,31.88030526294532,0
DOM,2007,-11.016561852933073,63.695266506382154,0
DOM,2008,-32.564228614321394,-0.7641327599251877,0
DOM,2009,-33.425958308914055,-3.4303309045346198,0
DOM,2010,-33.126921457265745,-2.569113217410432,0
DZA,1960,-34.30233557623451,-5.373979500851292,0
DZA,1961,-34.296677655398845,-5.3814318891634505,0
DZA,1962,-34.29599776991642,-5.380695019452251,1
DZA,1963,-34.29318931418971,-5.381524709027662,0
DZA,1964,-34.291259505350055,-5.3807442658271905,0
DZA,1965,-34.287441948503385,-5.384289763110924,0
DZA,1966,-34.290057678070916,-5.375020451096696,0
DZA,1967,-34.28871313719447,-5.375995035908454,0
DZA,1968,-34.287595004962064,-5.377650294973543,0
DZA,1969,-34.284928191119576,-5.380038460487218,0
DZA,1970,-34.28262774464586,-5.382525699139391,0
DZA,1971,-34.278625683468356,-5.377172782884999,0
DZA,1972,-34.26613129572365,-5.34933890838807,0
DZA,1973,-34.171524161058635,-5.075284466880903,0
DZA,1974,-34.11452330266769,-4.915435163369544,0
DZA,1975,-34.19976370494512,-5.115110086571262,0
DZA,1976,-34.20144386337845,-5.138412964678096,0
DZA,1977,-34.18325363730037,-5.169159389710907,0
DZA,1978,-34.22512469003501,-5.29923832459554,0
DZA,1979,-34.20130892904141,-5.243331745045989,0
DZA,1980,-34.163066637354895,-5.147463073190317,0
DZA,1981,-34.167516988790524,-5.180980003515935,0
DZA,1982,-34.09977625115646,-4.999388429601167,0
DZA,1983,-34.12929304645826,-5.105831453525723,0
DZA,1984,-34.08974751346847,-5.058461784314525,1
DZA,1985,-34.09820201113985,-5.12907444389235,1
DZA,1986,-34.12361750384101,-5.289346337732187,1
DZA,1987,-34.12335489807168,-5.345737210658989,1
DZA,1988,-33.92348699612837,-4.790541580767813,1
DZA,1989,-33.86798192651995,-4.680946279749558,1
DZA,1990,-34.0030037468033,-5.119931909685858,1
DZA,1991,-34.113618076273106,-5.320980768013171,1
DZA,1992,-34.0905892451982,-5.269351182542211,1
DZA,1993,-34.091289235309254,-5.391833183416655,1
DZA,1994,-34.00313176559089,-5.2231764556236895,1
DZA,1995,-34.05120107854872,-5.357066940363028,1
DZA,1996,-34.02447751522148,-5.256221568374274,1
DZA,1997,-34.07596001098362,-5.437461392343158,1
DZA,1998,-34.029752264524475,-5.321716062999226,1
DZA,1999,-34.062189642054626,-5.422865145581268,1
DZA,2000,-34.04041851545994,-5.441826444746849,1
DZA,2001,-34.020158596912864,-5.471276700572561,1
DZA,2002,-34.01995591127391,-5.5042583043158775,1
DZA,2003,-34.031775741115986,-5.529321572534553,1
DZA,2004,-33.923083817100014,-5.303647916529373,1
DZA,2005,-33.790375963937166,-4.813075908663794,1
DZA,2006,-33.63680482650876,-4.3369638974087605,1
DZA,2007,-33.51267874653926,-4.048447427357694,1
DZA,2008,-32.63039860551934,-2.756628182067524,1
DZA,2009,-33.23217809616822,-4.225586612360457,1
DZA,2010,-33.06462474185088,-3.50156639911711,1
ECU,1960,-34.385360398185234,-5.442373851005542,0
ECU,1961,-34.385613723469106,-5.443198085845566,0
ECU,1962,-34.38425107124222,-5.444464943461751,0
ECU,1963,-34.382269152642024,-5.445806333092488,0
ECU,1964,-34.38192805768347,-5.446693558699843,0
ECU,1965,-34.379792711749054,-5.448012783476239,0
ECU,1966,-34.379648515810125,-5.448835570550344,0
ECU,1967,-34.37704917922318,-5.450250889247418,0
ECU,1968,-34.37402490092168,-5.451729647595025,0
ECU,1969,-34.37176180232086,-5.453143556340349,0
ECU,1970,-34.35935576085093,-5.45741743789213,0
ECU,1971,-34.35638682850133,-5.4595217610113,0
ECU,1972,-34.328442616559066,-5.467764608823986,0
ECU,1973,-34.26451460257657,-5.481494635232674,0
ECU,1974,-34.17296974438856,-5.516752830952866,0
ECU,1975,-34.07302606169061,-5.559628651540671,0
ECU,1976,-33.96382881249115,-5.591172488958803,0
ECU,1977,-33.69959942167805,-5.667327674977722,0
ECU,1978,-33.57449125136774,-5.714460764339202,0
ECU,1979,-33.41107820242751,-5.73066270561916,0
ECU,1980,-32.62638800260907,-5.968142652256935,0
ECU,1981,-32.1504681147883,-6.178259014929555,0
ECU,1982,-30.543925628085383,-6.733051752253301,0
ECU,1983,-28.1715980073529,-7.531177867140272,0
ECU,1984,-28.244589823746747,-6.87565354314257,0
ECU,1985,-28.84278537562675,-6.898197314966336,0
ECU,1986,-26.539779061259186,-7.5391988238417085,0
ECU,1987,-22.103876975607097,-8.58368350525527,0
ECU,1988,-21.228182356323074,-9.185414691598133,0
ECU,1989,-22.168642716699896,-9.42131650933451,0
ECU,1990,-21.12380671960183,-9.801545992916783,0
ECU,1991,-15.916780388062918,-10.805224975894081,0
ECU,1992,-14.54578782579383,-12.029042515788989,0
ECU,1993,-19.433748895059352,-10.420553278665132,0
ECU,1994,-19.070844994061204,-10.115280670618676,1
ECU,1995,-15.382636207804097,-8.820370442067695,0
ECU,1996,-15.082893770356662,-9.53025799170003,0
ECU,1997,-11.302738450628002,-12.554724172548987,0
ECU,1998,-9.5252994239795,-13.48517535771165,0
ECU,1999,-12.76022346581625,-12.457227290927403,0
ECU,2000,-23.72972850141229,-8.614772599653964,0
ECU,2001,-24.427104251699333,-8.60916245770039,0
ECU,2002,-20.668580566713317,-8.510482788055313,0
ECU,2003,-17.46398622306861,-8.899949246013707,0
ECU,2004,-15.258243582316481,-9.824099378330512,0
ECU,2005,-10.038002567843236,-11.088682005654274,0
ECU,2006,-4.418652600509603,-11.74478859514057,0
ECU,2007,-4.57995273113745,-13.011194271583607,0
ECU,2008,-4.68386122912149,-14.622703170470055,0
ECU,2009,4.634395819341002,-12.769209895098665,0
ECU,2010,13.963516280344137,-14.782140680804583,0
EGY,1960,-33.41906496037196,-5.795753650833019,0
EGY,1961,-33.31193385694407,-5.830303127910383,0
EGY,1962,-33.30133002282076,-5.834120527685767,0
EGY,1963,-33.15997882436347,-5.882340692840392,0
EGY,1964,-32.98088847749793,-5.943142290361298,0
EGY,1965,-33.11458294154398,-5.900090869661609,0
EGY,1966,-33.15878631924264,-5.886872978375599,1
EGY,1967,-33.205590576299535,-5.872721617128583,1
EGY,1968,-33.1982422114563,-5.876606883679169,1
EGY,1969,-33.14035019796643,-5.897413337314516,1
EGY,1970,-33.11573911350639,-5.908763155837089,1
EGY,1971,-32.93716712126349,-5.969441528977395,1
EGY,1972,-32.762791960988885,-6.031657085044558,1
EGY,1973,-32.58424842336754,-6.089271241530881,0
EGY,1974,-32.476544824466224,-5.799710046397366,0
EGY,1975,-32.43483785737481,-5.706557609855189,0
EGY,1976,-32.16332938187634,-6.0546340649219275,0
EGY,1977,-31.745248760763737,-5.947647109455146,0
EGY,1978,-31.502351548542727,-6.371560648307735,0
EGY,1979,-31.148317749328474,-6.484653784592076,0
EGY,1980,-30.77050150125026,-6.498484147946546,1
EGY,1981,-30.406604890945992,-6.567938896726218,1
EGY,1982,-29.887809124843926,-6.735444461276666,1
EGY,1983,-29.72762567704587,-6.841456614430677,1
EGY,1984,-29.39336329625161,-7.011961930707298,1
EGY,1985,-26.847726076730925,-7.811864560054891,1
EGY,1986,-26.230658614335944,-8.085556010556845,1
EGY,1987,-26.070543676589132,-8.149831645759907,1
EGY,1988,-25.07520930337508,-8.50263013853893,1
EGY,1989,-23.642010828764274,-8.931892655013453,1
EGY,1990,-23.381503023623594,-8.9318419067255,1
EGY,1991,-23.419122022622687,-9.0360136946439,1
EGY,1992,-23.01084858611347,-9.115131614153377,1
EGY,1993,-25.15947703771092,-8.484236115201895,1
EGY,1994,-24.19093575443508,-8.667471130989604,1
EGY,1995,-21.643895281347305,-9.661478658796936,1
EGY,1996,-18.312917569426688,-10.613928302856756,1
EGY,1997,-19.261857591971307,-10.457822751182619,1
EGY,1998,-10.079321948303615,-13.229589818238473,1
EGY,1999,4.597092434847575,-18.27517161992642,1
EGY,2000,23.816152438484032,-24.83773537732319,1
EGY,2001,24.340771004106642,-24.90373873054358,1
EGY,2002,29.979020424710235,-26.88744061729362,1
EGY,2003,41.6382747241424,-30.81094003275159,1
EGY,2004,46.09610275567585,-32.329942266347715,1
EGY,2005,57.73373997316914,-35.919021485018746,1
EGY,2006,67.44467748222249,-38.04348783803921,1
EGY,2007,75.41537756777626,-37.02871757282602,1
EGY,2008,106.29742047755991,22.53057632940068,1
EGY,2009,108.9367211926762,23.777942838517056,1
EGY,2010,127.01357756603201,-42.63797901763872,1
ERI,1960,-34.43092908966417,-5.446367437399595,0
ERI,1961,-34.43058535405139,-5.446223944879098,0
ERI,1962,-34.430262863489595,-5.446126159726562,0
ERI,1963,-34.42994796830961,-5.446061896279297,0
ERI,1964,-34.42966967823564,-5.446048667754884,0
ERI,1965,-34.42943531876819,-5.446087983036863,0
ERI,1966,-34.42941979700483,-5.446416194371358,0
ERI,1967,-34.42905264905172,-5.446262149346214,0
ERI,1968,-34.42886738916677,-5.4461344235030555,0
ERI,1969,-34.428700398186805,-5.446272485620785,0
ERI,1970,-34.42852363841904,-5.446392726740095,0
ERI,1971,-34.4284069223423,-5.446590268499572,0
ERI,1972,-34.428352237001775,-5.446891112098696,0
ERI,1973,-34.42817770487868,-5.4470372591319265,0
ERI,1974,-34.428221745613136,-5.447451888251354,0
ERI,1975,-34.42810689011422,-5.447605482673073,0
ERI,1976,-34.427739955024975,-5.447393983214815,0
ERI,1977,-34.42758386558571,-5.4474958012008665,0
ERI,1978,-34.427373498554914,-5.4475363964946535,0
ERI,1979,-34.42712104382176,-5.44754663580228,0
ERI,1980,-34.426801462238906,-5.447503874218424,0
ERI,1981,-34.42653679119238,-5.4475691260477195,0
ERI,1982,-34.42631200513836,-5.447694634371986,0
ERI,1983,-34.42661149345663,-5.448577249695159,0
ERI,1984,-34.42621075154463,-5.448727708945337,0
ERI,1985,-34.4258242741191,-5.4492757660999285,0
ERI,1986,-34.42544791341408,-5.449344042269329,0
ERI,1987,-34.42447476212578,-5.448978657120601,0
ERI,1988,-34.42412403283934,-5.449101028497998,0
ERI,1989,-34.42366572194748,-5.449588035099177,0
ERI,1990,-34.422950688546074,-5.4498746501149515,0
ERI,1991,-34.40968159303181,-5.475794499349095,0
ERI,1992,-34.422885294276135,-5.446812149202023,1
ERI,1993,-34.42571954414903,-5.4443031556198624,1
ERI,1994,-34.414826008385596,-5.427556298852988,1
ERI,1995,-34.42569866226254,-5.4305048967561165,1
ERI,1996,-34.41088833102288,-5.430573111504488,1
ERI,1997,-34.390024033233054,-5.36269283298065,1
ERI,1998,-34.39751011182831,-5.384399144458357,1
ERI,1999,-34.40712649220075,-5.409021673215492,1
ERI,2000,-34.405241581806756,-5.4184553841772924,1
ERI,2001,-34.41373216258786,-5.432703615943008,1
ERI,2002,-34.41461619030343,-5.4498436149785965,1
ERI,2003,-34.416116990562244,-5.442681113663328,1
ERI,2004,-34.413120954510916,-5.4469626203916786,1
ERI,2005,-34.41313223000174,-5.445478098061407,1
ERI,2006,-34.4082399040281,-5.442531964046908,1
ERI,2007,-34.409827471649834,-5.437980979754991,1
ERI,2008,-34.409651125543434,-5.432028195872035,1
ERI,2009,-34.40571204577175,-5.4324777968616695,1
ERI,2010,-34.398333446686536,-5.410173810192766,1
ESP,1960,-32.4963297241367,-4.8076629553408825,0
ESP,1961,-32.19679595289256,-4.897148064752658,0
ESP,1962,-23.966448770389288,-7.644368768787972,0
ESP,1963,-22.676665089432063,-8.074034325662126,0
ESP,1964,-22.491297592743837,-8.133742490532882,0
ESP,1965,-22.177675043395727,-8.235640362227414,0
ESP,1966,-22.438670881977746,-8.146889572648723,0
ESP,1967,-24.66467887928385,-7.4011852595033805,1
ESP,1968,-21.638523802966862,-8.408940648228356,1
ESP,1969,-17.227946304396454,-9.882354960729273,1
ESP,1970,-6.995640927542976,-13.298650495750282,1
ESP,1971,-8.66610434920728,-12.934423119680414,1
ESP,1972,-5.668174923693574,-13.906187199801973,1
ESP,1973,-4.0446515169905695,-10.549485147779446,1
ESP,1974,-2.2182082558934724,-9.038173847840117,1
ESP,1975,-4.88285416868548,-13.899821340537796,1
ESP,1976,-1.5883734844914343,-14.5152861307338,1
ESP,1977,-0.5813409704191699,-15.349096265030536,1
ESP,1978,6.368823841424927,-18.046982745912906,1
ESP,1979,2.2922552695235794,-14.013822717149594,1
ESP,1980,2.6529903325307913,-12.33118807959528,1
ESP,1981,3.1493391348779554,-16.229702570368858,1
ESP,1982,4.724817371019121,-17.520747718567243,1
ESP,1983,5.318838225727859,-17.74087007538386,1
ESP,1984,8.479163801844116,-18.504446048075238,1
ESP,1985,11.478253119785826,-20.358918803478467,1
ESP,1986,11.81230315597395,-20.427192378953336,1
ESP,1987,12.406362373808399,-19.980422851201542,1
ESP,1988,24.614238495879803,16.101831205631733,1
ESP,1989,16.106350732500665,17.90567074266675,1
ESP,1990,4.223677372459207,-6.7942477828249475,1
ESP,1991,5.254325367061746,-15.605753045231669,0
ESP,1992,-3.834642668796455,-11.19651800516295,0
ESP,1993,-11.711316097408123,-10.816038220128995,0
ESP,1994,-2.0745481201804523,-11.169718699473433,0
ESP,1995,5.53423759514402,-14.376982959964897,0
ESP,1996,6.33283991071945,-16.329395012873878,0
ESP,1997,7.7666410182759265,-16.326982699526308,0
ESP,1998,19.865527965371122,-22.226165918186688,0
ESP,1999,20.715514236603404,-22.242656857412996,0
ESP,2000,19.410060648977804,-20.909681277972087,0
ESP,2001,18.95267924138338,-22.245328420731425,0
ESP,2002,9.83892467202218,-18.860278067067426,0
ESP,2003,11.974441466661695,-20.022003813024615,0
ESP,2004,17.23248896217128,-21.546813530442584,0
ESP,2005,4.510373064794493,-16.37458780750601,0
ESP,2006,18.459553068812234,-15.722272388382514,0
ESP,2007,19.169035088136226,-7.962119397582968,0
ESP,2008,10.246599350547172,-16.422989122875773,0
ESP,2009,12.038015755879854,-20.324722539352493,0
ESP,2010,12.262554921400152,-11.404242903051347,0
ETH,1960,-34.27096187437152,-5.537772123083227,1
ETH,1961,-34.26718834556949,-5.539315575431879,1
ETH,1962,-34.26313491753398,-5.541367693634573,1
ETH,1963,-34.258837038529244,-5.543714496544358,1
ETH,1964,-34.2540078434502,-5.546285059550192,1
ETH,1965,-34.24883012830405,-5.5487552067022765,1
ETH,1966,-34.2438446369198,-5.552507190708445,1
ETH,1967,-34.23870940825391,-5.554751770695004,1
ETH,1968,-34.23311693243956,-5.5582184359533455,1
ETH,1969,-34.22729045409153,-5.561896526951765,1
ETH,1970,-34.221045420326874,-5.565446365788808,1
ETH,1971,-34.213961211532684,-5.571324301221851,1
ETH,1972,-34.209461068165425,-5.573996553970918,1
ETH,1973,-34.20537392434502,-5.57704653918327,1
ETH,1974,-34.19763430418566,-5.576232634868853,1
ETH,1975,-34.19236549743703,-5.587636069598878,1
ETH,1976,-34.18699376254037,-5.591327287986474,1
ETH,1977,-34.16225984419686,-5.638697867401104,1
ETH,1978,-34.17116318089443,-5.612542326053916,1
ETH,1979,-34.142742212772255,-5.648009121158272,1
ETH,1980,-34.117959276902916,-5.6198751206847914,1
ETH,1981,-34.178039978621456,-5.494948915140215,1
ETH,1982,-34.15024940179549,-5.569343658230768,1
ETH,1983,-34.13543082939691,-5.551295893261494,1
ETH,1984,-34.12879447897739,-5.5424625982808156,1
ETH,1985,-34.12115885425713,-5.544398242235479,1
ETH,1986,-34.10826711179336,-5.531907052820926,1
ETH,1987,-34.09674634996651,-5.52356271003503,1
ETH,1988,-34.08930540771942,-5.521571997025684,1
ETH,1989,-34.08343321238969,-5.599374961349627,1
ETH,1990,-34.07130266232028,-5.60070282457381,1
ETH,1991,-34.041867139611895,-5.450961155629914,1
ETH,1992,-34.019362273758894,-5.585373362841249,1
ETH,1993,-33.99261155001969,-5.561999722924671,1
ETH,1994,-33.780738430371805,-4.981779389728231,1
ETH,1995,-33.862445226479,-5.299564434885765,1
ETH,1996,-33.792824377537286,-5.140978714552959,1
ETH,1997,-33.825089307692636,-5.291133370266166,1
ETH,1998,-33.85758779801295,-5.434604632890855,1
ETH,1999,-33.81638149715573,-5.358475852090948,1
ETH,2000,-33.70639978696819,-5.0996234413961785,1
ETH,2001,-33.7064565643512,-5.148905575501738,1
ETH,2002,-33.52137887242115,-4.650268609141972,1
ETH,2003,-33.74049155530083,-5.364414406748518,1
ETH,2004,-33.77355306920536,-5.533210671932069,1
ETH,2005,-33.66830649462816,-5.285776904260071,1
ETH,2006,-33.38397561752605,-4.498107743436689,1
ETH,2007,-33.266927333300735,-4.210791956687587,1
ETH,2008,-33.24346237781159,-4.216267598946974,1
ETH,2009,-33.01042008637025,-3.5826771175387653,1
ETH,2010,-32.02619721017395,-0.7003912056583674,1
FRA,1960,-14.846566196675862,-11.63438393539592,1
FRA,1961,-13.88688156606586,-11.95539722494991,1
FRA,1962,-15.539419321585235,-11.402278647274915,0
FRA,1963,-15.002928314490067,-11.576738764695694,0
FRA,1964,-16.981758155033607,-10.91725823204662,0
FRA,1965,-14.690685450891472,-11.687246446320248,0
FRA,1966,-16.186423438209108,-11.184900749923877,0
FRA,1967,-14.04893172094788,-11.8999456306361,0
FRA,1968,-15.162353326016895,-11.522928519401617,0
FRA,1969,-15.825661266861289,-11.298474488453564,0
FRA,1970,-15.52619764884983,-11.396372644251546,0
FRA,1971,-19.11452671698414,-10.26967637277227,0
FRA,1972,-11.821561027756552,-12.67851454711175,0
FRA,1973,-11.872610570743909,-12.352424739900979,0
FRA,1974,-10.071130870309908,-12.425041487259797,0
FRA,1975,-5.56763788247871,-14.673457806626649,0
FRA,1976,-8.287993743766819,-13.625330743094906,0
FRA,1977,-2.8049436011559443,-15.301449318583922,0
FRA,1978,-5.651879874374206,-14.400434585759067,0
FRA,1979,-1.264134150182656,-15.220713187913702,0
FRA,1980,2.5271498405978505,-14.206697518956164,0
FRA,1981,0.4931522629848928,-16.46812955496543,0
FRA,1982,-0.8265239748323907,-16.145096206225684,0
FRA,1983,-0.17687484248477148,-16.213637575494744,0
FRA,1984,-0.8477491378405233,-16.139829804923146,0
FRA,1985,4.939526210665136,-18.149759426675885,0
FRA,1986,7.775925200379248,-19.149597786165707,0
FRA,1987,5.8259689747648835,-18.38055717996798,0
FRA,1988,5.23896432180409,-17.748197597356068,0
FRA,1989,4.876134838421258,-17.492509848062802,0
FRA,1990,10.086517843655656,-19.67752049785171,0
FRA,1991,8.06669202260096,-19.2327222125826,0
FRA,1992,9.013716057170186,-19.33860325740615,0
FRA,1993,13.539825419274656,-21.07697300703891,0
FRA,1994,14.752211045809048,-19.542761992225607,0
FRA,1995,14.544715129190294,-20.09830909454355,0
FRA,1996,15.330684768471784,-20.425529807672902,0
FRA,1997,15.339836199051483,-21.395376713323593,0
FRA,1998,11.967955685447969,-20.577723492018986,0
FRA,1999,11.52964703711826,-20.229393604673014,0
FRA,2000,11.842987843213315,-20.438569768754455,0
FRA,2001,9.281426863224944,-19.598710527203547,0
FRA,2002,9.41104332572845,-19.313970181144455,0
FRA,2003,7.3006841748403275,-18.818725394096415,0
FRA,2004,7.670704082455693,-19.1623521939319,0
FRA,2005,8.171619141974766,-19.2126520486154,0
FRA,2006,7.0162591959862155,-18.45385157133763,0
FRA,2007,7.071441346149896,-18.339687814399703,0
FRA,2008,7.3717275169931185,-17.89113007760747,0
FRA,2009,6.789944938570677,-17.243488881139587,0
FRA,2010,1.7398433627006185,-15.17632793091211,0
GAB,1960,-34.41556416484552,-5.398856811572437,0
GAB,1961,-34.415712582887025,-5.3990203008833415,0
GAB,1962,-34.41588088733772,-5.399519468789403,0
GAB,1963,-34.41613764424658,-5.399834900940458,1
GAB,1964,-34.41642882833038,-5.400214526464107,0
GAB,1965,-34.416544687512065,-5.400646073681065,0
GAB,1966,-34.4168487106578,-5.401105343455387,0
GAB,1967,-34.417163695310464,-5.40160963553645,0
GAB,1968,-34.41733413919686,-5.402213290147139,0
GAB,1969,-34.41779661816148,-5.402728688024791,0
GAB,1970,-34.417918473734204,-5.403586028682486,0
GAB,1971,-34.4182023084845,-5.404529703539279,0
GAB,1972,-34.41851362936779,-5.405350452930311,0
GAB,1973,-34.41853355939533,-5.406232468809479,0
GAB,1974,-34.41807593857355,-5.404651079344266,0
GAB,1975,-34.41869486490093,-5.407892218266277,0
GAB,1976,-34.41909507132048,-5.408966383474889,0
GAB,1977,-34.41955710307214,-5.409881284686355,0
GAB,1978,-34.41926380164839,-5.4110097760559235,0
GAB,1979,-34.41855338969025,-5.410642307539577,0
GAB,1980,-34.4183908318346,-5.409628068948723,0
GAB,1981,-34.41905770459956,-5.41194501857876,0
GAB,1982,-34.41947815652529,-5.41349104417619,0
GAB,1983,-34.419744064743085,-5.41381750416007,0
GAB,1984,-34.41883236328582,-5.413406161211695,0
GAB,1985,-34.41918797180998,-5.414856655917661,0
GAB,1986,-34.41871730857554,-5.414092271491647,0
GAB,1987,-34.41684097119654,-5.4100071151963665,0
GAB,1988,-34.41538113921214,-5.405459186601451,0
GAB,1989,-34.420038302546196,-5.419200681090421,0
GAB,1990,-34.42031994854377,-5.420303997005118,0
GAB,1991,-34.4189945531984,-5.418579010326588,0
GAB,1992,-34.41937002168342,-5.422725386198981,0
GAB,1993,-34.4171012770505,-5.422471491597569,0
GAB,1994,-34.4081300217114,-5.40759727409315,0
GAB,1995,-34.409389385030195,-5.423596290488223,0
GAB,1996,-34.40111648094699,-5.416056180396936,0
GAB,1997,-34.40399570100734,-5.422065541256056,0
GAB,1998,-34.38568676210171,-5.430451040032946,0
GAB,1999,-34.31910122864863,-5.456147610455576,0
GAB,2000,-34.3181661889135,-5.452920912796898,0
GAB,2001,-34.395885594208096,-5.427890452597581,0
GAB,2002,-34.3966858771564,-5.420450396406509,0
GAB,2003,-34.39917648467601,-5.429926170007354,0
GAB,2004,-34.39312481865506,-5.4137422992961755,0
GAB,2005,-34.388902208205096,-5.400477483424782,0
GAB,2006,-34.35987812849936,-5.34103448193966,0
GAB,2007,-34.355944524446215,-5.328269621598527,0
GAB,2008,-34.34672366803542,-5.299491951300642,0
GAB,2009,-34.33583605171314,-5.269322153783687,0
GAB,2010,-34.39015607193839,-5.437774129731975,0
GBR,1960,-33.58198607454882,-5.638578149361781,0
GBR,1961,-33.5698076933762,-5.640985402007405,1
GBR,1962,-33.572985653186585,-5.63753533493824,0
GBR,1963,-33.56257637278473,-5.645941999653921,1
GBR,1964,-33.52023023170619,-5.66152526570911,1
GBR,1965,-33.48079554472592,-5.6731587934108445,1
GBR,1966,-33.4856102872483,-5.671196084765726,1
GBR,1967,-33.48253612957663,-5.673235109360104,0
GBR,1968,-33.47162581251304,-5.676397397290089,0
GBR,1969,-33.454870319742604,-5.682733076193116,1
GBR,1970,-33.40489391018456,-5.695167627506094,1
GBR,1971,-33.38096823607693,-5.706929769985807,1
GBR,1972,-33.42515758550623,-5.679259709879821,1
GBR,1973,-33.35193804944595,-5.619658947980618,1
GBR,1974,-33.230630347063524,-5.351429480370041,1
GBR,1975,-33.30287198614699,-5.706193889093487,1
GBR,1976,-33.291549308042754,-5.612441304299077,1
GBR,1977,-33.169346280351995,-5.182471199323359,1
GBR,1978,-33.14026562166087,-5.29860881237277,1
GBR,1979,-32.868744936769566,-5.261999713923128,1
GBR,1980,-32.589287235121844,-4.682055400254532,1
GBR,1981,-32.592582268907954,-5.376979947426074,1
GBR,1982,-31.30822490185184,-6.0081014478360535,1
GBR,1983,-31.353904661533246,-5.913881384507763,1
GBR,1984,-30.360962061728504,-6.265478155454897,1
GBR,1985,-29.963285883369696,-6.526208775498231,1
GBR,1986,-29.39254602451139,-7.029343076453753,1
GBR,1987,-28.44688070200407,-7.324626550323688,1
GBR,1988,-27.18396145296941,-7.477381672381971,1
GBR,1989,-24.90530554314212,-7.922346540506514,1
GBR,1990,-24.92223419130874,-8.345759415991544,1
GBR,1991,-23.126150270955474,-9.107088648067771,1
GBR,1992,-23.810284044707615,-8.893306933547631,1
GBR,1993,-21.779074245526772,-9.571051040996352,1
GBR,1994,-18.909438672154256,-10.523547761029421,1
GBR,1995,-17.525551686006256,-10.984562329809117,1
GBR,1996,-14.809701315068043,-11.884025374197234,1
GBR,1997,-11.453127215860334,-13.006748931098306,1
GBR,1998,-10.148142430319918,-13.442068045278837,0
GBR,1999,-7.221228243008131,-14.420050738702715,0
GBR,2000,-7.623816030416627,-14.285417127110017,1
GBR,2001,-4.567704926201966,-15.303613447005745,0
GBR,2002,-3.129517580928045,-15.7819311758317,1
GBR,2003,-2.6654190038765613,-15.93795214839732,0
GBR,2004,1.6316208562103398,-17.36391625684501,0
GBR,2005,-4.17882550127775,-15.420348598942077,0
GBR,2006,-4.3413909752854885,-15.363219907301666,0
GBR,2007,-3.919684306045376,-15.443927965127562,0
GBR,2008,-3.632860561962044,-15.461305457100739,0
GBR,2009,-0.06480531300280745,-16.581936152886158,0
GBR,2010,0.7738107611976446,-16.8020888144191,0
GEO,1960,-34.38102174158664,-5.411569094837033,0
GEO,1961,-34.38090896700659,-5.4122806522891524,0
GEO,1962,-34.380747474716706,-5.4129228737662896,0
GEO,1963,-34.3804981869632,-5.413498905991169,0
GEO,1964,-34.38014531851479,-5.413963619621564,0
GEO,1965,-34.37969616139257,-5.414278528627659,0
GEO,1966,-34.379859053291376,-5.412866662592001,0
GEO,1967,-34.37963168909927,-5.4122796566149045,0
GEO,1968,-34.37944725790036,-5.411630397947144,0
GEO,1969,-34.37900807406391,-5.411369202018096,0
GEO,1970,-34.37671724033463,-5.413583890861653,0
GEO,1971,-34.3752837053596,-5.413587649584638,0
GEO,1972,-34.37445296584497,-5.413085919466055,0
GEO,1973,-34.37351384019751,-5.412396056793197,0
GEO,1974,-34.37250182255897,-5.411496480779067,0
GEO,1975,-34.37140501428661,-5.410452032563952,0
GEO,1976,-34.37031430737422,-5.409395895979572,0
GEO,1977,-34.36919641525038,-5.4084360885862655,0
GEO,1978,-34.3679756632564,-5.407628982163218,0
GEO,1979,-34.36652650527649,-5.407020200790783,0
GEO,1980,-34.36553893677787,-5.406019187954095,0
GEO,1981,-34.36472273584215,-5.405484115156924,0
GEO,1982,-34.364069248551466,-5.404976532366125,0
GEO,1983,-34.363585465434504,-5.404530751575578,0
GEO,1984,-34.363008846879765,-5.404607676607695,0
GEO,1985,-34.362406374522834,-5.404764887952023,0
GEO,1986,-34.36194421909818,-5.404747323718866,0
GEO,1987,-34.36157035556997,-5.404667369553251,0
GEO,1988,-34.36090439999395,-5.4051488300010755,0
GEO,1989,-34.35704475521339,-5.4111636410979065,0
GEO,1990,-34.35503086781833,-5.412423413323832,1
GEO,1991,-34.353706358183885,-5.41265355248447,1
GEO,1992,-34.09055298834198,-5.239902336756394,1
GEO,1993,-34.22235789055038,-5.374533733280989,1
GEO,1994,-34.288951347334454,-5.369954487041471,1
GEO,1995,-34.21898238133677,-5.111795812921249,1
GEO,1996,-34.256372872648264,-5.188926581142854,1
GEO,1997,-34.27203392738838,-5.209880527821327,1
GEO,1998,-34.30348957280749,-5.320595124498134,1
GEO,1999,-34.23576165756965,-5.10918976988844,1
GEO,2000,-34.21291646375429,-5.042098833829823,1
GEO,2001,-34.24980433264189,-5.143507056005355,1
GEO,2002,-34.1562269726934,-4.8379573038679915,1
GEO,2003,-34.177260833785354,-4.899866541175554,1
GEO,2004,-34.03293207042069,-4.483014798584385,1
GEO,2005,-34.00986948286668,-4.433493064382615,1
GEO,2006,-33.5221542770099,-3.0015073238691237,1
GEO,2007,-33.32975518028507,-2.4567659940714335,1
GEO,2008,-33.30329886032327,-2.5125759545243196,0
GEO,2009,-33.29801119696577,-2.651593470109305,0
GEO,2010,-31.679846118191275,2.1119527219391188,0
GHA,1960,-34.37415852344248,-5.458845296491138,0
GHA,1961,-34.369775430230746,-5.4651980784194505,0
GHA,1962,-34.36650726333741,-5.465505354473205,0
GHA,1963,-34.36259826130903,-5.466211505575374,0
GHA,1964,-34.35838246363697,-5.467032498693271,0
GHA,1965,-34.35712538265378,-5.467180451503378,1
GHA,1966,-34.35357487844161,-5.468501585986996,1
GHA,1967,-34.34917933483829,-5.470057064605832,1
GHA,1968,-34.35021162915592,-5.47068602896681,1
GHA,1969,-34.335574330339185,-5.474788656871241,1
GHA,1970,-34.320373868816105,-5.478777143461421,1
GHA,1971,-34.30512323588545,-5.485478507022742,1
GHA,1972,-34.29326795248805,-5.489389376773648,1
GHA,1973,-34.29777996208445,-5.49056356999676,1
GHA,1974,-34.07949317748616,-4.849560826343087,1
GHA,1975,-34.259254282859516,-5.4261788716544395,1
GHA,1976,-34.27651611245363,-5.488773077478671,1
GHA,1977,-34.26503932506418,-5.483313562807901,1
GHA,1978,-34.25663199168133,-5.479588897715888,1
GHA,1979,-33.64733402228687,-3.657387570171242,1
GHA,1980,-31.547227764302065,2.6023069066443956,1
GHA,1981,-32.71510035216696,-0.9120172158262543,1
GHA,1982,-33.29859059855621,-2.6771465299003707,1
GHA,1983,-33.13130519967472,-2.204129328763907,0
GHA,1984,-33.411958251766976,-3.1435351667296003,0
GHA,1985,-33.64158649294953,-3.7891880780846297,0
GHA,1986,-33.5583537089006,-3.57043502208069,0
GHA,1987,-33.07338532058272,-2.1735076722916795,0
GHA,1988,-33.13783219509968,-2.384120605809338,0
GHA,1989,-33.47762012107273,-3.353467516359157,0
GHA,1990,-33.39214355092342,-3.1423799680082203,0
GHA,1991,-31.895613592239446,1.3098176481892203,0
GHA,1992,-32.17615889995769,0.4176948299075738,0
GHA,1993,-31.067626738819328,3.7278745389518004,0
GHA,1994,-29.659930947655656,7.926729436404427,0
GHA,1995,-32.558723177801966,-0.7935822246175555,0
GHA,1996,-30.3459891734979,5.747843821239794,0
GHA,1997,-31.59754754562202,2.0948774305083067,0
GHA,1998,-31.21343597910534,2.4418508072266443,0
GHA,1999,-31.587722878386,0.6613495510545064,0
GHA,2000,-30.20387964592438,3.6288121283817496,0
GHA,2001,-30.234453806669357,2.968894670339223,0
GHA,2002,-29.35507152437874,5.6224492182121555,0
GHA,2003,-32.08678206277834,0.2688216390825904,0
GHA,2004,-32.32932893286005,-0.49393247601578594,0
GHA,2005,-30.31631366816814,5.413021312564458,0
GHA,2006,-24.816799365032516,21.221086495272424,0
GHA,2007,-23.698144836456645,23.70347539096356,0
GHA,2008,-22.111873252850497,27.426260507321736,0
GHA,2009,-18.258186367869836,38.07695929787099,0
GHA,2010,-6.959409941069069,70.11339002388881,0
GIN,1960,-34.34069302277599,-5.262773060554167,0
GIN,1961,-34.34048838606953,-5.263408046044269,0
GIN,1962,-34.34025244804701,-5.264039176905652,0
GIN,1963,-34.3399725759241,-5.2646486378030914,0
GIN,1964,-34.33949392709314,-5.265279817983127,0
GIN,1965,-34.33913977464844,-5.265850818450136,0
GIN,1966,-34.33872721713169,-5.266392494000991,0
GIN,1967,-34.33810408347588,-5.2669553712595745,0
GIN,1968,-34.337584952775956,-5.267482770979457,0
GIN,1969,-34.33695296096269,-5.268178000597056,0
GIN,1970,-34.33622811277276,-5.268935731906389,0
GIN,1971,-34.35537305004851,-5.330299169741784,0
GIN,1972,-34.35684300980279,-5.337570119839005,0
GIN,1973,-34.33968611740396,-5.289187273032514,0
GIN,1974,-34.14645930180597,-4.715078545050084,0
GIN,1975,-34.14555784694935,-4.715701052209752,0
GIN,1976,-33.99378239839133,-4.262262416494968,0
GIN,1977,-33.91998443698084,-4.043196322638739,0
GIN,1978,-33.84248929650008,-3.813668492236528,0
GIN,1979,-33.852178450828255,-3.848650721144643,0
GIN,1980,-33.82047764810155,-3.7561679679110735,0
GIN,1981,-33.78249580015607,-3.645343662274148,0
GIN,1982,-33.710630905294344,-3.4335583373942584,0
GIN,1983,-33.709971967897275,-3.4352980668220128,0
GIN,1984,-33.62228761969262,-3.1783457723031483,0
GIN,1985,-33.693080567853215,-3.393916775324334,0
GIN,1986,-33.73794330756312,-3.532457322462355,0
GIN,1987,-33.83544187964068,-3.829098084502212,0
GIN,1988,-33.78475614117305,-3.683243798497408,0
GIN,1989,-33.619300686278244,-3.1954628639163536,0
GIN,1990,-33.69663243636222,-3.410547894579141,0
GIN,1991,-33.59227158020203,-3.117759184694349,0
GIN,1992,-33.67601043921762,-3.3948813065450367,0
GIN,1993,-33.83540861977787,-3.8704607634682353,0
GIN,1994,-33.89609591586015,-4.0716210411754785,0
GIN,1995,-34.01564040654819,-4.4311900828939095,0
GIN,1996,-33.949457547007164,-4.241886439214662,0
GIN,1997,-33.70790053465506,-3.5707231063490585,0
GIN,1998,-33.505151047744775,-3.095947721790125,0
GIN,1999,-33.12846711140607,-2.661418594459749,1
GIN,2000,-33.487139822511544,-3.465960666629293,1
GIN,2001,-33.79263030639503,-3.8430993894024956,0
GIN,2002,-33.33775252875603,-2.454282679250305,0
GIN,2003,-33.439977634082396,-2.7806498287963723,0
GIN,2004,-34.12670305540196,-4.830894249592913,0
GIN,2005,-33.42692991122588,-2.8063998167062207,0
GIN,2006,-33.19286428567751,-2.1095078727662306,0
GIN,2007,-32.455174189885994,0.10619224089724977,0
GIN,2008,-30.763148714922902,5.12117936658745,0
GIN,2009,-30.66448425088376,5.387934160263372,0
GIN,2010,-26.422618458093673,18.07304815932224,0
GMB,1960,-34.433432818002466,-5.44216258558758,0
GMB,1961,-34.433032038650175,-5.441745195558436,0
GMB,1962,-34.43264904531121,-5.441382277374197,0
GMB,1963,-34.432427278826346,-5.441200055386519,0
GMB,1964,-34.43230258326575,-5.4414633968812485,0
GMB,1965,-34.43198246245729,-5.441227120944731,0
GMB,1966,-34.431797104272874,-5.440956491364975,0
GMB,1967,-34.43163114696482,-5.44067950475245,0
GMB,1968,-34.43139966682417,-5.440511817213166,0
GMB,1969,-34.431241341158675,-5.440416969125167,0
GMB,1970,-34.43094589491788,-5.4402747878959765,0
GMB,1971,-34.43077764493617,-5.440176688572417,0
GMB,1972,-34.43063972830222,-5.440064784662528,0
GMB,1973,-34.42981445205359,-5.440026245139742,0
GMB,1974,-34.42965996501178,-5.439315419817417,0
GMB,1975,-34.42954560118704,-5.43862023606729,0
GMB,1976,-34.42944421100809,-5.437886786882052,0
GMB,1977,-34.428472472942104,-5.437387981801083,0
GMB,1978,-34.428912842349355,-5.436606609098587,0
GMB,1979,-34.42944359008769,-5.4357474876625975,0
GMB,1980,-34.42897125958621,-5.435353942641864,1
GMB,1981,-34.428790781092076,-5.435217988371823,0
GMB,1982,-34.42950136181327,-5.4345131611400035,0
GMB,1983,-34.42899230574291,-5.434444770955099,0
GMB,1984,-34.4290009671364,-5.434833522903645,0
GMB,1985,-34.429178421120824,-5.435710108331151,0
GMB,1986,-34.428780222157435,-5.436648596965312,0
GMB,1987,-34.4284870808011,-5.437544997228155,0
GMB,1988,-34.428488138903106,-5.43831818126239,0
GMB,1989,-34.418400778695,-5.442377508102768,0
GMB,1990,-34.41674981902539,-5.443671963716536,0
GMB,1991,-34.42612607366584,-5.441193919616089,0
GMB,1992,-34.4269043006756,-5.4418585062944045,0
GMB,1993,-34.42586977455965,-5.443196991318155,0
GMB,1994,-34.425267123098116,-5.444312179241539,0
GMB,1995,-34.42498770233012,-5.445156210794842,0
GMB,1996,-34.422935985060434,-5.446355833645536,0
GMB,1997,-34.42266509561497,-5.446999045015573,0
GMB,1998,-34.42313136233852,-5.447329262429639,0
GMB,1999,-34.42240157321287,-5.447915743301311,0
GMB,2000,-34.422666551461475,-5.448195215723486,0
GMB,2001,-34.42154180091653,-5.448746565529321,0
GMB,2002,-34.42084448181205,-5.449087193935729,0
GMB,2003,-34.42064711341216,-5.4491851270439895,0
GMB,2004,-34.42108786498518,-5.449115182430027,0
GMB,2005,-34.42041733491184,-5.449308452812297,0
GMB,2006,-34.40761560997334,-5.453459059353818,0
GMB,2007,-34.414632606169896,-5.450899819648935,0
GMB,2008,-34.41420565878049,-5.450838290540362,0
GMB,2009,-34.41314298188231,-5.450942659998506,0
GMB,2010,-34.41234670682373,-5.45097059876715,0
GNB,1960,-34.424094021829355,-5.428426274792757,0
GNB,1961,-34.42420526306359,-5.427661463801171,0
GNB,1962,-34.42446244187548,-5.427721619363661,0
GNB,1963,-34.425033462030726,-5.428197127743535,0
GNB,1964,-34.42475180024295,-5.429158984937243,0
GNB,1965,-34.425746890792894,-5.428085977326005,0
GNB,1966,-34.42708150123706,-5.427280385821529,0
GNB,1967,-34.42823959660381,-5.426616352708805,0
GNB,1968,-34.42855149176713,-5.426978755853325,0
GNB,1969,-34.428232954342285,-5.428029646444725,0
GNB,1970,-34.42904686627657,-5.42682035898549,0
GNB,1971,-34.42881611610853,-5.428061574474512,0
GNB,1972,-34.42950140130939,-5.426905037163165,0
GNB,1973,-34.429706550849914,-5.427160160416989,0
GNB,1974,-34.43054076535145,-5.425353676207015,0
GNB,1975,-34.4308676360989,-5.426769587633386,0
GNB,1976,-34.430660463972835,-5.427950224955951,0
GNB,1977,-34.43062325940822,-5.429241700546755,0
GNB,1978,-34.43056164015971,-5.4306282203519265,0
GNB,1979,-34.42843070294477,-5.435040621303589,0
GNB,1980,-34.42810768042025,-5.43459897377511,0
GNB,1981,-34.428153510393706,-5.434346915582948,0
GNB,1982,-34.42802295457442,-5.43409229848458,0
GNB,1983,-34.42817408404653,-5.433805581095199,0
GNB,1984,-34.42810093496848,-5.433594181654904,0
GNB,1985,-34.427893423396135,-5.4334650605241075,0
GNB,1986,-34.427869825091776,-5.433348955187667,0
GNB,1987,-34.42777076021007,-5.433278544336665,0
GNB,1988,-34.42762186524367,-5.433219880939891,0
GNB,1989,-34.42745433470992,-5.433205948490067,0
GNB,1990,-34.42737885745243,-5.4331926296028294,0
GNB,1991,-34.427960741271164,-5.433227463005094,0
GNB,1992,-34.42844388954503,-5.43409753145565,0
GNB,1993,-34.42864282603943,-5.435281426781657,0
GNB,1994,-34.42840958088345,-5.437137618537168,0
GNB,1995,-34.42794264847042,-5.438855420899542,0
GNB,1996,-34.42768344099899,-5.440106125508258,0
GNB,1997,-34.4276996135597,-5.441258020995791,1
GNB,1998,-34.42779421326348,-5.4422576018314075,1
GNB,1999,-34.427831061387806,-5.443024775864277,0
GNB,2000,-34.427483775639075,-5.443502336556682,0
GNB,2001,-34.427221706270295,-5.4441016491299825,0
GNB,2002,-34.42691986901768,-5.4446300009694335,0
GNB,2003,-34.42685282432877,-5.445040395640167,0
GNB,2004,-34.42647759808922,-5.445414344843217,0
GNB,2005,-34.426198194722005,-5.445751060013558,0
GNB,2006,-34.42581602364682,-5.4459465426907725,0
GNB,2007,-34.42553919583145,-5.4461142993694835,0
GNB,2008,-34.42511126485522,-5.44630364283691,0
GNB,2009,-34.424709400734294,-5.446300439329466,0
GNB,2010,-34.424240011680226,-5.446348036097121,0
GRD,1960,-34.439793318355825,-5.4371690437118065,0
GRD,1961,-34.43963635163767,-5.437548614911974,0
GRD,1962,-34.43946209363497,-5.437868868590097,0
GRD,1963,-34.43937535817043,-5.438268202137412,0
GRD,1964,-34.43910597849248,-5.43862249826453,0
GRD,1965,-34.438990779949904,-5.439125488315014,0
GRD,1966,-34.43897772936156,-5.439658151761802,0
GRD,1967,-34.438825895846726,-5.440032888267205,0
GRD,1968,-34.438699555916635,-5.4403445393001695,0
GRD,1969,-34.43842844283587,-5.440550686149088,0
GRD,1970,-34.43816192966259,-5.440671970812151,0
GRD,1971,-34.43769682440713,-5.439905586414205,0
GRD,1972,-34.43691469963643,-5.4379456968655155,0
GRD,1973,-34.43609034796319,-5.435796417789193,0
GRD,1974,-34.43531436539059,-5.433538756041177,0
GRD,1975,-34.4346249983008,-5.431151466077717,0
GRD,1976,-34.43404393818759,-5.428686015412316,0
GRD,1977,-34.43318190140284,-5.426298878506942,0
GRD,1978,-34.432648491679174,-5.423795647955158,0
GRD,1979,-34.432091910334925,-5.42132122904824,0
GRD,1980,-34.43146029390819,-5.418830911116346,0
GRD,1981,-34.430878903889436,-5.416771495939546,0
GRD,1982,-34.43006525318763,-5.415723927028596,1
GRD,1983,-34.42955224780347,-5.4155066895607655,0
GRD,1984,-34.42801418953517,-5.41383441809963,0
GRD,1985,-34.42703198808794,-5.412855443613992,0
GRD,1986,-34.42598408288342,-5.41187080258064,0
GRD,1987,-34.42512687024875,-5.410818532504932,0
GRD,1988,-34.424260974125424,-5.409742092831551,0
GRD,1989,-34.42358278241773,-5.4088179555990274,0
GRD,1990,-34.42283766280899,-5.407868058844221,0
GRD,1991,-34.42225982329756,-5.406969036732274,0
GRD,1992,-34.42172734712324,-5.406106995426671,0
GRD,1993,-34.421307804860255,-5.4051140702140765,0
GRD,1994,-34.421107505026235,-5.404123904733825,0
GRD,1995,-34.42085833342579,-5.403191739477562,0
GRD,1996,-34.42064482971422,-5.402288067580882,0
GRD,1997,-34.420528073966,-5.401346083567269,0
GRD,1998,-34.42033932003188,-5.400342456613176,0
GRD,1999,-34.42008434694045,-5.399435380418805,0
GRD,2000,-34.419490710447974,-5.39869217600439,0
GRD,2001,-34.41961309442797,-5.39728208529067,0
GRD,2002,-34.418799553446064,-5.395555022158102,0
GRD,2003,-34.41786660867176,-5.393714934351409,0
GRD,2004,-34.417032225564284,-5.391790599586276,0
GRD,2005,-34.415965727149896,-5.389523752100247,0
GRD,2006,-34.41487612306851,-5.387282896055904,0
GRD,2007,-34.41377376650205,-5.38499254589806,0
GRD,2008,-34.41264755009315,-5.382708351013136,0
GRD,2009,-34.41151403631048,-5.380461530156163,0
GRD,2010,-34.41055046641645,-5.3781883449932675,0
GTM,1960,-34.40836958956667,-5.459992696578318,1
GTM,1961,-34.407494430554955,-5.460286548828686,1
GTM,1962,-34.40649658823948,-5.460643860492886,1
GTM,1963,-34.40557500894996,-5.461060453844213,1
GTM,1964,-34.40457305393912,-5.461442925256482,1
GTM,1965,-34.40372009538228,-5.461750709314807,1
GTM,1966,-34.402529109842305,-5.462460834827362,1
GTM,1967,-34.40159781068077,-5.4629472936062315,1
GTM,1968,-34.40062734429058,-5.463657291051221,1
GTM,1969,-34.39945398606084,-5.464527477536702,1
GTM,1970,-34.39818160196304,-5.465209328208111,1
GTM,1971,-34.39688161919562,-5.46693205320324,1
GTM,1972,-34.396290060504334,-5.469383070034109,1
GTM,1973,-34.39464925440666,-5.469755863843058,1
GTM,1974,-34.35322623011998,-5.351582721975253,1
GTM,1975,-34.35434987524763,-5.361030660733704,1
GTM,1976,-34.34227148523961,-5.329598290990661,1
GTM,1977,-34.34456903996369,-5.3407882110632,1
GTM,1978,-34.299871254731904,-5.21358684789304,1
GTM,1979,-34.03684308339844,-4.431213067566631,1
GTM,1980,-34.008779473279894,-4.350154485312937,1
GTM,1981,-34.35770890382505,-5.403859340695539,1
GTM,1982,-34.37904670887136,-5.472601701592008,1
GTM,1983,-34.37811029586031,-5.474623724122733,1
GTM,1984,-34.3680844091891,-5.4772627889276775,1
GTM,1985,-34.298769004223374,-5.500426885681088,1
GTM,1986,-34.28483667102982,-5.505546133646421,1
GTM,1987,-34.261821451373095,-5.513101637262469,1
GTM,1988,-34.21405881448582,-5.528921995118465,1
GTM,1989,-34.24656670945248,-5.518087433527416,1
GTM,1990,-34.21141615474286,-5.529598997662708,1
GTM,1991,-34.22086550708038,-5.527372493492351,1
GTM,1992,-34.150394257949635,-5.550190324841664,1
GTM,1993,-33.800530002767076,-5.667069272300004,1
GTM,1994,-33.6110583095743,-5.730004937403316,1
GTM,1995,-33.72993697193538,-5.691389353376949,0
GTM,1996,-33.77028018001155,-5.677729263608003,0
GTM,1997,-33.59548262131717,-5.717424126283243,0
GTM,1998,-33.812876432936534,-5.655631182119784,0
GTM,1999,-33.38432773328597,-5.360645390945232,0
GTM,2000,-33.483768931915215,-5.180795937512133,0
GTM,2001,-33.400085977394276,-5.572042814538932,0
GTM,2002,-32.78859869841392,-5.366021175534834,0
GTM,2003,-32.974986142805555,-5.013734379102252,0
GTM,2004,-33.49781040926255,-5.768561062992931,0
GTM,2005,-32.681866182490396,-5.648045103501566,0
GTM,2006,-30.060275795979205,-1.9110439442983678,0
GTM,2007,-28.696623097493266,2.098358646800224,0
GTM,2008,-28.528217587573145,1.2803325024094638,0
GTM,2009,-28.168127439863753,3.532888434043734,0
GTM,2010,-25.14189145621319,9.105000762537456,0
HND,1960,-34.371638490344594,-5.298026166227063,0
HND,1961,-34.371337042541086,-5.298899144315661,0
HND,1962,-34.371097820313544,-5.299631107981694,0
HND,1963,-34.370836176446424,-5.300324226990992,0
HND,1964,-34.370388773340956,-5.301001132578062,0
HND,1965,-34.3699673060537,-5.301665522432795,0
HND,1966,-34.3698696458493,-5.302228112796072,0
HND,1967,-34.36927665951012,-5.302872313190499,0
HND,1968,-34.368609871597215,-5.303507964306145,1
HND,1969,-34.36822171732207,-5.3040535945092175,0
HND,1970,-34.367775491594536,-5.30454213016333,0
HND,1971,-34.37107957102696,-5.316905110028294,0
HND,1972,-34.336907405968915,-5.217036323242495,0
HND,1973,-34.12051146858513,-4.57128187458583,0
HND,1974,-33.919620984205594,-3.973646851530157,0
HND,1975,-34.208811584131986,-4.846915150204409,0
HND,1976,-34.22528866141864,-4.902370035709807,0
HND,1977,-34.248936672066215,-4.982485634823816,0
HND,1978,-34.273232037579184,-5.066608196515434,0
HND,1979,-33.97184249879141,-4.180503302785615,0
HND,1980,-33.872931205214265,-3.904570546838401,0
HND,1981,-34.15290935546973,-4.7686858999097606,0
HND,1982,-33.932536583135644,-4.149352563112016,0
HND,1983,-33.65050826208265,-3.355090662647918,0
HND,1984,-33.47352879254757,-3.0045589921890303,0
HND,1985,-33.614312001304036,-3.365221662162738,0
HND,1986,-34.12542750401621,-5.1961933151359245,0
HND,1987,-33.950909704830934,-5.2788235545873565,0
HND,1988,-32.44026790841429,-1.212039256794653,0
HND,1989,-32.61328263964706,-1.9974606744228454,0
HND,1990,-33.167503258946795,-3.704225946747097,0
HND,1991,-33.63524185496575,-5.548560224780171,0
HND,1992,-33.40877011038329,-5.734415345321981,0
HND,1993,-32.973194901861746,-5.917727873881098,0
HND,1994,-32.86378928159068,-5.9537410003219575,0
HND,1995,-33.15003647394121,-5.836211484284799,0
HND,1996,-32.63133460089175,-6.007123765607188,0
HND,1997,-32.767922349622665,-5.9557075241370665,0
HND,1998,-33.015954078643084,-5.914380695181634,0
HND,1999,-32.89622274744217,-5.964427796942427,0
HND,2000,-32.68153061587637,-6.035927855801461,0
HND,2001,-31.93519632362472,-5.686111072699127,0
HND,2002,-31.42710077650905,-6.177225006872271,0
HND,2003,-30.39346165656223,-6.79887370793063,0
HND,2004,-29.75864044830717,-6.8683492459078685,0
HND,2005,-25.79501419022393,-7.514856859624261,0
HND,2006,-23.60673006204071,-4.410897766264981,0
HND,2007,-23.975902894508785,-5.142587398192724,0
HND,2008,-26.10372054152254,-7.232637888404078,0
HND,2009,-28.78946027050219,-5.02076259817742,0
HND,2010,-28.12734605849541,-2.2868003853209204,0
HRV,1960,-34.373399244844826,-5.4142895253430545,0
HRV,1961,-34.37296451898498,-5.412164840017518,0
HRV,1962,-34.37206263944488,-5.411146066786397,0
HRV,1963,-34.370985102784154,-5.4102865962009865,0
HRV,1964,-34.36972745640095,-5.409555220766971,0
HRV,1965,-34.368393962173094,-5.408917148934996,0
HRV,1966,-34.36717686710755,-5.407955584353567,0
HRV,1967,-34.365956029273576,-5.406697004112332,0
HRV,1968,-34.364659902512855,-5.405606241006571,0
HRV,1969,-34.36331902834163,-5.404457475602031,0
HRV,1970,-34.36190773602611,-5.403062641334791,0
HRV,1971,-34.36036784756909,-5.402186976430543,0
HRV,1972,-34.359103166309716,-5.401062144923002,0
HRV,1973,-34.357693476499946,-5.400046474230094,0
HRV,1974,-34.356282030454224,-5.398777163825447,0
HRV,1975,-34.35504139043372,-5.397308487965406,0
HRV,1976,-34.353711519825964,-5.3958428356900985,0
HRV,1977,-34.35231779972867,-5.394548041748949,0
HRV,1978,-34.351247538050714,-5.393281947772112,0
HRV,1979,-34.350391398484994,-5.392055031326205,0
HRV,1980,-34.350103346354175,-5.39107939073074,0
HRV,1981,-34.35077216112122,-5.3894629242645316,0
HRV,1982,-34.351321939249736,-5.3887735077563805,0
HRV,1983,-34.351621608464235,-5.388436757449184,0
HRV,1984,-34.35144220640966,-5.38779228414275,0
HRV,1985,-34.35075218103952,-5.386848474336435,0
HRV,1986,-34.34976202586597,-5.385970050658618,0
HRV,1987,-34.34881321961984,-5.38506627590779,0
HRV,1988,-34.34772868265687,-5.384240048417233,0
HRV,1989,-34.34680709309879,-5.3829650208294915,0
HRV,1990,-34.34579877849507,-5.3818525402079525,0
HRV,1991,-34.3437567838462,-5.383573073395539,1
HRV,1992,-33.18753278359368,-5.767331586536088,1
HRV,1993,-33.55813488763402,-5.64301768249869,1
HRV,1994,-33.499617375065434,-5.657917699725509,1
HRV,1995,-33.656784809624774,-5.604941682840803,0
HRV,1996,-33.84425931572786,-5.539829372219914,0
HRV,1997,-33.738310914704535,-5.573134831740344,0
HRV,1998,-33.31681783678171,-5.711369185018423,0
HRV,1999,-33.261063637634244,-5.727430924147363,0
HRV,2000,-33.16434594657369,-5.75675876576739,0
HRV,2001,-32.56046798808261,-5.949483567412169,0
HRV,2002,-32.79107174945494,-5.871869581181336,0
HRV,2003,-32.7206426530689,-5.892784782922027,0
HRV,2004,-32.15459410942987,-6.078944185542519,0
HRV,2005,-31.98213410954448,-6.134501977143863,0
HRV,2006,-31.133846494140673,-6.415499984617414,0
HRV,2007,-31.591540335735697,-6.260669991174364,0
HRV,2008,-31.658008895387102,-6.236612363858956,0
HRV,2009,-31.554857080896202,-6.269593934689854,0
HRV,2010,-31.664844086018473,-6.231631686291244,0
HTI,1960,-34.315698651170344,-5.187700107052525,0
HTI,1961,-34.31509909370376,-5.187965950598958,0
HTI,1962,-34.31444923505506,-5.188299195963567,0
HTI,1963,-34.31388051371636,-5.188849523425751,0
HTI,1964,-34.31297735330994,-5.188986685626971,0
HTI,1965,-34.312190750965726,-5.189323864326191,0
HTI,1966,-34.31134731955237,-5.1896959928307504,0
HTI,1967,-34.3105058935913,-5.1899510608631365,0
HTI,1968,-34.30957078053208,-5.190293349813514,0
HTI,1969,-34.30865876906801,-5.190602983185039,0
HTI,1970,-34.307658148463226,-5.190830389737055,0
HTI,1971,-34.32343669171939,-5.241069236991869,0
HTI,1972,-34.382958503718875,-5.422219034248225,0
HTI,1973,-34.38259836106365,-5.42429426608148,0
HTI,1974,-34.372476016245834,-5.397244878379776,0
HTI,1975,-34.37683462338485,-5.413481387416243,0
HTI,1976,-34.3664711913847,-5.385810927485823,0
HTI,1977,-34.362120828300014,-5.376152333463862,0
HTI,1978,-34.36301220295821,-5.38201651523066,0
HTI,1979,-34.36651389075523,-5.395871355701657,0
HTI,1980,-34.368943382093384,-5.406549849558883,0
HTI,1981,-34.362277347750116,-5.390130884434535,0
HTI,1982,-34.365236589748925,-5.402375988633016,0
HTI,1983,-34.38352801976745,-5.461001933827606,0
HTI,1984,-34.38260471204971,-5.461750341326038,0
HTI,1985,-34.38186755323721,-5.462348258266864,0
HTI,1986,-34.38107376336837,-5.462988373894082,0
HTI,1987,-34.38023455589441,-5.463621411522557,0
HTI,1988,-34.37943510848723,-5.464227302509678,1
HTI,1989,-34.37848773965669,-5.464904126118636,1
HTI,1990,-34.37762156588369,-5.465539659387722,1
HTI,1991,-34.37667531072112,-5.466213982240583,1
HTI,1992,-34.3757300892072,-5.466748622061289,1
HTI,1993,-34.37459095688139,-5.467075494560627,1
HTI,1994,-34.373613659752344,-5.467638639947858,1
HTI,1995,-34.3724185571172,-5.468136951923433,1
HTI,1996,-34.3711748651346,-5.468614854388343,1
HTI,1997,-34.36986258961204,-5.46910330246798,1
HTI,1998,-34.36849245521853,-5.4695639590572815,1
HTI,1999,-34.36702706448991,-5.469974142018216,1
HTI,2000,-34.36341643517392,-5.471074928876516,1
HTI,2001,-34.36183783665445,-5.471705599084522,1
HTI,2002,-34.360100312691266,-5.471851179334924,1
HTI,2003,-34.35830791485778,-5.471951340865017,1
HTI,2004,-34.35297475567501,-5.473133612373491,1
HTI,2005,-34.35076256261891,-5.473122246127967,1
HTI,2006,-34.34863357660538,-5.473268838482203,1
HTI,2007,-34.32451138332447,-5.480686978895171,1
HTI,2008,-34.32234562814111,-5.480772615426286,1
HTI,2009,-34.30951041777624,-5.484334459991897,1
HTI,2010,-34.28703272626245,-5.493630436417632,1
IDN,1960,-19.72915446198073,-9.526984548253843,1
IDN,1961,-18.7471002969994,-9.85641433158506,1
IDN,1962,-18.19679925570082,-10.043547588312467,1
IDN,1963,-18.35048305547877,-9.996297980430075,1
IDN,1964,-17.484894697236285,-10.286386822241736,1
IDN,1965,-17.317238619525753,-10.362746673337163,1
IDN,1966,-15.503185345435803,-10.97075351555786,1
IDN,1967,-14.173465262147388,-11.419854991123591,1
IDN,1968,-15.495125899215015,-10.972855583730375,1
IDN,1969,-15.203397829581224,-11.072261162136003,1
IDN,1970,-14.66134799017864,-11.25792538527929,1
IDN,1971,-13.613631987379577,-11.277129129386822,1
IDN,1972,-12.705397456132737,-11.391900802876382,1
IDN,1973,-9.923920620042523,-9.289574248791055,1
IDN,1974,-7.1661858481284035,-4.786982867464077,1
IDN,1975,-6.277991871645458,-9.769993448992608,1
IDN,1976,-4.711750838153414,-9.249424237117685,1
IDN,1977,-0.6479880048833166,-6.830917938524934,1
IDN,1978,2.6023145008385455,-5.9640038829605295,1
IDN,1979,7.157061539604214,0.22524329148185895,1
IDN,1980,12.089610676105323,1.8327955769941164,1
IDN,1981,17.441232232440676,-7.405157923229475,1
IDN,1982,16.525237036033843,-12.30941648688994,1
IDN,1983,21.873520451666153,-13.6234464528781,1
IDN,1984,26.454824048410153,-15.139936791743942,1
IDN,1985,31.3026811908097,-17.04464756045995,1
IDN,1986,38.99324179201262,-23.414396759093613,1
IDN,1987,47.821919082547346,-22.58584336904393,1
IDN,1988,66.21538799242157,8.123388818804074,1
IDN,1989,72.64160286763928,11.250356079952072,1
IDN,1990,80.6520504885699,-5.416371310454874,1
IDN,1991,76.30617368616151,-22.937922110135858,1
IDN,1992,81.65333012892467,-28.45447064866297,1
IDN,1993,91.30579071779016,-36.4199845224702,1
IDN,1994,91.99891397286373,-30.726948761003925,1
IDN,1995,118.16465248716688,25.048124711748123,1
IDN,1996,142.32423301205432,19.485354076270745,1
IDN,1997,118.32163909897051,5.721863367753095,1
IDN,1998,117.16484711474163,19.247292311998663,1
IDN,1999,144.09724768542915,23.181108128452287,1
IDN,2000,168.43860142677673,33.48414643805207,1
IDN,2001,181.67076215581798,26.128346393209128,1
IDN,2002,193.40920505832293,27.088460466075553,1
IDN,2003,216.9303776102163,45.73564384386791,1
IDN,2004,260.69083717075995,41.45291080866956,1
IDN,2005,409.55356511780366,117.90320944261912,1
IDN,2006,495.3897522023808,174.692754659535,1
IDN,2007,704.4193781287377,429.480584255632,1
IDN,2008,700.6252101716592,14.386005849668836,1
IDN,2009,900.3331412206126,128.98888141435415,1
IDN,2010,1224.8908883917377,219.17057635644218,1
IND,1960,-21.561139974586766,-5.072210761487772,1
IND,1961,-20.74406995695954,-5.355186845052953,1
IND,1962,-19.782131905971582,-5.722773372094999,1
IND,1963,-18.733166892742954,-6.08331470160789,1
IND,1964,-17.536477423503204,-6.510123634122336,1
IND,1965,-16.274583547956556,-6.957733013408097,1
IND,1966,-14.87580150774074,-7.4663161835783605,1
IND,1967,-13.368282720810019,-7.9488711623293495,1
IND,1968,-11.618102031861401,-8.620886254693701,1
IND,1969,-9.679539282472536,-9.27407888223729,1
IND,1970,-7.5055867031336625,-9.933187942315627,1
IND,1971,-4.626547603769563,-10.46031245407438,1
IND,1972,-1.6964220704765438,-11.489608863896287,1
IND,1973,1.8943327255755804,-12.151626640719634,1
IND,1974,6.2117925471483915,-10.47881456474746,1
IND,1975,10.83616840555105,-9.162634415221639,1
IND,1976,16.84210310178831,-5.298017570238287,1
IND,1977,21.59620573027184,-6.618922527636043,1
IND,1978,25.19233082281626,-13.295993164727737,1
IND,1979,31.87194092980159,-12.266739557493455,1
IND,1980,39.42858286764838,-11.17504299488684,1
IND,1981,46.71054263937608,-13.21450445716448,1
IND,1982,56.277654924311754,-11.09395972651577,1
IND,1983,63.48392703023364,-19.202543932032732,1
IND,1984,74.94090286024542,-23.482581959857377,1
IND,1985,85.94752530404998,-25.502489322422115,1
IND,1986,95.23231336612574,-28.17930818242305,1
IND,1987,111.9373491708312,-36.091799503979885,1
IND,1988,132.36935922724217,-34.6430134525933,1
IND,1989,153.7206156911806,-34.05954425834983,1
IND,1990,156.12775495782773,-34.60143063751594,1
IND,1991,188.48623121775952,-55.55636328817187,1
IND,1992,220.52841867795533,-56.01267879381127,1
IND,1993,222.2352576127311,-63.60460365525716,1
IND,1994,235.86130088271196,-81.49630485062906,1
IND,1995,260.56354347430874,-86.52447813222483,1
IND,1996,278.1768682583563,-90.79075834091618,1
IND,1997,300.05857686062865,-85.42260274800964,1
IND,1998,319.4485920588934,-52.86073194011465,1
IND,1999,353.31076118384374,-79.62045825118788,1
IND,2000,321.8677249808204,-66.30251008817352,1
IND,2001,345.94764836644094,-95.19167966732539,1
IND,2002,359.1794197963153,-95.15189804232662,1
IND,2003,383.0186221359274,-96.22014834734253,1
IND,2004,476.799574766884,-90.30818787945475,1
IND,2005,574.952968474,107.37017734552903,1
IND,2006,662.9374549236845,251.98501465309158,1
IND,2007,843.3073442776924,828.9912824026642,1
IND,2008,1066.8985652851518,1080.2087537461223,1
IND,2009,824.0884037176626,385.42972028988726,1
IND,2010,1021.241351328563,979.1519102262473,1
IRN,1960,-34.183241696261305,-5.313613604487459,1
IRN,1961,-34.18061236024538,-5.314795402756804,1
IRN,1962,-34.17754539901794,-5.316653554491814,1
IRN,1963,-34.17413337096179,-5.318721014151285,1
IRN,1964,-34.169866466063304,-5.321180544181027,1
IRN,1965,-34.16458361087574,-5.32424594848711,1
IRN,1966,-34.15789215478355,-5.33035975701692,1
IRN,1967,-34.151437670131685,-5.3356937104727775,1
IRN,1968,-34.145585191964535,-5.339730534731499,1
IRN,1969,-34.140157374516065,-5.3420721167549265,1
IRN,1970,-34.133770617422805,-5.344525230828915,1
IRN,1971,-34.13315734375917,-5.401928749294537,1
IRN,1972,-34.072237712516205,-5.290608888610605,1
IRN,1973,-33.71109775672712,-4.321918154338659,1
IRN,1974,-33.15001013142349,-3.019771252165137,1
IRN,1975,-33.61883547185708,-4.797133057230107,1
IRN,1976,-33.404008846022286,-4.856532749435314,1
IRN,1977,-33.232985099631094,-4.994138015443306,1
IRN,1978,-33.057980438182256,-5.135676309111485,1
IRN,1979,-32.649444080134565,-5.126535840879093,1
IRN,1980,-32.418903284857436,-5.703033335180658,1
IRN,1981,-32.138098462544576,-5.716019719905596,1
IRN,1982,-31.39950640683952,-5.067846457252224,1
IRN,1983,-30.89193225040905,-4.731543683967914,1
IRN,1984,-30.57219192621045,-5.533793666719407,1
IRN,1985,-30.576392368777313,-5.2485755524907125,1
IRN,1986,-30.25502436649417,-6.112690985264058,1
IRN,1987,-29.41152100586871,-5.868531313193223,1
IRN,1988,-26.853896309066403,0.7916719882119612,1
IRN,1989,-26.766946398916193,1.2079312049423434,1
IRN,1990,-27.45890294207981,-1.5213915249649719,1
IRN,1991,-29.443039205482577,-3.66609562063233,1
IRN,1992,-27.94291815139224,-0.2278664133438193,1
IRN,1993,-28.900355261901257,-3.42457945664242,1
IRN,1994,-26.9199402302097,0.5321288713942707,1
IRN,1995,-25.155876782057135,4.237906994203335,1
IRN,1996,-26.947441142724234,-1.8873362142472758,1
IRN,1997,-26.799343150005186,-1.61936781918206,1
IRN,1998,-26.76842925412546,-3.2038229954376467,1
IRN,1999,-27.414867300036892,-4.383627177881759,1
IRN,2000,-26.101404293783197,-5.399306676103751,1
IRN,2001,-22.383781986713775,-6.684663247318049,1
IRN,2002,-20.233266305738518,-8.504975307941303,1
IRN,2003,-17.7232423569211,-9.137159016187056,1
IRN,2004,-11.468960624150725,2.4152273381692115,1
IRN,2005,-4.908219276787303,17.785741170965018,1
IRN,2006,14.725441791729068,66.45083678394475,1
IRN,2007,40.27583720277273,126.34981107894502,1
IRN,2008,38.631295145333645,123.53809445858595,1
IRN,2009,19.404452808842862,52.012718982734455,1
IRN,2010,54.010728156366106,132.69490488499855,1
IRQ,1960,-34.37484827873465,-5.457338794504634,1
IRQ,1961,-34.37318066692177,-5.457760773210507,1
IRQ,1962,-34.371527709356485,-5.458953594393932,1
IRQ,1963,-34.36912760689864,-5.460329382547457,1
IRQ,1964,-34.365627614913215,-5.4618037518864915,1
IRQ,1965,-34.36371156471375,-5.462722010539861,1
IRQ,1966,-34.36149865898397,-5.463980358424426,1
IRQ,1967,-34.3594982395182,-5.464821246684168,1
IRQ,1968,-34.355209179607286,-5.466532412772543,1
IRQ,1969,-34.3515355159629,-5.468109855336094,1
IRQ,1970,-34.34565819888135,-5.470224767440224,1
IRQ,1971,-34.32806187755065,-5.4773492967308135,1
IRQ,1972,-34.25706772539995,-5.50154123292518,1
IRQ,1973,-34.17055572967787,-5.531461969476337,1
IRQ,1974,-34.03322650883196,-5.578954609161595,1
IRQ,1975,-33.94626381950221,-5.609264229664371,1
IRQ,1976,-33.8664897046687,-5.637160350342023,1
IRQ,1977,-33.82177766161319,-5.6514737369643635,1
IRQ,1978,-33.77828505473233,-5.667088011341621,1
IRQ,1979,-33.73452834417931,-5.68441937661462,1
IRQ,1980,-33.70339235128749,-5.69375776094798,1
IRQ,1981,-33.67780097356743,-5.7071643405299355,1
IRQ,1982,-33.65427076301207,-5.715798805672831,1
IRQ,1983,-33.636778235720115,-5.719030667716987,1
IRQ,1984,-33.55270184529269,-5.74817321235549,1
IRQ,1985,-33.54695667840547,-5.767633835823942,1
IRQ,1986,-33.533593468073015,-5.7544894399909765,1
IRQ,1987,-33.40859985838466,-5.808494457073732,1
IRQ,1988,-33.44908134131832,-5.79409195517707,1
IRQ,1989,-33.7887846739784,-5.673877638020931,1
IRQ,1990,-33.99900635271502,-5.6519618128347,1
IRQ,1991,-33.995012943930156,-5.614528262696576,1
IRQ,1992,-33.487841483696876,-5.775963609225405,1
IRQ,1993,-33.63121607954231,-5.686862279544057,1
IRQ,1994,-33.584889310262945,-5.7444999213618155,1
IRQ,1995,-33.83246000144839,-5.663649821586234,1
IRQ,1996,-33.84299473711498,-5.663217562954326,1
IRQ,1997,-33.68582242614657,-5.716747816101081,1
IRQ,1998,-32.98985539307334,-5.94780065635155,1
IRQ,1999,-33.8846678476418,-5.648414544756371,1
IRQ,2000,-33.95388319887654,-5.624926241624404,1
IRQ,2001,-33.8998325991714,-5.6492671337688085,1
IRQ,2002,-33.899729675805915,-5.641057173732131,1
IRQ,2003,-33.88849571407781,-5.658313577719844,1
IRQ,2004,-31.866187113871437,-6.326940488251826,1
IRQ,2005,-31.181108026908582,-6.557704416075444,1
IRQ,2006,-31.642001097832733,-6.499613310609299,1
IRQ,2007,-31.491864625551585,-6.490538489226667,1
IRQ,2008,-30.966725382195087,-6.597636495188547,1
IRQ,2009,-31.035505248168125,-6.599964824191915,1
IRQ,2010,-30.75932645146749,-6.695443942942494,1
ISR,1960,-32.65519464205182,-5.400787666260781,1
ISR,1961,-32.522570821060505,-5.4420624789071805,1
ISR,1962,-32.53400197443647,-5.437169243965048,1
ISR,1963,-32.31390647868236,-5.510389197909234,1
ISR,1964,-32.22341263070265,-5.5407018931911844,1
ISR,1965,-32.24585340266755,-5.532770651507249,1
ISR,1966,-32.438217891485124,-5.467472491980967,1
ISR,1967,-32.58770703996702,-5.417517813652388,1
ISR,1968,-32.38486835267817,-5.483869744871271,1
ISR,1969,-32.32512905860197,-5.5034792732431255,1
ISR,1970,-32.046482035368385,-5.5961358725030745,1
ISR,1971,-31.971521394462755,-5.834642240157582,1
ISR,1972,-31.884421987506393,-5.848734258584809,1
ISR,1973,-31.758411915249606,-5.584676344080417,1
ISR,1974,-31.61320374390207,-4.104744549009549,1
ISR,1975,-31.8047089713259,-4.696758110414217,1
ISR,1976,-32.12153214700376,-5.652450370308178,1
ISR,1977,-31.53945758556618,-4.425307217620242,1
ISR,1978,-32.16973373346806,-6.09883089479388,1
ISR,1979,-32.26097424035594,-5.989555457107061,1
ISR,1980,-32.19571741023849,-5.29538395093535,1
ISR,1981,-32.06379401306659,-4.833146847971371,1
ISR,1982,-32.20642805804203,-5.260442031494776,1
ISR,1983,-32.33895267877648,-5.529048276075341,1
ISR,1984,-32.424142870133565,-6.0595975809083304,1
ISR,1985,-32.0919708499186,-5.882071520757679,1
ISR,1986,-32.290696874750644,-6.1041536546460184,1
ISR,1987,-31.995977874417687,-6.201144713848199,1
ISR,1988,-31.807371600463032,-6.264094171249661,1
ISR,1989,-31.89855999604373,-6.231952051176071,1
ISR,1990,-31.896126469859595,-6.219418556731746,1
ISR,1991,-31.81350692502125,-6.24883386110878,1
ISR,1992,-32.29574844296826,-6.093631494145254,1
ISR,1993,-32.05766467524452,-6.172800856219455,1
ISR,1994,-31.82265787157846,-6.249976575223519,1
ISR,1995,-31.618256447466084,-6.316718332870312,1
ISR,1996,-31.383611168822522,-6.393535075761062,1
ISR,1997,-31.26123190093228,-6.434410513174748,1
ISR,1998,-31.209561327496143,-6.451736048277102,1
ISR,1999,-31.171248781838052,-6.462166401847586,1
ISR,2000,-30.944923594005253,-6.538244986305253,1
ISR,2001,-30.73546643852746,-6.609075711648513,1
ISR,2002,-30.574189906255654,-6.663441164779211,1
ISR,2003,-30.82242064287523,-6.580358578220071,1
ISR,2004,-30.562397015982864,-6.6662150381438305,1
ISR,2005,-30.542773920708818,-6.671754381345639,1
ISR,2006,-30.3076483186668,-5.808299659901341,1
ISR,2007,-30.00742969482988,-4.530117617434296,1
ISR,2008,-24.030435080910635,14.141907800165834,1
ISR,2009,-26.333396707797583,7.719183500151734,1
ISR,2010,-28.62270582325157,0.4623880295699969,1
JOR,1960,-34.431005346792745,-5.437720342966688,0
JOR,1961,-34.43081494874968,-5.439092910910897,0
JOR,1962,-34.4306054984001,-5.440134431182885,0
JOR,1963,-34.43061803037565,-5.441037032698901,0
JOR,1964,-34.43096843988543,-5.441512376311012,0
JOR,1965,-34.431468370460394,-5.441721562828531,0
JOR,1966,-34.43180425393571,-5.442065055796083,1
JOR,1967,-34.4317929463478,-5.4425685375189605,0
JOR,1968,-34.431284680367206,-5.4437459512709125,0
JOR,1969,-34.43027100104278,-5.445505846652011,0
JOR,1970,-34.42914235632945,-5.447705482391501,0
JOR,1971,-34.42776292934011,-5.449706702037131,0
JOR,1972,-34.42687044496382,-5.451303216064074,0
JOR,1973,-34.42631794744986,-5.452355268039449,0
JOR,1974,-34.17400858761381,-4.699666231121837,0
JOR,1975,-34.14522711218565,-4.615343495086715,0
JOR,1976,-34.33067643044176,-5.171854679643742,0
JOR,1977,-34.121298281630196,-4.5460985330699994,0
JOR,1978,-34.41801424685519,-5.43455506976009,0
JOR,1979,-34.40703400962521,-5.401999175411404,0
JOR,1980,-34.28014221782228,-5.0225350637307375,0
JOR,1981,-34.19308865136332,-4.762833489953674,0
JOR,1982,-34.28391343724427,-5.044064059446467,0
JOR,1983,-34.323446234689385,-5.164323648888187,0
JOR,1984,-34.417211227427934,-5.456086404725034,0
JOR,1985,-34.36683624269864,-5.317304053765042,0
JOR,1986,-34.40928754457096,-5.4580565832609915,0
JOR,1987,-34.4073929606483,-5.458178441964957,0
JOR,1988,-34.406266216510616,-5.457911241925343,0
JOR,1989,-34.407904978621104,-5.456234834433828,0
JOR,1990,-34.41271656168093,-5.437991655512118,0
JOR,1991,-34.40778363701177,-5.453154283448503,0
JOR,1992,-34.4050333913725,-5.451679816132473,0
JOR,1993,-34.39597278853831,-5.454075639645355,0
JOR,1994,-34.38846416749494,-5.457094251588747,0
JOR,1995,-34.37068467583373,-5.464526834726048,0
JOR,1996,-34.36572477697598,-5.46752442703107,0
JOR,1997,-34.36010479358583,-5.4700947934231845,0
JOR,1998,-34.342830190574155,-5.475297516166833,0
JOR,1999,-34.303916843985824,-5.487460532708931,0
JOR,2000,-34.29348290397168,-5.489919239869521,0
JOR,2001,-34.29717157690951,-5.487494722217301,0
JOR,2002,-34.30018039785451,-5.485215525855581,0
JOR,2003,-34.27618056988576,-5.491739923559476,0
JOR,2004,-34.302961975822704,-5.480291837965417,0
JOR,2005,-34.28849659012599,-5.48455845308398,0
JOR,2006,-34.065188923307645,-4.720207735630474,0
JOR,2007,-33.78294372019314,-3.9702192491075228,0
JOR,2008,-30.481909705929123,5.8848007703237215,0
JOR,2009,-31.936989864582042,1.572611321610088,0
JOR,2010,-32.91926201407025,-1.4161119851575927,0
KEN,1960,-34.31363277817983,-5.4952968424832225,0
KEN,1961,-34.30711364157008,-5.498820052498962,0
KEN,1962,-34.313323911901335,-5.498172699411991,0
KEN,1963,-34.307989271097775,-5.5015237737362295,0
KEN,1964,-34.29755470969042,-5.506391056979635,0
KEN,1965,-34.300540783115245,-5.5065082133942544,0
KEN,1966,-34.302367976992386,-5.507850111030697,0
KEN,1967,-34.302083807893105,-5.509107973404157,0
KEN,1968,-34.30667419109162,-5.509144906799774,0
KEN,1969,-34.30753327648578,-5.510163359539936,0
KEN,1970,-34.31300914864236,-5.510720645032018,0
KEN,1971,-34.313821249780716,-5.51635408261934,0
KEN,1972,-34.31963803343676,-5.51576025316888,0
KEN,1973,-34.31461111804474,-5.51650906654474,0
KEN,1974,-34.314604210721846,-5.517682274628467,0
KEN,1975,-34.31425285912139,-5.522845404409327,0
KEN,1976,-34.307398366900074,-5.530157806818337,0
KEN,1977,-34.3052738445521,-5.52932271440829,0
KEN,1978,-34.29763543370638,-5.5330875230316225,0
KEN,1979,-34.296442958054804,-5.533661350812892,0
KEN,1980,-34.29344182434225,-5.533541834439363,0
KEN,1981,-34.2871901946881,-5.5382894506147755,1
KEN,1982,-34.27322988350304,-5.543047891653233,0
KEN,1983,-34.26531610194646,-5.544699104152842,0
KEN,1984,-34.259520999402234,-5.5470099326664934,0
KEN,1985,-34.25091742882558,-5.551867539410621,0
KEN,1986,-34.23893191043348,-5.55250040475973,0
KEN,1987,-34.22293659783339,-5.524124664654613,0
KEN,1988,-34.167893372398765,-5.5750074569469135,0
KEN,1989,-34.09215310144818,-5.603909601847819,0
KEN,1990,-34.03147747937193,-5.6181213573550295,0
KEN,1991,-34.03667043466908,-5.630660526164359,0
KEN,1992,-34.04509095372468,-5.629898753301778,0
KEN,1993,-34.032308341300286,-5.63163660638075,0
KEN,1994,-33.97017715186449,-5.607804746325832,0
KEN,1995,-33.98872611354117,-5.638330269681515,0
KEN,1996,-34.089639850159,-5.547447131028199,0
KEN,1997,-34.15275038463122,-5.533535482603403,0
KEN,1998,-34.15892390706876,-5.550964467672073,0
KEN,1999,-34.11395659866057,-5.528633360796187,0
KEN,2000,-34.04333475817674,-5.462605330687104,0
KEN,2001,-33.95394414471122,-5.463730206194948,0
KEN,2002,-33.93986345347807,-5.3286287147327585,0
KEN,2003,-33.965751351906086,-5.536875448989264,0
KEN,2004,-33.97786698851612,-5.615590372589508,0
KEN,2005,-33.95207636233378,-5.593148836216805,0
KEN,2006,-33.92610571765602,-5.526591402721646,0
KEN,2007,-33.0536840099748,-4.751628842170645,0
KEN,2008,-33.326771364951746,-5.7095152119371155,0
KEN,2009,-33.096199493536425,-5.304622405144895,0
KEN,2010,-31.45109698517959,-4.5296890337450755,0
KGZ,1960,-34.40670031845111,-5.4205397478638035,0
KGZ,1961,-34.40697320365672,-5.422127944734151,0
KGZ,1962,-34.40713357851805,-5.423656910694453,0
KGZ,1963,-34.40730185279345,-5.425542479509583,0
KGZ,1964,-34.4074177297736,-5.4273539845068255,0
KGZ,1965,-34.407401974155974,-5.428734935148102,0
KGZ,1966,-34.40706028249335,-5.430092901379751,0
KGZ,1967,-34.406679015906725,-5.431089844240051,0
KGZ,1968,-34.40627750124808,-5.432112322109277,0
KGZ,1969,-34.405840235507284,-5.433248164530249,0
KGZ,1970,-34.40531670254415,-5.434277254199772,0
KGZ,1971,-34.40473320878475,-5.435618031557578,0
KGZ,1972,-34.404318107588104,-5.436618747918832,0
KGZ,1973,-34.40394986629735,-5.437366649353749,0
KGZ,1974,-34.403530861867644,-5.4380665820253276,0
KGZ,1975,-34.40295293979852,-5.438580162582792,0
KGZ,1976,-34.40226256098349,-5.439010716902905,0
KGZ,1977,-34.401743642899945,-5.438825778837064,0
KGZ,1978,-34.40108193121485,-5.439044664667746,0
KGZ,1979,-34.40046800303931,-5.439284812556782,0
KGZ,1980,-34.399910065565415,-5.439328494060723,0
KGZ,1981,-34.39926986940754,-5.4397520404722925,0
KGZ,1982,-34.398784090179646,-5.440038623757033,0
KGZ,1983,-34.398366760435756,-5.440495513977972,0
KGZ,1984,-34.39650886607737,-5.443267700336942,0
KGZ,1985,-34.3953268841493,-5.4433743747574805,0
KGZ,1986,-34.39414962653134,-5.443257300902465,0
KGZ,1987,-34.39300975001017,-5.443040732607225,0
KGZ,1988,-34.391638614198705,-5.443122973614558,0
KGZ,1989,-34.39078675419807,-5.441777288609837,0
KGZ,1990,-34.389468908027666,-5.442283713177085,0
KGZ,1991,-34.38830296991925,-5.443055244407215,0
KGZ,1992,-34.23283573183441,-5.342100239952078,0
KGZ,1993,-34.31114113195209,-5.3568760160368765,0
KGZ,1994,-33.834669792437964,-3.8811979330070447,0
KGZ,1995,-34.26345824334548,-5.188497689696218,0
KGZ,1996,-34.23204567992202,-5.0850910026501,0
KGZ,1997,-33.74723974387769,-3.628492233557274,0
KGZ,1998,-33.888564209114705,-4.051764631275671,0
KGZ,1999,-33.60671584864052,-3.158494080151548,0
KGZ,2000,-33.48942526615823,-2.8055556299337425,0
KGZ,2001,-33.549989913475514,-3.038086860865469,0
KGZ,2002,-33.15815402821995,-1.8406340549366975,0
KGZ,2003,-33.29391457516757,-2.2040426382512313,0
KGZ,2004,-33.267507725542636,-2.132765895028028,0
KGZ,2005,-33.37767913454937,-2.465516372075427,0
KGZ,2006,-33.95017704190464,-4.183432000456298,0
KGZ,2007,-33.98232753369918,-4.330017747563923,0
KGZ,2008,-31.074455519081937,4.373673407899691,0
KGZ,2009,-30.697521654961953,5.488306735880842,0
KGZ,2010,-25.365045620470912,21.31699994828687,0
KHM,1960,-34.38964252673889,-5.467389987779097,0
KHM,1961,-34.387088232192355,-5.4682665023416765,0
KHM,1962,-34.38616185832322,-5.468768829131608,0
KHM,1963,-34.38548853608635,-5.470363785546591,0
KHM,1964,-34.38447169196887,-5.470873899768536,0
KHM,1965,-34.38260540231631,-5.471579171762777,0
KHM,1966,-34.38152738523381,-5.4720752775292585,1
KHM,1967,-34.379773130663544,-5.47386773529802,1
KHM,1968,-34.37862717787949,-5.474290925034267,1
KHM,1969,-34.37714290200436,-5.474686962085006,1
KHM,1970,-34.37044753871797,-5.491188483573738,1
KHM,1971,-34.371591724120904,-5.482422684790793,1
KHM,1972,-34.37160055085145,-5.479408547823211,1
KHM,1973,-34.371561730819835,-5.479335583158985,1
KHM,1974,-34.3701713655268,-5.476685485634748,1
KHM,1975,-34.37216905405506,-5.453696246523655,1
KHM,1976,-34.377640338588265,-5.481311503231492,1
KHM,1977,-34.38023403437025,-5.480027422804139,1
KHM,1978,-34.38798853159857,-5.480160739501113,1
KHM,1979,-34.391953698067844,-5.460227580410388,1
KHM,1980,-34.37383124705899,-5.492762807927841,1
KHM,1981,-34.34910809603811,-5.486816791448796,1
KHM,1982,-34.307059647699646,-5.497701441213924,1
KHM,1983,-34.228651033366546,-5.519267663349839,1
KHM,1984,-34.110106425388466,-5.565131194010909,1
KHM,1985,-33.87370964541374,-5.6412039335355875,1
KHM,1986,-34.00789825590225,-5.593640851066485,1
KHM,1987,-33.95317335347593,-5.611439103742679,1
KHM,1988,-33.59269682576558,-5.736160738604749,1
KHM,1989,-33.43487238827688,-5.78376978897907,1
KHM,1990,-33.28200057701707,-5.834971936863244,1
KHM,1991,-33.22790389969653,-5.853915884236665,1
KHM,1992,-32.922720124478,-5.940810097719963,1
KHM,1993,-33.02542351195324,-5.91472864294073,1
KHM,1994,-32.98397484105069,-5.907451174846554,1
KHM,1995,-32.755423651626415,-5.984777092272036,1
KHM,1996,-32.73572707655133,-5.992380537556381,1
KHM,1997,-32.35689644723837,-6.119956885133771,1
KHM,1998,-31.936298297460127,-6.300659192833373,1
KHM,1999,-31.75646363783877,-6.357855949882379,1
KHM,2000,-31.847550229033804,-6.326231943712729,1
KHM,2001,-31.29977360366375,-6.505779735449747,1
KHM,2002,-31.170803596766447,-6.547579290159248,1
KHM,2003,-29.808280306080093,-7.001471611508316,1
KHM,2004,-27.91768181186236,-7.632307759418019,1
KHM,2005,-26.797594435475077,-8.003153592762503,1
KHM,2006,-27.280474978174528,-7.8384863603961605,1
KHM,2007,-28.25459625241157,-7.512437475603106,1
KHM,2008,-27.44986010357456,-7.778114423878268,1
KHM,2009,-25.74445822573298,-8.345229121442905,1
KHM,2010,-24.07524475472517,-8.903445365344876,1
KWT,1960,-34.42792074896275,-5.441121732972361,0
KWT,1961,-34.427845070210566,-5.441656973973382,0
KWT,1962,-34.42811617603524,-5.44251771737954,0
KWT,1963,-34.42863627893705,-5.443551325168405,0
KWT,1964,-34.42883806424428,-5.444449496723087,0
KWT,1965,-34.4290699463397,-5.445117092499257,0
KWT,1966,-34.42947632045294,-5.44548467724698,0
KWT,1967,-34.4299165242951,-5.445631472357356,0
KWT,1968,-34.430243344178905,-5.445867351106024,0
KWT,1969,-34.430387878563,-5.446232118406084,0
KWT,1970,-34.429957248390544,-5.446740213426132,0
KWT,1971,-34.429331896116075,-5.446965327754012,0
KWT,1972,-34.429023347291874,-5.446857401561121,0
KWT,1973,-34.428512835502254,-5.446766344749297,0
KWT,1974,-34.428275374902924,-5.446509423946558,0
KWT,1975,-34.42797840225317,-5.446078596633054,0
KWT,1976,-34.42757358329035,-5.445958687653721,0
KWT,1977,-34.426290231057514,-5.446205590174346,0
KWT,1978,-34.42501323435253,-5.4463976811397545,0
KWT,1979,-34.42423908455568,-5.446556768472313,0
KWT,1980,-34.42273054322538,-5.446954414054448,0
KWT,1981,-34.42147370882968,-5.447014466091406,0
KWT,1982,-34.41981473762408,-5.446924853323935,0
KWT,1983,-34.41836917754466,-5.446686742656492,0
KWT,1984,-34.416477461467764,-5.447479058782541,0
KWT,1985,-34.415280300707515,-5.4461368327217015,0
KWT,1986,-34.41446476895434,-5.44489720287254,0
KWT,1987,-34.41313178833636,-5.443021582622139,0
KWT,1988,-34.4108313578498,-5.441689208256496,0
KWT,1989,-34.40994057773666,-5.4396261254544855,1
KWT,1990,-34.3605896760178,-5.53870832002108,1
KWT,1991,-34.43122760304433,-5.385111090241835,0
KWT,1992,-34.416363449978505,-5.4327457866254365,0
KWT,1993,-34.40917986997961,-5.438169924584466,0
KWT,1994,-34.408737618953204,-5.441770619992849,0
KWT,1995,-34.395188526590964,-5.446847645281405,0
KWT,1996,-34.39585417620022,-5.446527762181864,0
KWT,1997,-34.37604826766716,-5.4527290252301395,0
KWT,1998,-34.37247546484167,-5.452984021315981,0
KWT,1999,-34.36391297502556,-5.454700667568882,0
KWT,2000,-34.3437271278788,-5.460117745316223,0
KWT,2001,-34.37307398006483,-5.449003541584622,0
KWT,2002,-34.37150338829225,-5.447970099940787,0
KWT,2003,-34.34104815876933,-5.456712456371844,0
KWT,2004,-34.33750480337957,-5.456455326314728,0
KWT,2005,-34.34717294434536,-5.44724955831003,0
KWT,2006,-34.30647760671683,-5.458353653306225,0
KWT,2007,-34.34250069653208,-5.445557635416551,0
KWT,2008,-34.350552859438615,-5.441639924617925,0
KWT,2009,-34.3519251400994,-5.4397624784072285,0
KWT,2010,-34.34346244376473,-5.440595297590917,0
LAO,1960,-34.41589002284947,-5.443949732467788,1
LAO,1961,-34.4155159237993,-5.444009274724721,1
LAO,1962,-34.41454747052407,-5.444113054870204,1
LAO,1963,-34.411594846360934,-5.445307068416869,1
LAO,1964,-34.40987543862764,-5.445903144145147,1
LAO,1965,-34.40812185288529,-5.446493369908871,1
LAO,1966,-34.40448717221475,-5.447649389873382,1
LAO,1967,-34.39997207869039,-5.449477758890197,1
LAO,1968,-34.39538562474339,-5.451016881466925,1
LAO,1969,-34.38954519444813,-5.453011863590042,1
LAO,1970,-34.38327049823872,-5.455085883800286,1
LAO,1971,-34.37462213258061,-5.46252799109525,1
LAO,1972,-34.36461868775089,-5.465964153654443,1
LAO,1973,-34.350591569378985,-5.466509622140226,1
LAO,1974,-34.314841225117036,-5.412306988751445,1
LAO,1975,-34.31347939764447,-5.471025292812011,1
LAO,1976,-34.28502099095161,-5.460991663130688,1
LAO,1977,-34.23767080972555,-5.402692751810937,1
LAO,1978,-34.200236482430775,-5.39091642119005,1
LAO,1979,-34.153019885304445,-5.363661886087884,1
LAO,1980,-34.112022618728396,-5.367397796927755,1
LAO,1981,-34.08611874715012,-5.443514214267128,1
LAO,1982,-34.04220115157085,-5.484389602085743,1
LAO,1983,-33.97907384367577,-5.492187300568415,1
LAO,1984,-33.953458075591335,-5.514825954995788,1
LAO,1985,-33.70424271429527,-5.615154874172407,1
LAO,1986,-33.55668758939492,-5.738663214207679,1
LAO,1987,-33.38640455466624,-5.795747820219314,1
LAO,1988,-33.216475934532376,-5.8527589526141615,1
LAO,1989,-33.04642802720663,-5.9099139957640485,1
LAO,1990,-32.70734400765637,-6.023592678184661,0
LAO,1991,-32.621561425139035,-6.0526288248953755,0
LAO,1992,-32.576405084682584,-6.0681015812352115,0
LAO,1993,-32.53467828697608,-6.0824314421691925,0
LAO,1994,-32.49904685669373,-6.094708384629931,0
LAO,1995,-32.213141697801575,-6.190592725803266,0
LAO,1996,-31.684968423268256,-6.3675486366828515,0
LAO,1997,-30.8140670255072,-6.659628231298637,0
LAO,1998,-30.800697063369718,-6.664209416043256,0
LAO,1999,-29.250906024094448,-7.1818016060438215,0
LAO,2000,-27.270286859713014,-7.842949558032972,0
LAO,2001,-25.92695050680804,-8.291278196047774,0
LAO,2002,-24.281940810956087,-8.840333639207266,0
LAO,2003,-23.073289841061367,-8.142524717087039,0
LAO,2004,-23.05226281048066,-8.083064417500873,0
LAO,2005,-22.75886822131878,-4.447246356265597,0
LAO,2006,-18.792028268927258,7.414070166004949,0
LAO,2007,-17.89690569565944,8.257375196635346,0
LAO,2008,-16.88285647177935,10.694499091867266,0
LAO,2009,-15.858891714979528,7.732038397768349,0
LAO,2010,-9.515700917367237,22.707190104778824,0
LBN,1960,-34.41186960175447,-5.426107138266501,1
LBN,1961,-34.4122897024147,-5.4270997079504975,1
LBN,1962,-34.41242309559987,-5.428530596066816,1
LBN,1963,-34.41259809998399,-5.429748690226892,1
LBN,1964,-34.412747112266395,-5.430996893543002,1
LBN,1965,-34.412826561618566,-5.431932471564304,1
LBN,1966,-34.412937075290856,-5.432337248797412,1
LBN,1967,-34.412652861678104,-5.433547341522285,1
LBN,1968,-34.41263462755981,-5.433504499397976,1
LBN,1969,-34.412065689431074,-5.434534602386703,1
LBN,1970,-34.411596930179115,-5.43524328538188,1
LBN,1971,-34.411447836056844,-5.43496738455602,1
LBN,1972,-34.410803305361696,-5.435654330007136,1
LBN,1973,-34.410125607504796,-5.436029226920275,1
LBN,1974,-34.409222476730854,-5.436723868074821,1
LBN,1975,-34.409003594423574,-5.438124855687587,1
LBN,1976,-34.40996652336096,-5.441433984440694,1
LBN,1977,-34.40593674891024,-5.439765204022024,1
LBN,1978,-34.4018873027803,-5.441384829917728,1
LBN,1979,-34.40366873998543,-5.440943824111337,1
LBN,1980,-34.40054314361707,-5.441596721330433,1
LBN,1981,-34.39465092945337,-5.443788658004228,1
LBN,1982,-34.386599343279464,-5.449443030789656,1
LBN,1983,-34.37154375381063,-5.452688318466704,1
LBN,1984,-34.3545588528459,-5.457364581670083,1
LBN,1985,-34.353875967503136,-5.457086955869789,1
LBN,1986,-34.34166977639565,-5.458138793934834,1
LBN,1987,-34.36873065092261,-5.451012231266789,1
LBN,1988,-34.38453994320133,-5.4452375153444335,1
LBN,1989,-34.38344657385974,-5.44480880631506,1
LBN,1990,-34.385666881120606,-5.443757130425993,0
LBN,1991,-34.384239782606706,-5.441923263252708,0
LBN,1992,-34.37444055728381,-5.444532025719603,0
LBN,1993,-34.36440358325672,-5.447216721271308,0
LBN,1994,-34.3597109450954,-5.447642877084628,0
LBN,1995,-34.34144447855291,-5.452009845370193,0
LBN,1996,-34.33165780701734,-5.4540471048309955,0
LBN,1997,-34.33873605958813,-5.450524944586779,0
LBN,1998,-34.32044361254526,-5.455278665659243,0
LBN,1999,-34.336018476333,-5.448507193183348,0
LBN,2000,-34.31746626077621,-5.453382471718838,0
LBN,2001,-34.332778700957675,-5.446776416838511,0
LBN,2002,-34.24756533234625,-5.474982851617689,0
LBN,2003,-34.24620948405561,-5.471820744267349,0
LBN,2004,-34.24486562511481,-5.470173590562485,0
LBN,2005,-34.24016135608755,-5.470025456682228,0
LBN,2006,-34.239681206243,-5.466529534891947,0
LBN,2007,-34.23723776186907,-5.4650978726535415,0
LBN,2008,-34.207953182103196,-5.474961739246628,0
LBN,2009,-34.18826741405608,-5.479879818634837,0
LBN,2010,-34.168256670834225,-5.487636895560552,0
LBR,1960,-34.350684378217025,-5.216839725841086,0
LBR,1961,-34.35051515958336,-5.216720794389309,0
LBR,1962,-34.35024794822305,-5.21671143489462,0
LBR,1963,-34.350044320047296,-5.216730483498768,0
LBR,1964,-34.34986609386516,-5.216786959949711,0
LBR,1965,-34.34959688252602,-5.216840374046716,0
LBR,1966,-34.349279809909525,-5.2169543571196595,0
LBR,1967,-34.348968051596216,-5.217020381301796,0
LBR,1968,-34.34877320407899,-5.217152731296664,0
LBR,1969,-34.34842701159069,-5.217312280864673,0
LBR,1970,-34.34800916280087,-5.217364188028294,0
LBR,1971,-34.34270282141622,-5.202729175137598,0
LBR,1972,-34.31973119039525,-5.134954734765491,0
LBR,1973,-34.35864706284239,-5.252209903622077,0
LBR,1974,-34.34288911573229,-5.206389379786073,0
LBR,1975,-34.308798091060744,-5.105175457185203,0
LBR,1976,-34.235345946573,-4.886480720997684,0
LBR,1977,-34.27562429037938,-5.007392626312749,0
LBR,1978,-34.307354498436325,-5.1036497198663096,0
LBR,1979,-34.30281277263514,-5.092533674068745,1
LBR,1980,-34.25073582610451,-4.936902773335217,1
LBR,1981,-34.23438848143083,-4.890314510990041,1
LBR,1982,-34.2003892378885,-4.809941315916332,1
LBR,1983,-34.253651510415764,-4.9559183773008195,1
LBR,1984,-34.27953876698649,-5.033969527590978,1
LBR,1985,-34.28112671348666,-5.039376542295127,1
LBR,1986,-34.28978345254108,-5.068544623914826,1
LBR,1987,-34.304161140230214,-5.112970713683754,1
LBR,1988,-34.32736346593736,-5.182056096791881,1
LBR,1989,-34.317999788850884,-5.155611744146803,1
LBR,1990,-34.34199430480516,-5.367662281345734,1
LBR,1991,-34.40894606928902,-5.394113785715091,1
LBR,1992,-34.41552022408189,-5.417859750215829,1
LBR,1993,-34.41320922916429,-5.423505789889487,1
LBR,1994,-34.414872206721135,-5.456721711935174,1
LBR,1995,-34.39822687320248,-5.370935322838376,1
LBR,1996,-34.36493583789885,-5.292080271321712,1
LBR,1997,-34.40588063764971,-5.352630701150171,1
LBR,1998,-34.38543428289284,-5.3499758517571445,1
LBR,1999,-34.411394500890346,-5.444511131620797,1
LBR,2000,-34.407554872280684,-5.447945318419996,1
LBR,2001,-34.40728086437628,-5.442974333033234,1
LBR,2002,-34.40166625504848,-5.444484311631977,1
LBR,2003,-34.40051655098447,-5.4587816524655395,0
LBR,2004,-34.40028589406185,-5.44341493759323,0
LBR,2005,-34.404167071591274,-5.440767199748978,0
LBR,2006,-34.40157984896202,-5.44427949773043,0
LBR,2007,-34.35997412245244,-5.336247123061821,0
LBR,2008,-34.299640897973156,-5.167132100816309,0
LBR,2009,-34.29338069093348,-5.162623465667995,0
LBR,2010,-34.220605423147425,-4.954158976614281,0
LBY,1960,-34.422791281100395,-5.4375299516163835,0
LBY,1961,-34.42291222479195,-5.43880318970947,0
LBY,1962,-34.42292054181581,-5.440175001534733,0
LBY,1963,-34.42283510684309,-5.441699170065691,0
LBY,1964,-34.422033230763745,-5.444038441085259,0
LBY,1965,-34.42134370997064,-5.44719030867101,0
LBY,1966,-34.421944162338335,-5.447895165066253,0
LBY,1967,-34.422470628330935,-5.448610294760325,0
LBY,1968,-34.42279283311686,-5.449310124080298,0
LBY,1969,-34.42305207716198,-5.4498191872557324,0
LBY,1970,-34.423248491361825,-5.45031135163684,0
LBY,1971,-34.42294162079803,-5.451422338142032,0
LBY,1972,-34.42336959875158,-5.451802991949245,0
LBY,1973,-34.42366825997527,-5.450101363799023,0
LBY,1974,-34.42344164708991,-5.448475669701671,0
LBY,1975,-34.42285645683214,-5.449055771963373,0
LBY,1976,-34.422239567290625,-5.449461183546369,0
LBY,1977,-34.42168093718013,-5.449772902881897,0
LBY,1978,-34.42023944838597,-5.450319199074614,0
LBY,1979,-34.418893922675096,-5.4509872500622425,0
LBY,1980,-34.41598070755512,-5.452147359502388,0
LBY,1981,-34.41429366210106,-5.452824118787764,0
LBY,1982,-34.40424098208474,-5.470216662399804,0
LBY,1983,-34.40287273683242,-5.470129783626453,0
LBY,1984,-34.40805438558667,-5.455978561297012,0
LBY,1985,-34.40587412564428,-5.457186636205398,0
LBY,1986,-34.403761473094455,-5.4578201770427155,1
LBY,1987,-34.39683963079178,-5.459862430306221,0
LBY,1988,-34.394795704223334,-5.459859523420403,0
LBY,1989,-34.3898160224365,-5.4607017537706115,0
LBY,1990,-34.38442032121983,-5.461508662028065,0
LBY,1991,-34.38244414326078,-5.461093372139561,0
LBY,1992,-34.37837922072941,-5.461232022752538,0
LBY,1993,-34.38777305469549,-5.456789283731663,0
LBY,1994,-34.38532059889214,-5.456269366467439,0
LBY,1995,-34.378194424174616,-5.457258367853908,0
LBY,1996,-34.37599130407636,-5.456549348330946,0
LBY,1997,-34.373953121320035,-5.455695408306439,0
LBY,1998,-34.37200646764896,-5.454678366624382,0
LBY,1999,-34.36938719418656,-5.453678797105006,0
LBY,2000,-34.36747770311876,-5.451930263593939,0
LBY,2001,-34.36667829078697,-5.451573175207361,0
LBY,2002,-34.365936908715085,-5.451390363253149,0
LBY,2003,-34.34482578947603,-5.45811055094169,0
LBY,2004,-34.32221717731019,-5.4654506342681435,0
LBY,2005,-34.30423054788723,-5.471481133737628,0
LBY,2006,-34.30281836433636,-5.471762072372466,0
LBY,2007,-34.327167431021834,-5.4613829864893475,0
LBY,2008,-34.34507106820502,-5.453465381651642,0
LBY,2009,-34.34251840217217,-5.4530611952215375,0
LBY,2010,-34.341045688442065,-5.452353429486994,1
LKA,1960,-34.340876194358366,-5.474913970870553,0
LKA,1961,-34.33790160989024,-5.476583806265356,0
LKA,1962,-34.334284091720804,-5.478423643935011,0
LKA,1963,-34.33305103723003,-5.4796305722860055,0
LKA,1964,-34.32819321799931,-5.4816228181632365,0
LKA,1965,-34.32898429474148,-5.482181327255653,0
LKA,1966,-34.3260237314589,-5.483510847830257,0
LKA,1967,-34.32340291951648,-5.4846933687235175,0
LKA,1968,-34.31829926439945,-5.486500243247529,0
LKA,1969,-34.316149624473816,-5.487727132117858,0
LKA,1970,-34.31421104974182,-5.489029931466745,1
LKA,1971,-34.312867787759,-5.490232101693132,1
LKA,1972,-34.306379828586586,-5.49247259963284,1
LKA,1973,-34.301121457527955,-5.494293250163163,1
LKA,1974,-34.29763377765012,-5.495412127018228,1
LKA,1975,-34.293252171917,-5.496713431006347,1
LKA,1976,-34.28647937546675,-5.49861665190854,1
LKA,1977,-34.28248039038215,-5.499812930704481,1
LKA,1978,-34.275107553992946,-5.501987999732529,1
LKA,1979,-34.269544571878704,-5.503854476742603,1
LKA,1980,-34.26163710399064,-5.50434227710364,1
LKA,1981,-34.25123112892112,-5.508007650895246,1
LKA,1982,-34.2417243291136,-5.516663996810952,1
LKA,1983,-34.23462717393933,-5.521852157962047,1
LKA,1984,-34.24681281585091,-5.519807728648562,1
LKA,1985,-34.2072538075104,-5.520399511521122,1
LKA,1986,-34.18013680204898,-5.524935475522775,1
LKA,1987,-34.158056164028814,-5.534268232541869,1
LKA,1988,-34.12364284200315,-5.544192550787411,1
LKA,1989,-34.1141905538486,-5.544683229182731,1
LKA,1990,-34.060033380446534,-5.574380303363514,1
LKA,1991,-33.97632268895358,-5.585928806509924,1
LKA,1992,-33.89255052097007,-5.606520351921988,1
LKA,1993,-33.797488333824546,-5.641092142686357,1
LKA,1994,-33.68830533299793,-5.678381197503975,1
LKA,1995,-33.65196632749063,-5.681447947154297,1
LKA,1996,-33.59782800268333,-5.697587770153502,1
LKA,1997,-33.58418809415324,-5.700452986885472,1
LKA,1998,-33.08967129866711,-5.8632768721967485,1
LKA,1999,-33.53222392398985,-5.714916243940645,1
LKA,2000,-33.44136795872805,-5.7453204724275615,1
LKA,2001,-33.574587220561156,-5.707803780124927,1
LKA,2002,-33.72738904220619,-5.664581324346336,1
LKA,2003,-33.57944382850359,-5.711810039130817,1
LKA,2004,-33.484351860797595,-5.740793883679158,1
LKA,2005,-33.44783869441515,-5.755169861926319,1
LKA,2006,-33.205044102698665,-5.825910490328642,1
LKA,2007,-32.7577671012866,-5.963698142832455,1
LKA,2008,-32.83815307234372,-5.7945621934686375,1
LKA,2009,-32.79858850138874,-5.731801812826847,0
LKA,2010,-32.739405909703855,-5.885007162127197,0
LSO,1960,-34.43384523430997,-5.436385361251519,0
LSO,1961,-34.43361344109229,-5.4367790636067,0
LSO,1962,-34.4334151595085,-5.437072233714045,0
LSO,1963,-34.43314212198871,-5.437290372394158,0
LSO,1964,-34.432811020638326,-5.437389183038708,0
LSO,1965,-34.43255091213795,-5.437500846912158,0
LSO,1966,-34.43232040576189,-5.436396787052256,0
LSO,1967,-34.43174760207786,-5.43505496570659,0
LSO,1968,-34.4311473782361,-5.435325243561534,0
LSO,1969,-34.43045407760692,-5.435393207697893,0
LSO,1970,-34.42971860979358,-5.435391149753558,0
LSO,1971,-34.42907600886894,-5.4354863164304374,0
LSO,1972,-34.42836710328572,-5.435538724931708,0
LSO,1973,-34.42768996662886,-5.435543932188559,0
LSO,1974,-34.425326812006894,-5.436198061316264,0
LSO,1975,-34.42245159522739,-5.437046529386724,0
LSO,1976,-34.421027376129274,-5.4378043100412725,0
LSO,1977,-34.42144661333368,-5.437402459134169,0
LSO,1978,-34.420896352764146,-5.43776485041502,0
LSO,1979,-34.42014582345741,-5.438244839049827,0
LSO,1980,-34.4205398289926,-5.438368263150927,0
LSO,1981,-34.421572025133095,-5.438273816632504,0
LSO,1982,-34.4205506442743,-5.438864809952777,0
LSO,1983,-34.42007027147176,-5.439260286718558,0
LSO,1984,-34.42083759701274,-5.439232185391956,0
LSO,1985,-34.41878625983946,-5.4402103212387045,0
LSO,1986,-34.41755824017785,-5.441464527611376,0
LSO,1987,-34.41680388126599,-5.442345041924756,0
LSO,1988,-34.415887446523044,-5.442797563175592,0
LSO,1989,-34.41644820712949,-5.442734850758824,0
LSO,1990,-34.41702822249602,-5.442649961502893,0
LSO,1991,-34.41760390267643,-5.442585673945723,0
LSO,1992,-34.41699708142004,-5.442904346654793,0
LSO,1993,-34.41655893752965,-5.443128757106363,0
LSO,1994,-34.416356294319876,-5.443239766559205,0
LSO,1995,-34.4167588336695,-5.443192046634654,0
LSO,1996,-34.416516740719004,-5.443519877191813,0
LSO,1997,-34.41613989940614,-5.443788948582737,1
LSO,1998,-34.41688970834271,-5.443289354418567,0
LSO,1999,-34.41725192598519,-5.442907664999794,0
LSO,2000,-34.41633537896833,-5.442974225573121,0
LSO,2001,-34.4161823222447,-5.4428892890988205,0
LSO,2002,-34.41597293620492,-5.442820138549672,0
LSO,2003,-34.41650901850065,-5.442405980864272,0
LSO,2004,-34.41671519243161,-5.44202353412313,0
LSO,2005,-34.41674932906915,-5.441676423723025,0
LSO,2006,-34.41767839039262,-5.43964681904876,0
LSO,2007,-34.39610302920681,-5.44693996453225,0
LSO,2008,-34.40277685763343,-5.445229984077529,0
LSO,2009,-34.39980067350024,-5.446612996345158,0
LSO,2010,-34.36689768621608,-5.457885369789763,0
MAR,1960,-34.18122131405057,-5.08182220498207,0
MAR,1961,-34.17651748853511,-5.085451275725616,0
MAR,1962,-34.17545844379553,-5.085716921423921,1
MAR,1963,-34.17043296429918,-5.090117110925401,0
MAR,1964,-34.1636515775708,-5.091699404981968,0
MAR,1965,-34.15866298598889,-5.092695964056568,0
MAR,1966,-34.1401246768414,-5.097717923185081,0
MAR,1967,-34.14363911545083,-5.09753567864804,0
MAR,1968,-34.14629762771509,-5.097980380026952,0
MAR,1969,-34.14180200802893,-5.099905889268064,0
MAR,1970,-34.133581086611464,-5.102864517514113,1
MAR,1971,-34.214655306738806,-5.350589472552738,0
MAR,1972,-34.207595707030364,-5.366190707724618,0
MAR,1973,-33.838813412101146,-4.343429115159821,0
MAR,1974,-33.04152643517098,-1.9136039339116881,1
MAR,1975,-33.62931442642959,-3.654259980446014,1
MAR,1976,-33.9284819769527,-4.59465278349597,1
MAR,1977,-33.405452558639844,-3.028387616621728,1
MAR,1978,-33.934720399498836,-4.644221212238527,1
MAR,1979,-32.52746153150042,-0.444583240819175,1
MAR,1980,-33.28797074415989,-2.7563296570954328,1
MAR,1981,-33.799285424799244,-4.336163117263689,1
MAR,1982,-33.549438906818715,-3.5957257631343107,1
MAR,1983,-33.53170219656918,-3.610270108846967,1
MAR,1984,-33.4421867204249,-3.396522344226619,1
MAR,1985,-33.01410768863,-2.124175669990597,1
MAR,1986,-33.95925530076712,-5.036172730539569,1
MAR,1987,-33.99625866310877,-5.11289341697534,1
MAR,1988,-27.42141978106199,14.505453425886875,1
MAR,1989,-33.603262453358994,-3.988294783252975,0
MAR,1990,-33.65417476269999,-4.325936990175347,0
MAR,1991,-33.578383148342695,-4.27643246599979,0
MAR,1992,-33.49044353656766,-4.049270420123033,0
MAR,1993,-33.545619195722054,-4.528460765314128,0
MAR,1994,-32.591483325065546,-1.911187371101705,0
MAR,1995,-32.407534313729904,-1.7673507944298534,0
MAR,1996,-32.85670860938349,-3.028405980139127,0
MAR,1997,-32.72962432201655,-2.8810766220724195,0
MAR,1998,-33.32080314653599,-4.528873541451615,0
MAR,1999,-33.24153702422808,-4.680791349664126,0
MAR,2000,-33.43707636608542,-4.861675515520352,0
MAR,2001,-33.737243304560636,-5.602896710816727,0
MAR,2002,-33.696241841080514,-5.575576940701556,0
MAR,2003,-33.66143057942435,-5.3958879065218355,0
MAR,2004,-31.98224920906001,-0.4878256198573343,0
MAR,2005,-30.697064756536303,2.98122984669512,0
MAR,2006,-27.92705484747891,11.941056084498621,0
MAR,2007,-25.259479319390806,19.634507914585825,0
MAR,2008,-14.212129325075889,53.19459946188975,0
MAR,2009,-29.983804304245773,5.866045482041708,0
MAR,2010,-7.460783442206452,73.1904997948027,0
MDA,1960,-34.40791482701022,-5.423526474781098,0
MDA,1961,-34.407338616639144,-5.422934459080112,0
MDA,1962,-34.40667491663245,-5.422229120318926,0
MDA,1963,-34.40592767837239,-5.421421945644481,0
MDA,1964,-34.40509336972407,-5.420521856376153,0
MDA,1965,-34.404218206107316,-5.4195528406197475,0
MDA,1966,-34.403302323096995,-5.418492988934444,0
MDA,1967,-34.40238137871098,-5.417372009725466,0
MDA,1968,-34.40146237746513,-5.416171526627199,0
MDA,1969,-34.400541431886474,-5.41489278733731,0
MDA,1970,-34.398893667754564,-5.415633241664414,0
MDA,1971,-34.39827069806731,-5.414982989494532,0
MDA,1972,-34.39765535442128,-5.414253803440475,0
MDA,1973,-34.3968929405204,-5.413319884723004,0
MDA,1974,-34.395954075725996,-5.412176261226802,0
MDA,1975,-34.394858048101675,-5.410850681577758,0
MDA,1976,-34.393651216948236,-5.40941513365813,0
MDA,1977,-34.39240547137539,-5.407999724828435,0
MDA,1978,-34.39120561356017,-5.406702563677387,0
MDA,1979,-34.39039092781528,-5.40785899630053,0
MDA,1980,-34.39037345553623,-5.408150395069023,0
MDA,1981,-34.389630320460896,-5.408000815738811,0
MDA,1982,-34.38898835473187,-5.40780822277954,0
MDA,1983,-34.38838246661101,-5.4076557644801815,0
MDA,1984,-34.38774688118062,-5.407421234373335,0
MDA,1985,-34.387188153887905,-5.406716520083942,0
MDA,1986,-34.386531007572515,-5.406076513995253,0
MDA,1987,-34.385692498747176,-5.405692146805336,0
MDA,1988,-34.385158481683575,-5.404487384083935,0
MDA,1989,-34.38343070944539,-5.405541759804689,0
MDA,1990,-34.382688650093186,-5.404341937968279,0
MDA,1991,-34.38214752023869,-5.403290575297465,1
MDA,1992,-33.885060245748804,-5.5682788895925475,0
MDA,1993,-33.995996424154626,-5.530115378896373,0
MDA,1994,-34.175324216350276,-5.469122842143466,0
MDA,1995,-34.14291624716232,-5.478927594340169,0
MDA,1996,-34.19893984833257,-5.4594867053917735,0
MDA,1997,-34.175310105253345,-5.466945237158454,0
MDA,1998,-34.18706819181189,-5.462016337783176,0
MDA,1999,-34.239514927851495,-5.443246332321815,0
MDA,2000,-34.087324881190135,-5.492668918193619,0
MDA,2001,-34.086652807163624,-5.491397246747454,0
MDA,2002,-33.97988113010446,-5.525494299990705,0
MDA,2003,-33.797607327098284,-5.584823248370788,0
MDA,2004,-33.417487875980285,-5.710622390667905,0
MDA,2005,-33.30611868257687,-5.747166374197678,0
MDA,2006,-33.220478307439,-5.773754744621037,0
MDA,2007,-33.10100844349841,-5.811661529583795,0
MDA,2008,-33.049356979884145,-5.8271623446700636,0
MDA,2009,-32.98102410338941,-5.848579398543368,0
MDA,2010,-32.87921415152817,-5.88110097028164,0
MDG,1960,-34.39148410815141,-5.460264385048827,0
MDG,1961,-34.39064765932318,-5.461430926732604,0
MDG,1962,-34.3896999944882,-5.462616707904313,0
MDG,1963,-34.38804695436617,-5.46392962512118,0
MDG,1964,-34.385750170083334,-5.465314260652404,0
MDG,1965,-34.38484834383985,-5.466275132603198,0
MDG,1966,-34.38200037920679,-5.467693508086788,0
MDG,1967,-34.38037471604828,-5.468771328321574,0
MDG,1968,-34.37822382129017,-5.470058437824562,0
MDG,1969,-34.379234019562276,-5.470506240677667,0
MDG,1970,-34.37703254524882,-5.471591908679395,1
MDG,1971,-34.37497806731435,-5.472836171125496,0
MDG,1972,-34.37309926660267,-5.473951748968114,0
MDG,1973,-34.36995829947053,-5.475368310974886,0
MDG,1974,-34.367208992862366,-5.476749378643788,0
MDG,1975,-34.3668713745585,-5.477692067614948,0
MDG,1976,-34.36457117315451,-5.479172730656953,0
MDG,1977,-34.361747558793056,-5.4808968988038815,0
MDG,1978,-34.3595681012072,-5.4824982981913015,0
MDG,1979,-34.3555284418285,-5.484438227262066,0
MDG,1980,-34.34964084821506,-5.486557550338058,0
MDG,1981,-34.34136758506259,-5.49085982043234,0
MDG,1982,-34.33328287468709,-5.4941688071949795,0
MDG,1983,-34.323719140014624,-5.497957973966446,0
MDG,1984,-34.31733651799458,-5.500889337685931,0
MDG,1985,-34.29901351927817,-5.507645676318782,0
MDG,1986,-34.31167380567073,-5.503676763266141,0
MDG,1987,-34.30400634282735,-5.501057356273855,0
MDG,1988,-34.2917839790531,-5.499924796187401,0
MDG,1989,-34.292646184137425,-5.509166325226328,0
MDG,1990,-34.28123761614209,-5.514462348985142,0
MDG,1991,-34.292724540809125,-5.509781014785307,0
MDG,1992,-33.87680597759159,-5.65214877782878,0
MDG,1993,-33.93145794846685,-5.634238051703723,0
MDG,1994,-33.75762113416208,-5.692630781493575,0
MDG,1995,-33.51369928245228,-5.770996195853913,0
MDG,1996,-33.44599257599588,-5.785371077403145,0
MDG,1997,-32.85187493383393,-5.995695140153723,0
MDG,1998,-33.53821910905464,-5.766923594170781,0
MDG,1999,-33.3131205529184,-5.843653838072235,0
MDG,2000,-32.94131572518991,-5.9685427276026495,0
MDG,2001,-32.856854693624534,-5.998618768799396,0
MDG,2002,-32.51992503346454,-6.112110585921876,0
MDG,2003,-32.540463751413476,-6.10588549485268,0
MDG,2004,-32.64751156646149,-6.067141030814043,0
MDG,2005,-32.52739033017635,-6.1092800849823305,0
MDG,2006,-31.464586446597014,-6.455041212883766,0
MDG,2007,-31.730381948888084,-6.376954687699489,0
MDG,2008,-31.800471492788773,-6.329373542450623,0
MDG,2009,-32.60541114559845,-6.0759565551852415,0
MDG,2010,-32.3845246272561,-6.087794459380597,0
MEX,1960,-32.5314433193618,-0.8896150728159133,0
MEX,1961,-32.51814634614512,-0.8933976127419427,0
MEX,1962,-32.50932244903227,-0.8987606520431966,0
MEX,1963,-32.49593627177193,-0.9054131705008004,0
MEX,1964,-32.49221017949357,-0.9090888623195124,0
MEX,1965,-32.48024537249412,-0.9153432094114846,0
MEX,1966,-32.46049675588912,-0.9241261397805935,0
MEX,1967,-32.42975343414637,-0.9362847684662317,0
MEX,1968,-32.4157815089853,-0.9441872121199513,0
MEX,1969,-32.40522185264636,-0.9514904020654464,0
MEX,1970,-32.32132657280095,-0.9830368036325385,0
MEX,1971,-32.67837890740221,-2.1854073376521037,0
MEX,1972,-32.22946790130904,-0.933667116985256,0
MEX,1973,-28.904423238269576,8.239086967401747,0
MEX,1974,-25.47580245726578,18.556093651623264,0
MEX,1975,-30.19783612146052,3.783754351836839,0
MEX,1976,-30.03499316909512,4.398481285341926,0
MEX,1977,-30.45363248830512,2.809243884012714,0
MEX,1978,-30.651639309549555,0.9789348390596464,0
MEX,1979,-21.46367320261458,27.229193258452867,0
MEX,1980,-10.941720128308386,57.470952112373496,0
MEX,1981,-22.10054949030668,22.44546856321498,0
MEX,1982,-22.687572682302502,19.937916255534347,0
MEX,1983,-16.60826348774445,37.595175251031705,0
MEX,1984,-20.340909027912325,28.142006116740454,0
MEX,1985,-23.42191564301671,18.37103449983006,0
MEX,1986,-28.273142561017572,2.456419193583198,0
MEX,1987,-25.038939867812566,10.679472415983804,0
MEX,1988,-2.7559053877789985,76.6336169803646,0
MEX,1989,-3.031100395322806,75.04389744361258,0
MEX,1990,-10.563292440268153,50.202004465255825,0
MEX,1991,-23.389920713743344,10.299019301753594,0
MEX,1992,-23.841541972539645,8.09504850951397,0
MEX,1993,-25.902903696576065,1.0575226744799098,1
MEX,1994,-21.387019400054996,12.447443579403364,1
MEX,1995,-13.875403679447569,38.20289481442704,1
MEX,1996,-14.700591290777481,32.368133708099656,0
MEX,1997,-14.62438634785541,27.923919255612276,0
MEX,1998,-15.909001616171182,23.316981259966198,0
MEX,1999,-16.443029792667303,17.47837946392626,0
MEX,2000,-15.900750128371257,15.888623760840455,0
MEX,2001,-15.375516709012999,4.878047183720092,0
MEX,2002,-15.192426348586167,6.6845327163149,0
MEX,2003,-12.592870666059145,8.368532303264727,0
MEX,2004,-0.3241449797507556,33.87298862303893,0
MEX,2005,13.532873681475373,59.05217821481476,0
MEX,2006,43.84990443887106,137.66843120211567,0
MEX,2007,47.89022260773549,157.75555132352557,0
MEX,2008,42.52350920746705,130.76268442430433,0
MEX,2009,37.025219780620795,115.559826998198,0
MEX,2010,71.35034321677625,235.49249031845372,0
MKD,1960,-34.4145908287621,-5.4273736118640565,0
MKD,1961,-34.41453034474792,-5.4270329318192365,0
MKD,1962,-34.4141130220872,-5.427803801026565,0
MKD,1963,-34.414154962744,-5.426711052603286,0
MKD,1964,-34.41376515348704,-5.4265361088593815,0
MKD,1965,-34.41331007264371,-5.426264075559851,0
MKD,1966,-34.412746669119606,-5.425774527048471,0
MKD,1967,-34.41215974691286,-5.425154251779869,0
MKD,1968,-34.4115409241661,-5.424359003025887,0
MKD,1969,-34.41091139306583,-5.4237921255989505,0
MKD,1970,-34.41011753555959,-5.42307371300898,0
MKD,1971,-34.40924595643987,-5.422662389817263,0
MKD,1972,-34.40844867126809,-5.421864829697521,0
MKD,1973,-34.40748891448399,-5.421088211834718,0
MKD,1974,-34.40670160280274,-5.420280530881168,0
MKD,1975,-34.40565331006808,-5.41957503561736,0
MKD,1976,-34.404701797170695,-5.418721221098622,0
MKD,1977,-34.40365341965253,-5.417888364433411,0
MKD,1978,-34.40265053451852,-5.416894579221053,0
MKD,1979,-34.40177193675087,-5.416063712677253,0
MKD,1980,-34.40102204830994,-5.415241543558264,0
MKD,1981,-34.40032428521588,-5.414373296379386,0
MKD,1982,-34.39915882795187,-5.414336978245876,0
MKD,1983,-34.398498149636545,-5.413219139281246,0
MKD,1984,-34.3978496496081,-5.412014758004505,0
MKD,1985,-34.397199435791094,-5.410850980286427,0
MKD,1986,-34.39647252196366,-5.409612805790979,0
MKD,1987,-34.39570565519987,-5.408413204013868,0
MKD,1988,-34.39502328394169,-5.407144259907237,0
MKD,1989,-34.39423791166556,-5.4057712276655865,0
MKD,1990,-34.39345523203278,-5.404617179023889,0
MKD,1991,-34.39151198926398,-5.405097096283335,0
MKD,1992,-34.041331156994275,-4.86377512804191,0
MKD,1993,-34.119739659901036,-5.015868306448768,0
MKD,1994,-34.139156541660974,-5.064074858018699,0
MKD,1995,-34.04640849008253,-4.831764416003132,0
MKD,1996,-34.16903550908655,-5.028670500512179,0
MKD,1997,-34.078809788018454,-4.7660223238701995,0
MKD,1998,-34.192395124579946,-5.1710195265584895,0
MKD,1999,-34.10624469726775,-5.206363799273003,1
MKD,2000,-34.07967000057853,-5.15519033576528,1
MKD,2001,-34.21489964546001,-5.31851649835442,0
MKD,2002,-34.20328088435825,-5.270615395989261,0
MKD,2003,-34.166791280816604,-5.218737764548816,0
MKD,2004,-34.00649759015144,-4.793068397288909,0
MKD,2005,-34.04510303855173,-4.8432887059126415,0
MKD,2006,-32.463192542336,0.030070854410812586,0
MKD,2007,-29.064913531060775,9.938503211666172,0
MKD,2008,-32.8457314867386,-1.509966183283737,0
MKD,2009,-33.09632673969474,-2.4015631764344527,0
MKD,2010,-32.16167577379254,0.4217774999931656,0
MLI,1960,-34.3806279819018,-5.464030228549663,0
MLI,1961,-34.3800812171218,-5.464164625536896,0
MLI,1962,-34.37779621020581,-5.464826477012376,0
MLI,1963,-34.37714819090845,-5.465124473559327,0
MLI,1964,-34.3764752137592,-5.465482885668219,0
MLI,1965,-34.37577828868094,-5.4658020591691265,0
MLI,1966,-34.37164282296454,-5.467225939667574,0
MLI,1967,-34.37248696113507,-5.46713650783871,0
MLI,1968,-34.37059043189946,-5.467886620314193,0
MLI,1969,-34.3694167988221,-5.468427138217496,0
MLI,1970,-34.3681495013737,-5.468841823731573,0
MLI,1971,-34.370322604372944,-5.468934365630891,0
MLI,1972,-34.37109725762836,-5.4687843627029995,0
MLI,1973,-34.36929246157572,-5.469554305539548,0
MLI,1974,-34.36979189478346,-5.470045836687651,0
MLI,1975,-34.36859573643928,-5.471017667686843,0
MLI,1976,-34.3672283374627,-5.472339735928501,0
MLI,1977,-34.3663773127556,-5.472547909077672,0
MLI,1978,-34.3650907591895,-5.473355669533416,0
MLI,1979,-34.361916320708275,-5.4728819150112065,0
MLI,1980,-34.3391720221702,-5.411271234682145,0
MLI,1981,-34.33807319993956,-5.406751912857023,0
MLI,1982,-34.34722634129225,-5.43759648450776,0
MLI,1983,-34.34233189064871,-5.421529444233938,0
MLI,1984,-34.34176130688728,-5.425775975590936,1
MLI,1985,-34.343530149309444,-5.440366624912605,0
MLI,1986,-34.33671656142997,-5.4338079592570665,0
MLI,1987,-34.33573199941861,-5.434711632825044,0
MLI,1988,-34.32911086815628,-5.4206492880219095,0
MLI,1989,-34.3373239570787,-5.4528252824322445,1
MLI,1990,-34.309427180202796,-5.37160694698045,1
MLI,1991,-34.28539190408257,-5.315129416548074,1
MLI,1992,-34.273050010447875,-5.286336901384747,1
MLI,1993,-34.276366234027655,-5.305241142285556,1
MLI,1994,-33.74049710241145,-3.7327395247650355,1
MLI,1995,-34.08932234672945,-4.819794482786589,1
MLI,1996,-33.999603165090356,-4.523400092420981,1
MLI,1997,-33.551359370977906,-3.1793414199846013,1
MLI,1998,-33.52749381411397,-3.108561673337984,1
MLI,1999,-33.719542268552054,-3.7005803329374363,1
MLI,2000,-33.12525531949476,-1.9080617134018123,1
MLI,2001,-32.602897881890684,-0.6126194749791001,1
MLI,2002,-30.229657413014877,6.19210844082353,1
MLI,2003,-32.98834603114377,-2.0703444849148362,1
MLI,2004,-33.23600771691688,-2.8213254107470696,1
MLI,2005,-34.14880227794481,-5.564148496588963,1
MLI,2006,-27.51737737754528,14.264425281150475,1
MLI,2007,-26.612142561640788,17.162357327842237,1
MLI,2008,-27.16872824846254,15.382117918320107,1
MLI,2009,-22.976650224272046,27.606308701377955,1
MLI,2010,-22.953104461255325,27.25474250145423,1
MMR,1960,-34.16394370656597,-5.486452887207915,1
MMR,1961,-34.15504191924467,-5.490051709305708,1
MMR,1962,-34.145977578302734,-5.4938611493741405,1
MMR,1963,-34.13505465285968,-5.498371401735183,1
MMR,1964,-34.122231312000764,-5.503427525315724,1
MMR,1965,-34.10756310287149,-5.508852103281064,1
MMR,1966,-34.09231707757318,-5.514974519739304,1
MMR,1967,-34.070425246328774,-5.522503142081595,1
MMR,1968,-34.04738069241469,-5.530837510894824,1
MMR,1969,-34.022168631580115,-5.539708309503615,1
MMR,1970,-33.99514146194738,-5.549087280887249,1
MMR,1971,-33.972556930131134,-5.581698501353258,1
MMR,1972,-33.93027786654924,-5.557878938722283,1
MMR,1973,-33.83702392870528,-5.407038557272453,1
MMR,1974,-33.773785645089795,-5.315457703920121,1
MMR,1975,-33.7984158390731,-5.541340379523399,1
MMR,1976,-33.7643789074436,-5.586636539443356,1
MMR,1977,-33.67017422744527,-5.4630633447402435,1
MMR,1978,-33.569085102115935,-5.331680552341165,1
MMR,1979,-33.44490897407156,-5.152668215635297,1
MMR,1980,-33.22377960872582,-4.6823617616985524,1
MMR,1981,-33.32421518788897,-5.200818336521268,1
MMR,1982,-33.2594761203125,-5.220560874916571,1
MMR,1983,-33.191861790709766,-5.2360704611634015,1
MMR,1984,-33.13705871814917,-5.174823920848614,1
MMR,1985,-32.952408098009265,-5.286503287306806,1
MMR,1986,-33.01814289754866,-5.95157168001705,1
MMR,1987,-33.058428396509555,-5.919883352516835,1
MMR,1988,-32.458426130222996,-4.258388208488197,1
MMR,1989,-32.76560868402015,-5.933369094987476,1
MMR,1990,-32.747623764397595,-5.988523090874781,1
MMR,1991,-32.392844887947604,-5.927505366240177,1
MMR,1992,-29.50423871194782,-6.948356447017932,1
MMR,1993,-25.170230704066952,-8.479883785988058,1
MMR,1994,-22.93487511413073,-9.077057818931324,1
MMR,1995,-21.64413676103393,-9.244446267887128,1
MMR,1996,-21.77105566287718,-9.45715784450697,1
MMR,1997,-19.856333925531192,-10.16307168852274,1
MMR,1998,-19.96763349714719,-10.110994253651292,1
MMR,1999,-18.283414398466313,-10.290438221660537,1
MMR,2000,-16.876141305270487,-10.58401861574509,1
MMR,2001,-13.15760379028735,-12.109293049369892,1
MMR,2002,-1.4776767281538596,-15.976241985258246,1
MMR,2003,9.039848158526127,-19.381385143552215,1
MMR,2004,34.52544293973269,-26.74214979065671,1
MMR,2005,49.27244317394557,-30.459993475643422,1
MMR,2006,65.07640068961538,-33.74558409359832,1
MMR,2007,70.04670568774264,-35.625353956166876,1
MMR,2008,81.21775446450673,-41.821939346637464,1
MMR,2009,98.4807808966714,-48.81634730581551,1
MMR,2010,112.52952777285586,-48.17826111619745,1
MOZ,1960,-34.368355975187946,-5.440794640786114,0
MOZ,1961,-34.36818913150273,-5.439974110067241,0
MOZ,1962,-34.36738539323885,-5.440515334055587,0
MOZ,1963,-34.36639326480571,-5.441166155991044,0
MOZ,1964,-34.36557870954343,-5.441745430041274,0
MOZ,1965,-34.36441128379108,-5.442258249751109,0
MOZ,1966,-34.363219518096436,-5.443236670184771,0
MOZ,1967,-34.36237854265051,-5.443754472379589,0
MOZ,1968,-34.3611781249642,-5.444617507059351,0
MOZ,1969,-34.35989167695972,-5.445377419367205,0
MOZ,1970,-34.358651640639664,-5.4457971453207294,0
MOZ,1971,-34.3507859848822,-5.422770166778082,0
MOZ,1972,-34.345050526634836,-5.406564717805115,0
MOZ,1973,-34.31534637255384,-5.324167348162841,0
MOZ,1974,-34.30682661954598,-5.306135947008435,0
MOZ,1975,-34.34071727617332,-5.412360103822552,0
MOZ,1976,-34.337309487980534,-5.411913528974187,1
MOZ,1977,-34.332464664937575,-5.4002195239142825,1
MOZ,1978,-34.353494497141874,-5.472171185629751,1
MOZ,1979,-34.34878616888607,-5.473236720492596,1
MOZ,1980,-34.33563581411443,-5.495263557960937,1
MOZ,1981,-34.34003625323591,-5.499112827706269,1
MOZ,1982,-34.337859475711554,-5.501612461866264,1
MOZ,1983,-34.33544269052007,-5.502909746766994,1
MOZ,1984,-34.33520518092305,-5.50388497738726,1
MOZ,1985,-34.33233915288651,-5.5027521188263115,1
MOZ,1986,-34.327296603184145,-5.509135608590335,1
MOZ,1987,-34.31086739771512,-5.534642001931913,1
MOZ,1988,-34.31714689487535,-5.5183580424962235,1
MOZ,1989,-34.31370244836334,-5.488306574976426,1
MOZ,1990,-34.32201476910712,-5.500849435712417,1
MOZ,1991,-34.3177294114308,-5.478071372881305,1
MOZ,1992,-34.32017626745967,-5.501262363733145,1
MOZ,1993,-34.33609584639974,-5.4723193451195025,1
MOZ,1994,-34.30855639761248,-5.331693372607849,1
MOZ,1995,-34.30512000902002,-5.481409458193808,1
MOZ,1996,-34.3110872816906,-5.503464333328042,1
MOZ,1997,-34.30059671537644,-5.52011770423734,1
MOZ,1998,-34.298932716089524,-5.519910317045942,1
MOZ,1999,-34.29502238768738,-5.524776616293767,1
MOZ,2000,-34.291273253743995,-5.525247562059417,1
MOZ,2001,-34.28938118505067,-5.5272210154166705,1
MOZ,2002,-33.904625083816974,-5.655386763663968,1
MOZ,2003,-33.31965112134279,-5.849306700031168,1
MOZ,2004,-34.039804317134525,-5.610745168414351,1
MOZ,2005,-33.96591651077291,-5.632253844452838,1
MOZ,2006,-34.05253171391588,-5.581348102852882,1
MOZ,2007,-33.99044113745536,-5.594484298692531,1
MOZ,2008,-33.97078641557113,-5.489652770614466,1
MOZ,2009,-34.025770580452615,-5.306010598360053,1
MOZ,2010,-34.063498309496424,-5.523394832611881,1
MRT,1960,-34.115514550646495,-4.511661273587724,0
MRT,1961,-34.11472343250729,-4.511197634241152,0
MRT,1962,-34.114166662917285,-4.510737894762067,0
MRT,1963,-34.11381119321788,-4.510314671905617,0
MRT,1964,-34.11346922063577,-4.5100086542841815,0
MRT,1965,-34.11290882278691,-4.509873678378262,0
MRT,1966,-34.1123319562251,-4.509850356849504,0
MRT,1967,-34.11151936163951,-4.509900707258056,0
MRT,1968,-34.11025925774879,-4.5101454041193945,0
MRT,1969,-34.10911103499353,-4.510418564553283,0
MRT,1970,-34.10781470553547,-4.510776493869851,0
MRT,1971,-34.10259392939215,-4.500634001053255,0
MRT,1972,-34.00272327198801,-4.1906787759269175,0
MRT,1973,-33.73080114295073,-3.376227113157878,0
MRT,1974,-33.55070177953643,-2.8436489200331723,1
MRT,1975,-33.899942511225184,-3.883465095347473,1
MRT,1976,-33.49622466600422,-2.676487883358408,1
MRT,1977,-33.64067268388016,-3.1114786854390446,1
MRT,1978,-33.99481635925517,-4.173232492471438,0
MRT,1979,-33.783454375833536,-3.5327816858316297,0
MRT,1980,-33.62508258375475,-3.0581992435942054,0
MRT,1981,-33.66115934699865,-3.186384205441737,0
MRT,1982,-33.442415946660496,-2.531549298262219,0
MRT,1983,-33.74477893340466,-3.450208232637004,0
MRT,1984,-33.66365390390378,-3.1959230921007,0
MRT,1985,-33.614338842209435,-3.0542731285511038,0
MRT,1986,-33.729955105771566,-3.4068302813430296,0
MRT,1987,-33.868209705247885,-3.827945765403701,0
MRT,1988,-33.95098491059229,-4.071349602409207,0
MRT,1989,-33.620965748042494,-3.0874621860834184,0
MRT,1990,-33.39732590746322,-2.4116233304406918,0
MRT,1991,-34.41228201012864,-5.450352483156556,0
MRT,1992,-34.40527268835089,-5.423675002623147,0
MRT,1993,-34.398543215211944,-5.409565835620569,0
MRT,1994,-34.24675354681116,-4.955398239252346,0
MRT,1995,-34.37503301564546,-5.348432201967046,0
MRT,1996,-34.39401034157114,-5.411411414115305,0
MRT,1997,-34.407018375964505,-5.45286456615899,0
MRT,1998,-34.087710380286836,-4.512371109741772,0
MRT,1999,-34.328744238434275,-5.2378566404816596,0
MRT,2000,-34.398660509438805,-5.454667470678045,0
MRT,2001,-33.88958876129681,-3.9514974263144063,0
MRT,2002,-33.82585385058019,-3.7704637984474223,0
MRT,2003,-34.38248397609575,-5.460087892179115,0
MRT,2004,-33.28288031517208,-2.210092059431007,0
MRT,2005,-30.13125960073515,7.197542942136927,0
MRT,2006,-30.540872405793433,6.044284542545993,0
MRT,2007,-23.04211424274636,28.442367954438893,1
MRT,2008,-19.468905573218073,39.14549170746972,1
MRT,2009,-28.26996490435079,12.805176787694018,1
MRT,2010,-21.337215065509334,33.508643092826134,0
MYS,1960,-32.96350521795112,-5.748436150108026,1
MYS,1961,-32.9487255702627,-5.753989001463263,1
MYS,1962,-32.59628646885993,-5.8721063274113074,1
MYS,1963,-30.566461040504237,-6.550278055931705,1
MYS,1964,-30.674024028561767,-6.514926204770629,1
MYS,1965,-30.634989817252666,-6.528052264052273,1
MYS,1966,-29.74728741452535,-6.824164730510705,1
MYS,1967,-29.310813347918383,-6.9698978677434855,1
MYS,1968,-29.269506650540052,-6.983276025872513,1
MYS,1969,-29.037586210540137,-7.061234648069757,1
MYS,1970,-28.446493682833935,-7.258120400641185,1
MYS,1971,-28.970497055645172,-7.15435945733422,1
MYS,1972,-28.752137422494688,-7.231143072451552,1
MYS,1973,-26.996078805942137,-7.81554774821695,1
MYS,1974,-25.141818460394695,-7.423519872434346,1
MYS,1975,-28.72881883228914,-6.965949062221248,1
MYS,1976,-27.93839822248443,-6.19034218029229,1
MYS,1977,-24.824028854456575,-5.3108125520062055,1
MYS,1978,-22.984771549408038,-5.091936971665343,1
MYS,1979,-21.056461292458245,-3.9184468762152758,1
MYS,1980,-10.931091689269433,-6.311519244895468,1
MYS,1981,-20.615510769887294,-6.059963346232674,0
MYS,1982,-23.684867276207438,-6.182270302083248,0
MYS,1983,-25.39876034690802,-5.365405331518812,0
MYS,1984,-21.959803373672308,-7.03720176118787,0
MYS,1985,-24.717250144489018,-6.357542914887475,0
MYS,1986,-24.7457601750597,-6.6004594324237145,0
MYS,1987,-25.451794588458444,-5.613171695614875,0
MYS,1988,-25.10117347872081,-5.045068777498428,0
MYS,1989,-23.980614954196263,-5.284445732324113,0
MYS,1990,-24.14207749553972,-5.409770138377908,0
MYS,1991,-22.770578420914468,-8.017486292549215,0
MYS,1992,-20.305311635106015,-9.080061129178,0
MYS,1993,-16.12184308328488,-10.962150666986755,0
MYS,1994,-14.224454683171682,-10.301143670015744,0
MYS,1995,-10.906068817294845,-10.89544593374799,0
MYS,1996,-15.209813759096644,-10.472400959773411,0
MYS,1997,-15.379258836304043,-10.409355096447825,0
MYS,1998,-11.192324422785642,-12.316509725495555,0
MYS,1999,-5.619825006995299,-14.472435950268785,0
MYS,2000,-5.447374885944242,-14.505069796738628,0
MYS,2001,-3.9290397788572697,-15.074150391665036,0
MYS,2002,-2.593402057123704,-15.035612528136005,0
MYS,2003,-1.1943873496000421,-15.472433545049917,0
MYS,2004,0.5265469175542563,-16.027990079095314,0
MYS,2005,2.9634122893715045,-16.352900423607597,0
MYS,2006,5.27404690883921,-16.522956907100266,0
MYS,2007,12.197206808181292,-18.497964457742654,0
MYS,2008,26.888042691010277,-23.00763937192687,0
MYS,2009,46.898128174038014,-29.515648314498733,0
MYS,2010,66.93860079489693,-30.78706263441657,0
NER,1960,-34.42109283178392,-5.469801319145534,0
NER,1961,-34.42006268531614,-5.469921354527355,0
NER,1962,-34.41882657087878,-5.470196435265582,0
NER,1963,-34.417386061176195,-5.4709359387603635,0
NER,1964,-34.4167755370047,-5.471125021252637,0
NER,1965,-34.41598858886145,-5.47131274751756,0
NER,1966,-34.41492636129439,-5.471597667100286,0
NER,1967,-34.41404450327626,-5.472071625280355,0
NER,1968,-34.412868520115936,-5.47242632743038,0
NER,1969,-34.41198470430583,-5.472707614092303,0
NER,1970,-34.41092513301918,-5.472970404743083,0
NER,1971,-34.40982593440015,-5.474896173403392,0
NER,1972,-34.40681627639452,-5.475607624160173,0
NER,1973,-34.40514482485821,-5.474434471644371,0
NER,1974,-34.40062278823112,-5.464468143556224,0
NER,1975,-34.40300551358858,-5.472620923041259,0
NER,1976,-34.40147211830629,-5.470055899236469,0
NER,1977,-34.39584736636973,-5.459184620112324,0
NER,1978,-34.3928562231255,-5.455415722297116,0
NER,1979,-34.3890921810319,-5.449034508350342,0
NER,1980,-34.38693045178203,-5.448079540443398,0
NER,1981,-34.388760145545575,-5.4588422081233885,0
NER,1982,-34.38869845165438,-5.463405337459317,0
NER,1983,-34.387034676586836,-5.461900177929618,0
NER,1984,-34.363758125577185,-5.40279142635322,0
NER,1985,-34.38439432963682,-5.4679692682689085,0
NER,1986,-34.38690429988859,-5.481523442470706,0
NER,1987,-34.384087433193216,-5.482594254783839,0
NER,1988,-34.38111507276361,-5.483621818400804,0
NER,1989,-34.37894134757499,-5.484218566408187,0
NER,1990,-34.3741814175891,-5.486073441738308,1
NER,1991,-34.3745691557305,-5.486268972803028,1
NER,1992,-34.37469965258822,-5.4864725243204315,1
NER,1993,-34.37216143727637,-5.487569655196854,1
NER,1994,-34.36867952114235,-5.488893509478078,1
NER,1995,-34.360219114111736,-5.481936520386173,1
NER,1996,-34.36405096805489,-5.491694297153004,1
NER,1997,-34.31303672494684,-5.351524779063884,1
NER,1998,-34.31941191548855,-5.378229439642351,1
NER,1999,-34.35381039926916,-5.4951587595458316,1
NER,2000,-34.34955440806466,-5.495210699264221,1
NER,2001,-34.34468570332299,-5.497133968800097,1
NER,2002,-34.337019710874195,-5.497843084644576,1
NER,2003,-34.32974288875771,-5.50459619528506,1
NER,2004,-34.31130148174828,-5.45937106418815,1
NER,2005,-34.1320653329722,-4.935408925056805,1
NER,2006,-34.041761439888056,-4.668315775725263,1
NER,2007,-33.90133937601247,-4.262523762733103,1
NER,2008,-33.959041766329484,-4.450414444777222,1
NER,2009,-33.93444989275254,-4.409286069007921,1
NER,2010,-33.80782755765378,-4.052290732725643,1
NGA,1960,-33.69057807337599,-5.639124574771455,0
NGA,1961,-33.655328712490274,-5.6513171905700865,0
NGA,1962,-33.613742531944915,-5.666447060761219,0
NGA,1963,-33.573796252185964,-5.681502124726525,0
NGA,1964,-33.53140194328375,-5.697235169722418,0
NGA,1965,-33.49191409176502,-5.711627499169331,1
NGA,1966,-33.45013860111368,-5.728940472953418,1
NGA,1967,-33.41026466098076,-5.743881032729218,1
NGA,1968,-33.37283006584122,-5.759070224323373,1
NGA,1969,-33.334363170960614,-5.774466879390488,1
NGA,1970,-33.285250197482014,-5.792354765784392,1
NGA,1971,-33.2653549215488,-5.9279119288134625,1
NGA,1972,-33.223309274831045,-5.941750598930652,1
NGA,1973,-33.17304558519327,-5.956341578942737,1
NGA,1974,-33.05459700847916,-5.763779474695138,1
NGA,1975,-33.002593971088544,-5.776164053958611,1
NGA,1976,-32.9197720911341,-5.707837290390715,1
NGA,1977,-32.51471357461866,-4.673593517183699,1
NGA,1978,-32.408945713004734,-4.548781258122373,1
NGA,1979,-32.14409585937004,-3.935168615819875,1
NGA,1980,-32.563529372436555,-5.372019193529058,1
NGA,1981,-32.62145014745106,-5.769963362169545,1
NGA,1982,-32.58978450372771,-5.899191578799534,1
NGA,1983,-32.50824638496269,-6.001855353241484,1
NGA,1984,-32.60890870085672,-6.040684567472062,1
NGA,1985,-32.36646504898249,-6.152656987840556,1
NGA,1986,-32.78970135983797,-6.1337433687117064,1
NGA,1987,-32.682310088924005,-6.170091694536935,1
NGA,1988,-31.879699572949512,-6.440159691162824,1
NGA,1989,-29.28686155668189,-7.3092522603281465,1
NGA,1990,-32.39140322915417,-6.272905565606996,1
NGA,1991,-31.0205233343018,-6.742526016596892,1
NGA,1992,-30.704696403410242,-6.843894801326793,1
NGA,1993,-30.691540254909814,-6.856973784921946,1
NGA,1994,-31.015536130269084,-6.749572446858331,1
NGA,1995,-30.708840357772047,-6.8587009273210295,1
NGA,1996,-30.202766670271107,-7.030220151927453,1
NGA,1997,-29.35957552848408,-7.314958242022069,1
NGA,1998,-29.97524510763397,-7.108558894195639,1
NGA,1999,-29.733227395276487,-7.195648761920833,1
NGA,2000,-29.034702548847747,-7.4318183335253,1
NGA,2001,-29.229859576329616,-7.373180303010642,1
NGA,2002,-28.136885894670414,-7.737647882357687,1
NGA,2003,-28.10752440968371,-7.761625675792148,1
NGA,2004,-25.83546309491516,-8.526482190133347,1
NGA,2005,-23.68806392434808,-9.23076064743055,1
NGA,2006,-18.866035911697637,-10.804952975483726,1
NGA,2007,-18.6417498052273,-10.519363049802308,1
NGA,2008,-8.802980746860793,-13.936990846255616,1
NGA,2009,-6.923632325724991,-13.827958691298633,1
NGA,2010,1.9663839866001993,-14.208350007220488,1
NIC,1960,-34.373897025286496,-5.292315191945371,0
NIC,1961,-34.373642966635686,-5.292701556853762,0
NIC,1962,-34.37339001268071,-5.293107160632868,0
NIC,1963,-34.37291941807143,-5.2935324482003505,0
NIC,1964,-34.37254618190382,-5.2939383222322345,0
NIC,1965,-34.37198840639505,-5.294187699002284,0
NIC,1966,-34.37128739994628,-5.2944828120309175,0
NIC,1967,-34.37064656344077,-5.294781826558738,0
NIC,1968,-34.37004159357002,-5.295096818164633,0
NIC,1969,-34.369360817537824,-5.2954110184983385,0
NIC,1970,-34.36867035050576,-5.295646608215662,0
NIC,1971,-34.373015028541566,-5.310503663167271,0
NIC,1972,-34.363951524301605,-5.2853486741049025,0
NIC,1973,-34.184590098976884,-4.753390344318017,1
NIC,1974,-34.132872765759366,-4.598318990991762,1
NIC,1975,-34.351013464270295,-5.254460633452815,1
NIC,1976,-34.34132454287516,-5.2279368533464625,1
NIC,1977,-34.38288719765575,-5.356643671440883,1
NIC,1978,-34.411383574178,-5.445054087201565,1
NIC,1979,-34.36426336912303,-5.30266633460796,1
NIC,1980,-34.25294772592903,-4.972318911898088,1
NIC,1981,-34.32340222940725,-5.185621093979489,1
NIC,1982,-34.362634348519805,-5.305737875284046,1
NIC,1983,-34.34454737234307,-5.263372799049107,1
NIC,1984,-34.38457280310239,-5.385625563656666,1
NIC,1985,-34.3902474199791,-5.410795581254561,1
NIC,1986,-34.38047409796629,-5.3885482068023975,1
NIC,1987,-34.360142110606645,-5.338327567716353,1
NIC,1988,-34.35856508527007,-5.3509479408285685,1
NIC,1989,-34.382180773873806,-5.424618062014607,1
NIC,1990,-34.381174242582475,-5.423836459773324,0
NIC,1991,-34.366676434804766,-5.3929270289188125,0
NIC,1992,-34.374491810676695,-5.415127203746608,0
NIC,1993,-34.3357646190056,-5.4474741834034655,0
NIC,1994,-34.2178570966621,-5.516785378254157,0
NIC,1995,-34.00676595810183,-5.584819229219343,0
NIC,1996,-33.940664696280706,-5.507695869075495,0
NIC,1997,-33.804381443345385,-5.652207024626047,0
NIC,1998,-33.580712539427736,-5.72273546552491,0
NIC,1999,-33.5813275885759,-5.400538279577161,0
NIC,2000,-33.32585432198287,-5.337348964181187,0
NIC,2001,-33.41453135300044,-5.77944723163042,0
NIC,2002,-33.28046997687446,-5.573134955736883,0
NIC,2003,-33.19867140207262,-5.8458239637575105,0
NIC,2004,-32.808496933844175,-5.176915571057649,0
NIC,2005,-32.51931264017553,-5.50115971105062,0
NIC,2006,-32.1165924706261,-4.997995279777309,0
NIC,2007,-31.983595702529687,-4.776824487378322,0
NIC,2008,-31.521739202002035,-5.957533450979982,0
NIC,2009,-31.02015239166769,-6.075401094313443,0
NIC,2010,-29.214570264849193,0.42934807242928397,0
NLD,1960,-21.12392722607548,-9.832622947517994,0
NLD,1961,-19.79695747221153,-10.27279350915597,1
NLD,1962,-17.922765916314283,-10.897914924996048,0
NLD,1963,-19.062152764306276,-10.517666904146324,0
NLD,1964,-14.644639523531314,-11.991192998629874,0
NLD,1965,-15.539915959195255,-11.69149213501572,0
NLD,1966,-18.600337467937518,-10.668850711090446,0
NLD,1967,-19.751752278632118,-10.286295432216527,0
NLD,1968,-15.01632103014828,-11.865778888787155,0
NLD,1969,-16.315585537206545,-11.430310640940107,0
NLD,1970,-19.680224224236827,-10.305478741456213,0
NLD,1971,-18.034727680943668,-10.854430718821177,0
NLD,1972,-14.562481039235028,-12.014532230375327,0
NLD,1973,-14.965380552623113,-11.426817232643582,0
NLD,1974,-16.906925855182777,-9.20536701824824,0
NLD,1975,-15.210750869229049,-11.685678989784895,0
NLD,1976,-21.797335985272163,-9.563049853173833,0
NLD,1977,-15.707325386305232,-11.627214503898308,0
NLD,1978,-14.15532599802443,-12.143427136132939,0
NLD,1979,-17.70924445729442,-10.953535400419685,0
NLD,1980,-21.159014113107126,-9.798805808441195,0
NLD,1981,-15.640281863154868,-11.64161625181297,0
NLD,1982,-12.107709822665953,-12.8196861596283,0
NLD,1983,-13.890804165776977,-12.221709608288283,0
NLD,1984,-23.950951490474814,-8.860269933020867,0
NLD,1985,-14.436510989477792,-12.03468988104219,0
NLD,1986,-19.52109470987766,-10.335030900080927,0
NLD,1987,-17.30755999534744,-11.072079744977776,0
NLD,1988,-20.758658571546697,-9.918742909230136,0
NLD,1989,-15.72494391547291,-11.597919347854749,0
NLD,1990,-17.058570657930655,-11.149970171440817,0
NLD,1991,-25.40139754888603,-8.36290150054386,0
NLD,1992,-24.97891219181269,-8.50260995490137,0
NLD,1993,-22.09268221958994,-9.465366488204058,0
NLD,1994,-15.624790162702222,-11.626619619328839,0
NLD,1995,-19.91824083295451,-10.191402540990563,0
NLD,1996,-17.225357068081017,-11.089081788478879,0
NLD,1997,-17.493111409616418,-10.996696692942438,0
NLD,1998,-13.77584849128996,-12.234000736082036,0
NLD,1999,-15.691214127915295,-11.593890399452338,0
NLD,2000,-21.365125543878115,-9.697110015966711,0
NLD,2001,-24.427720723685944,-8.672998027076762,0
NLD,2002,-24.875408901542897,-8.524872166873939,0
NLD,2003,-22.81359114498506,-9.212348600877878,0
NLD,2004,-20.76316269533648,-9.896236199273797,0
NLD,2005,-21.977060482405374,-9.488984498597388,0
NLD,2006,-26.348703121661124,-8.027415647958264,0
NLD,2007,-24.44174864321505,-8.660266994842775,0
NLD,2008,-26.12964001414033,-8.092723850907221,0
NLD,2009,-24.655414720679424,-8.583035651617097,0
NLD,2010,-22.731902975468884,-9.222950746938361,0
NPL,1960,-34.35507879581986,-5.484737930600326,1
NPL,1961,-34.35345400568882,-5.485175912812258,1
NPL,1962,-34.35166479134795,-5.485575246972967,1
NPL,1963,-34.34976558740322,-5.486274547647286,1
NPL,1964,-34.34784498493674,-5.486840997870536,1
NPL,1965,-34.34596390025065,-5.487300359643341,1
NPL,1966,-34.34326099156701,-5.488523621706734,1
NPL,1967,-34.340130006478795,-5.489521506704876,1
NPL,1968,-34.3362922668703,-5.491131586317637,1
NPL,1969,-34.33254922975527,-5.492613590761455,1
NPL,1970,-34.323092268620755,-5.495837998018422,1
NPL,1971,-34.31178966692829,-5.500670791017825,1
NPL,1972,-34.29616076038191,-5.506400134513123,1
NPL,1973,-34.27387381355598,-5.5141412471171325,1
NPL,1974,-34.240079839260225,-5.471651172977326,1
NPL,1975,-34.23437295642945,-5.528650561762591,1
NPL,1976,-34.206490238973394,-5.5390496242637655,1
NPL,1977,-33.97941387040676,-4.949681561449377,1
NPL,1978,-33.90784396294578,-4.844208516495024,1
NPL,1979,-33.71075509097644,-4.381636764805172,1
NPL,1980,-33.68646206498806,-4.4544267408494935,1
NPL,1981,-33.899028525659915,-5.261515782910929,1
NPL,1982,-33.8945005642249,-5.442793655796605,1
NPL,1983,-33.692584934988474,-4.978706557857511,1
NPL,1984,-33.88251323051548,-5.40883393179161,1
NPL,1985,-33.736845741588525,-5.701591728495557,1
NPL,1986,-33.581250221228835,-5.755444502954227,1
NPL,1987,-33.361692298991045,-5.831283060790404,1
NPL,1988,-33.41101475334266,-5.814758256544712,1
NPL,1989,-33.119318363836975,-5.910964579634712,1
NPL,1990,-32.70739245640964,-6.0462804188661945,1
NPL,1991,-32.52512341631632,-6.106568420394375,1
NPL,1992,-32.46695216073257,-6.121736632800775,1
NPL,1993,-32.6451834563313,-6.07231571459099,1
NPL,1994,-32.61884600648554,-6.080958583060542,1
NPL,1995,-32.56816930659515,-6.103078951586233,1
NPL,1996,-32.43996493811519,-6.14687403546166,1
NPL,1997,-32.2107372448177,-6.22429676102389,1
NPL,1998,-32.05558382387384,-6.277169948247443,1
NPL,1999,-32.02329855611407,-6.289285930107841,1
NPL,2000,-31.680046540279818,-6.405942268642159,1
NPL,2001,-31.414276228220885,-6.494882486724283,1
NPL,2002,-31.32006501689433,-6.526377665214021,1
NPL,2003,-31.216910160645014,-6.5615788200128335,1
NPL,2004,-30.818940432330045,-6.696231909058041,1
NPL,2005,-30.39469432266935,-6.838277221669897,1
NPL,2006,-29.893674413645925,-7.007000616576434,0
NPL,2007,-29.674124156597443,-7.08012080184959,0
NPL,2008,-29.572761396689412,-7.113442457080174,0
NPL,2009,-29.65646490433231,-7.084542001551153,0
NPL,2010,-29.39855267473137,-7.1695847696640005,0
OMN,1960,-34.423392413494504,-5.442324223371954,0
OMN,1961,-34.423289991187566,-5.442123900246454,0
OMN,1962,-34.42242008560499,-5.442219782929106,0
OMN,1963,-34.4224474877743,-5.442240283420435,0
OMN,1964,-34.422555542398875,-5.442387727311843,0
OMN,1965,-34.42183488422225,-5.442750117777035,0
OMN,1966,-34.42109302555748,-5.443128671400303,0
OMN,1967,-34.421180249269064,-5.443367206540491,1
OMN,1968,-34.421319366032996,-5.443726951157313,1
OMN,1969,-34.42150111860957,-5.44419170127349,1
OMN,1970,-34.418094658368624,-5.445510186482529,1
OMN,1971,-34.41460552190044,-5.44691741987989,1
OMN,1972,-34.41121711986845,-5.448361196374527,1
OMN,1973,-34.407816100174706,-5.449705571073635,1
OMN,1974,-34.40467952410717,-5.450440232913158,1
OMN,1975,-34.40155705738243,-5.451704657214833,0
OMN,1976,-34.40146328786839,-5.451782884044845,0
OMN,1977,-34.40494746533433,-5.4511129001748495,0
OMN,1978,-34.4082934366882,-5.450422847397016,0
OMN,1979,-34.411584887816446,-5.449773669487647,0
OMN,1980,-34.41483178864071,-5.449110619637616,0
OMN,1981,-34.41800702034837,-5.448319866364796,0
OMN,1982,-34.416516056708865,-5.448671890406491,0
OMN,1983,-34.30686653234219,-5.133004181670942,0
OMN,1984,-34.310443749285845,-5.1440988767275275,0
OMN,1985,-34.28796072752992,-5.074060217920427,0
OMN,1986,-34.296125403031446,-5.100808769620166,0
OMN,1987,-34.13875162818542,-4.6558839612351886,0
OMN,1988,-33.948354362348674,-4.106459025568586,0
OMN,1989,-34.0013968580183,-4.245104086722398,0
OMN,1990,-34.12344500276777,-4.6150397724040815,0
OMN,1991,-34.30850922903817,-5.17106342079269,0
OMN,1992,-34.198745664950266,-4.843315487209188,0
OMN,1993,-34.3096385970975,-5.178371276496965,0
OMN,1994,-34.31979780140702,-5.226383087920988,0
OMN,1995,-34.39181125216071,-5.453997294311266,0
OMN,1996,-34.394346582804275,-5.453335543893218,0
OMN,1997,-34.35933417739029,-5.3488622675352255,0
OMN,1998,-34.38074800818247,-5.415110242999733,0
OMN,1999,-34.393402815548804,-5.4488804308487415,0
OMN,2000,-34.39135051497926,-5.450829141133426,0
OMN,2001,-34.389607645696316,-5.452755589247514,0
OMN,2002,-34.38459467117322,-5.446833207454128,0
OMN,2003,-34.3271403164536,-5.472820772895356,0
OMN,2004,-34.26838161078392,-5.399565687989685,0
OMN,2005,-34.28808579184245,-5.290054044456566,0
OMN,2006,-34.31531320538443,-5.31120791410717,0
OMN,2007,-34.32648814487777,-5.340237388510668,0
OMN,2008,-34.342876014009555,-5.407381267247798,0
OMN,2009,-34.347917249778575,-5.428748516284657,0
OMN,2010,-34.214487953367,-5.036974390844955,0
PAK,1960,-33.880640559740705,-5.707037899767246,1
PAK,1961,-33.85153195953149,-5.723328168132428,1
PAK,1962,-33.82655395126893,-5.733067406354965,1
PAK,1963,-33.795889999845016,-5.7448565747161595,1
PAK,1964,-33.764214685162585,-5.757147853007615,1
PAK,1965,-33.730761891874806,-5.770230807130806,1
PAK,1966,-33.6892407633251,-5.785647085731482,1
PAK,1967,-33.652421358904796,-5.800094675808002,1
PAK,1968,-33.61221802910613,-5.8156780988381005,1
PAK,1969,-33.56629420783634,-5.833154405902115,1
PAK,1970,-33.516470915516344,-5.852300914094782,1
PAK,1971,-33.46865056145855,-5.872457839863291,1
PAK,1972,-33.41467566143014,-5.892055965565673,1
PAK,1973,-33.3636913637285,-5.910995086184129,1
PAK,1974,-33.31904015188776,-5.927445307753065,1
PAK,1975,-33.25144890011492,-5.950393269605477,1
PAK,1976,-33.18325859589221,-5.97240383977611,1
PAK,1977,-33.1061456269024,-5.9977943298311605,1
PAK,1978,-33.033953730760274,-6.02324887374791,1
PAK,1979,-32.97378845772273,-6.02080202031735,1
PAK,1980,-32.90826897359646,-5.999595039687574,1
PAK,1981,-32.78474149840619,-6.085866244019384,1
PAK,1982,-32.67725154136798,-6.145992877571279,1
PAK,1983,-32.546664010402694,-6.216786519967735,1
PAK,1984,-32.16650528460058,-6.372191594062668,1
PAK,1985,-32.15210474150076,-6.351251572102379,1
PAK,1986,-32.12476549481407,-6.362934076133336,1
PAK,1987,-32.095466335567714,-6.375645092848928,1
PAK,1988,-32.339720260006004,-6.308059576961329,1
PAK,1989,-31.815572528588156,-6.493341415873059,1
PAK,1990,-31.743303397129704,-6.500648955368105,1
PAK,1991,-31.227991934331516,-6.701637219025497,1
PAK,1992,-31.198792021500445,-6.770364134699363,1
PAK,1993,-31.050661501590994,-6.77995023103686,1
PAK,1994,-30.810384079352595,-6.8777968407774726,1
PAK,1995,-30.668512204147234,-6.598351285817797,1
PAK,1996,-30.910205391349784,-6.729146727835335,1
PAK,1997,-30.579218841583604,-6.953764126304871,1
PAK,1998,-30.220744390399616,-7.08306706908071,1
PAK,1999,-29.209288266434243,-7.421833436898091,1
PAK,2000,-30.988004181815487,-6.804670205540043,1
PAK,2001,-23.3114558020296,-9.401706242548457,1
PAK,2002,-21.675610353051106,-10.003277705151003,1
PAK,2003,-20.604445934281763,-10.222339225562774,1
PAK,2004,-19.714742831490774,-9.679958870401205,1
PAK,2005,-18.82130630007984,-9.369860347867615,1
PAK,2006,-11.008048431991742,-9.333691715115627,1
PAK,2007,-9.567066404251047,-9.628188429011573,1
PAK,2008,-8.75813615706624,-10.338344966557106,1
PAK,2009,-8.654633705183478,-11.833575129603954,1
PAK,2010,-7.503569016883159,-9.75268016588144,1
PAN,1960,-34.42559155011855,-5.441176286592867,0
PAN,1961,-34.42531686666561,-5.441339720102624,0
PAN,1962,-34.42450608615683,-5.441677384467245,0
PAN,1963,-34.42450241315889,-5.441825789257065,0
PAN,1964,-34.422391664520504,-5.442469318590248,0
PAN,1965,-34.419846071126834,-5.443246180676566,0
PAN,1966,-34.41406928329763,-5.444795862272812,0
PAN,1967,-34.41385222150108,-5.4449684227283885,0
PAN,1968,-34.41348634974022,-5.445152769250591,0
PAN,1969,-34.418787258270676,-5.4438823731977015,0
PAN,1970,-34.414758767704726,-5.444753720803541,0
PAN,1971,-34.4110415186992,-5.445508421713632,0
PAN,1972,-34.411905846084736,-5.445226624294016,0
PAN,1973,-34.4039980888529,-5.447028370306289,0
PAN,1974,-34.40765072926118,-5.445872161790729,0
PAN,1975,-34.401994466367796,-5.446979207634606,0
PAN,1976,-34.38956002440145,-5.449698710393949,0
PAN,1977,-34.37819313841857,-5.452199960325844,0
PAN,1978,-34.39112898193836,-5.448711578966483,0
PAN,1979,-34.377568522895885,-5.452203048957453,0
PAN,1980,-34.351568638661185,-5.459450251992892,0
PAN,1981,-34.328599590807926,-5.4674365066549795,0
PAN,1982,-34.22815051620477,-5.500591198213273,0
PAN,1983,-34.15638609630558,-5.523111021430459,0
PAN,1984,-34.136925997261876,-5.529238160617555,0
PAN,1985,-33.89087494007105,-5.608288626520629,0
PAN,1986,-33.8026795965658,-5.638953745211553,0
PAN,1987,-33.798712906300196,-5.639084271226578,0
PAN,1988,-33.681945408645994,-5.677764542426737,1
PAN,1989,-33.752960705834866,-5.652306828062007,0
PAN,1990,-33.8046827559741,-5.634609808569475,0
PAN,1991,-33.72408516025275,-5.660100553844956,0
PAN,1992,-33.73130238584031,-5.656490323920458,0
PAN,1993,-33.50938485333092,-5.72920731825007,0
PAN,1994,-33.308569107548855,-5.795238585821128,0
PAN,1995,-33.437986448422905,-5.750650261092251,0
PAN,1996,-33.51669695198504,-5.721080730372159,0
PAN,1997,-33.15126894489211,-5.839780366181025,0
PAN,1998,-33.106938402413526,-5.7414080244463275,0
PAN,1999,-33.93783076146221,-5.424921658462649,0
PAN,2000,-33.99764896662127,-5.359240413335212,0
PAN,2001,-33.79665277677217,-5.545504136966704,0
PAN,2002,-33.6710655162813,-5.449921730382682,0
PAN,2003,-33.20448888076993,-5.500566952740854,0
PAN,2004,-32.983325647061015,-5.295728921616364,0
PAN,2005,-33.03098020582083,-5.871530503954926,0
PAN,2006,-32.86341485547957,-5.925890244572738,0
PAN,2007,-32.83844960775588,-5.933133482824402,0
PAN,2008,-32.93555808502526,-5.898912909406841,0
PAN,2009,-32.974096526689124,-5.039685199938849,0
PAN,2010,-32.84577063934159,-4.623382623194298,0
PER,1960,-30.42577337200394,4.419923401849022,0
PER,1961,-30.143644426543947,4.349861407029545,0
PER,1962,-29.86855125788054,4.281582564921035,1
PER,1963,-29.875366783090673,4.283299535648842,1
PER,1964,-29.510465008661463,4.193477472453804,1
PER,1965,-29.776942973588554,4.258893040942848,1
PER,1966,-29.557019595365812,4.2046401872635375,1
PER,1967,-29.33432719528771,4.1496170535657555,1
PER,1968,-29.266856018874343,4.132641925576353,1
PER,1969,-29.47383728862242,4.182967228853666,1
PER,1970,-28.922718971333108,4.045252089196783,1
PER,1971,-30.499896921415505,0.35179257285541965,1
PER,1972,-31.203308109637405,1.27880797682199,1
PER,1973,-25.387638151114345,19.885754656219163,1
PER,1974,-21.751857227599253,29.74082689591313,1
PER,1975,-30.180606528356545,4.851113429106681,1
PER,1976,-29.43596252293938,6.524263236592471,1
PER,1977,-30.605347830548855,3.937749736971009,1
PER,1978,-30.848767216392595,2.6388722183556013,1
PER,1979,-25.797289180411983,17.55807096130063,1
PER,1980,-19.131363859556224,37.764920720964724,1
PER,1981,-29.70857789094923,5.898499861529283,1
PER,1982,-27.76445620629131,10.962810985508236,1
PER,1983,-27.33384784290686,13.628585973845551,1
PER,1984,-25.67898870113893,16.621546207909198,1
PER,1985,-25.259267463657814,14.93941653324512,1
PER,1986,-31.022809809895943,-0.2871773068217047,1
PER,1987,-27.296886810870216,10.564073986357892,1
PER,1988,-8.444189046781286,65.41851043609965,1
PER,1989,3.048212670352733,99.71207174872424,1
PER,1990,-11.45980231346081,56.09748478675604,1
PER,1991,-20.58641524092931,27.83913016890355,1
PER,1992,-23.884644007728433,18.409857371883106,1
PER,1993,-28.298369463439517,4.758196225061635,1
PER,1994,-14.627599373864609,43.47024410050019,1
PER,1995,-8.919615439542707,62.21744617390017,1
PER,1996,-13.609395364263783,46.769211659669295,1
PER,1997,-15.11271308821809,43.00871011357562,1
PER,1998,-26.10388030968614,12.402621912449694,1
PER,1999,-20.779879867766134,25.23788825265477,1
PER,2000,-16.26723561188257,38.763359714083144,1
PER,2001,-25.932252242213778,10.695779887489563,1
PER,2002,-21.998802517146505,19.781538588681208,1
PER,2003,-11.691886041881979,50.823174538102116,1
PER,2004,33.63497534478136,179.7432584657527,1
PER,2005,62.261792423906776,263.28273394077195,1
PER,2006,170.45738233937664,586.7903419554626,1
PER,2007,198.40347882538404,663.986660280036,1
PER,2008,182.07025587539195,612.9918305979306,1
PER,2009,134.33123689373159,469.7566950001356,1
PER,2010,202.210723122139,649.0312360673477,0
PHL,1960,-21.83054296856646,-2.9066779066605553,1
PHL,1961,-21.68902906162537,-2.9551672840825516,1
PHL,1962,-21.55279852062344,-3.0029011196171584,1
PHL,1963,-21.408390505605908,-3.0525996525877206,1
PHL,1964,-21.25494107639048,-3.1050523889136863,1
PHL,1965,-20.944590788377567,-3.2095480419987,1
PHL,1966,-20.80979717439717,-3.256085633660781,1
PHL,1967,-20.70150257607193,-3.292602819459385,1
PHL,1968,-15.060795322674824,-5.175748446159476,1
PHL,1969,-15.188522791783921,-5.135619677657621,1
PHL,1970,-14.747054316614935,-5.293131898766838,1
PHL,1971,-14.318380664725126,-6.324572236633939,1
PHL,1972,-13.96121430728568,-6.307766409051403,1
PHL,1973,-11.538513611771535,-1.1275989002058342,1
PHL,1974,-5.7981241272422785,-0.38675361149275567,1
PHL,1975,-8.753541521249023,-5.542104624477469,1
PHL,1976,-6.3731291944295805,-3.9369710441234123,1
PHL,1977,-2.2055416010551596,-2.22211176353253,1
PHL,1978,7.1934236335387,-8.531081235040283,1
PHL,1979,16.654497448167895,-1.130458058614276,1
PHL,1980,30.900786762232492,0.8292147093391673,1
PHL,1981,31.63992335304429,-7.945160566455758,1
PHL,1982,38.91802391323973,-17.24642800406145,1
PHL,1983,50.46344820276946,-19.485594772466627,1
PHL,1984,50.300421478213316,-23.353139539745527,1
PHL,1985,53.930176050716575,-22.018401980470713,1
PHL,1986,49.244191406740065,-22.466213803947817,1
PHL,1987,65.81475922372388,-23.58611340167684,1
PHL,1988,76.01847012063351,-14.785199874945755,1
PHL,1989,80.3835191362358,-18.629448172752873,1
PHL,1990,85.27058720168074,-27.573070118581953,1
PHL,1991,85.64081053572622,-38.59601363190124,1
PHL,1992,91.99297171920992,-44.29859818709481,1
PHL,1993,100.87859854875637,-49.98381029712126,1
PHL,1994,114.5900225623082,-51.473066534053785,1
PHL,1995,128.9121535573356,-48.9138935776244,1
PHL,1996,138.17378814488214,-58.91035267478356,1
PHL,1997,136.93109589418276,-49.615757412728335,1
PHL,1998,136.72619300519838,-57.77240278475963,1
PHL,1999,145.28866811849628,-60.87148046161021,1
PHL,2000,155.58421995663772,-59.522522470388004,1
PHL,2001,173.2801017379163,-73.96645478263837,1
PHL,2002,193.701311034304,-79.32037143597458,1
PHL,2003,212.26430553861894,-85.85467689383232,1
PHL,2004,258.9947720412532,-97.21154371923484,1
PHL,2005,289.78268490913825,-105.801147880138,1
PHL,2006,341.3674859311773,-62.114047584910374,1
PHL,2007,423.51532444644204,114.61744530702592,1
PHL,2008,393.53067539067376,-83.71420063672699,1
PHL,2009,399.51747389708777,-104.97026533976002,1
PHL,2010,453.48553189075034,17.866847441125678,1
PNG,1960,-34.42006303741816,-5.462199404932873,0
PNG,1961,-34.41938711709371,-5.462680577241778,0
PNG,1962,-34.41892464553991,-5.462755232735367,0
PNG,1963,-34.41819569945844,-5.4630314110646845,0
PNG,1964,-34.417887524382074,-5.463317650110667,0
PNG,1965,-34.417556263800485,-5.4635224191180605,0
PNG,1966,-34.41747911501982,-5.463568293422621,0
PNG,1967,-34.41721554992222,-5.46474355021961,0
PNG,1968,-34.41694768790692,-5.464907545413511,0
PNG,1969,-34.41660205251364,-5.465144299527771,0
PNG,1970,-34.41643697206594,-5.4652586059559765,0
PNG,1971,-34.413687093400036,-5.46611352456621,0
PNG,1972,-32.47643338816509,0.3300216410004051,0
PNG,1973,-29.26574919216011,9.889353785409588,0
PNG,1974,-27.851629090263696,14.111463225580133,0
PNG,1975,-30.72122173830598,5.558299845405331,0
PNG,1976,-30.594196289263337,5.925447910328828,0
PNG,1977,-30.553159526707447,6.056654243664166,0
PNG,1978,-29.723048474596897,8.522098861758174,0
PNG,1979,-27.584107146380425,14.924726436378842,0
PNG,1980,-25.777032017093696,20.327627038835516,0
PNG,1981,-27.234411034412734,15.972675575077373,0
PNG,1982,-28.518577442049494,12.139076742643189,0
PNG,1983,-27.24923982998233,15.940564743478232,0
PNG,1984,-29.005385438640946,10.679697959205319,0
PNG,1985,-26.845168303963533,17.135286101661166,0
PNG,1986,-26.91565047067976,16.919700927653572,0
PNG,1987,-23.636556130873927,26.722583376777727,0
PNG,1988,-20.877292885951174,34.974979951546736,1
PNG,1989,-22.514705660284584,30.072486182407246,1
PNG,1990,-24.37817382574286,24.496266860726166,1
PNG,1991,-24.334196260910574,24.62879235476003,1
PNG,1992,-24.5775389534329,23.905644002449215,1
PNG,1993,-27.516580391145638,15.103122597723372,1
PNG,1994,-25.81119509468805,20.198059904391783,1
PNG,1995,-24.145414109469385,25.163452696112934,1
PNG,1996,-29.660790259257936,8.656995037104428,0
PNG,1997,-33.33156474121626,-2.352175830886494,0
PNG,1998,-31.4439527721273,3.251920710415785,0
PNG,1999,-32.109499224510294,1.2404741141252993,0
PNG,2000,-29.99976069263553,7.4866301837709806,0
PNG,2001,-32.51904137871858,-0.06661087297755142,0
PNG,2002,-30.861454544658944,4.83618179192727,0
PNG,2003,-29.69441732498927,8.297619518165384,0
PNG,2004,-24.1277566968431,24.81908227548667,0
PNG,2005,-22.296942815711898,30.260512974440708,0
PNG,2006,-12.76100596908493,58.66586484912672,0
PNG,2007,-14.657241796417868,52.90814858960076,0
PNG,2008,-7.177190780049234,75.12955770553813,0
PNG,2009,-10.011004523235297,66.50231251412522,0
PNG,2010,5.776823714481168,113.54347149534705,0
PRT,1960,-34.19100609612301,-5.314550357987756,1
PRT,1961,-34.184373641480605,-5.3165328006549295,1
PRT,1962,-34.17993157547159,-5.316575219816156,1
PRT,1963,-34.17442948117825,-5.316862827772934,1
PRT,1964,-34.16659329531974,-5.317906131503841,1
PRT,1965,-34.17127207803182,-5.315470885523206,1
PRT,1966,-34.177275526649645,-5.312984036078899,1
PRT,1967,-34.166265221607745,-5.3151205693286565,1
PRT,1968,-34.17282598470674,-5.31311118179735,1
PRT,1969,-34.17847403208118,-5.3118685685225095,1
PRT,1970,-34.173001258824186,-5.314018465996219,1
PRT,1971,-34.201172372680304,-5.353155852820835,1
PRT,1972,-34.197893692797074,-5.3722555672585335,1
PRT,1973,-34.14476952238119,-5.253293010758776,1
PRT,1974,-34.14475921886366,-5.259912518217298,0
PRT,1975,-34.198932030355394,-5.426676531857063,0
PRT,1976,-34.187815145742654,-5.40814991431456,0
PRT,1977,-34.192272566944105,-5.433955492501052,0
PRT,1978,-34.189047454103566,-5.451654049727888,0
PRT,1979,-34.14100757443398,-5.364051934927128,0
PRT,1980,-34.08554689986581,-5.281309390599198,0
PRT,1981,-34.11808475326767,-5.436420594793848,0
PRT,1982,-34.09550336805237,-5.459267159153406,0
PRT,1983,-33.817821136728554,-5.5438448811431495,0
PRT,1984,-33.17148937718944,-5.766125775707196,0
PRT,1985,-33.14033137380003,-5.77765172211857,0
PRT,1986,-32.457014904595816,-5.992255294326914,0
PRT,1987,-32.336378470583774,-6.011394222134681,0
PRT,1988,-32.39455708525431,-5.842215887537053,0
PRT,1989,-31.488424015984123,-2.0714881297894143,0
PRT,1990,-32.07394720313847,-1.8152019186576709,0
PRT,1991,-30.828350518338596,1.1698598684431794,0
PRT,1992,-31.65758758860951,-1.364332547242272,0
PRT,1993,-32.41223014798339,-3.3776640266390197,0
PRT,1994,-31.385251696267773,-0.616099265685639,0
PRT,1995,-30.580503800567048,2.6621060672684536,0
PRT,1996,-32.61540628476013,-3.644198819837773,0
PRT,1997,-32.40756755686339,-4.032093347260351,0
PRT,1998,-32.897825992950544,-5.702538088933283,0
PRT,1999,-33.15427412183392,-5.752507812609711,0
PRT,2000,-32.940529451525194,-5.8217569717402595,0
PRT,2001,-32.82316297520057,-5.859273507327438,0
PRT,2002,-32.74614720740437,-5.687506203983451,0
PRT,2003,-32.80090464962107,-5.721319933697109,0
PRT,2004,-31.269856269305286,-0.40362881481982527,0
PRT,2005,-30.66758473459999,1.3970587522127227,0
PRT,2006,-27.21337913099492,11.048074518629589,0
PRT,2007,-27.332638922533203,10.943312638601585,0
PRT,2008,-28.875300931669045,6.375536699216333,0
PRT,2009,-33.05347244017281,-5.760711712496678,0
PRT,2010,-30.032340491976605,2.4125816799679267,0
PRY,1960,-34.4211594944319,-5.443878588444455,1
PRY,1961,-34.420774735467994,-5.443947532502055,1
PRY,1962,-34.42041529923108,-5.443941789988162,1
PRY,1963,-34.42000755295048,-5.443624857929767,1
PRY,1964,-34.41946296505615,-5.443296972016637,1
PRY,1965,-34.41894201451727,-5.44309235593291,1
PRY,1966,-34.41843260528556,-5.443008309435026,1
PRY,1967,-34.41789968490401,-5.443017468024385,1
PRY,1968,-34.41734182206807,-5.443099691386112,1
PRY,1969,-34.416753623067294,-5.443240085061396,1
PRY,1970,-34.416153658386214,-5.443338199963854,1
PRY,1971,-34.415644026156016,-5.443471358482121,1
PRY,1972,-34.41524381018689,-5.443699425635601,1
PRY,1973,-34.414640705230774,-5.443803713170523,1
PRY,1974,-34.41378744109676,-5.443779260710212,1
PRY,1975,-34.412844533130865,-5.4438624334255685,1
PRY,1976,-34.41181821183069,-5.443782241831518,1
PRY,1977,-34.41074072453141,-5.4435971665307905,1
PRY,1978,-34.40959935039564,-5.443400408566264,1
PRY,1979,-34.40855977510363,-5.443260107384483,1
PRY,1980,-34.40762200283104,-5.443299960568731,1
PRY,1981,-34.406755131983765,-5.443540325689309,1
PRY,1982,-34.4059771713723,-5.444142475385287,1
PRY,1983,-34.405359268834886,-5.444948369565817,1
PRY,1984,-34.40433621641393,-5.445806272245607,1
PRY,1985,-34.403220322705394,-5.446500387184578,1
PRY,1986,-34.401545565603875,-5.447301781345356,1
PRY,1987,-34.3974780969994,-5.448983366931457,1
PRY,1988,-34.39113252075408,-5.451364115870264,1
PRY,1989,-34.39048019289057,-5.451795094532994,0
PRY,1990,-34.387507015009575,-5.452883448405813,0
PRY,1991,-34.386473549204794,-5.453302813851012,0
PRY,1992,-34.38199920494422,-5.454691183912024,0
PRY,1993,-34.38065686394099,-5.454954929494069,0
PRY,1994,-34.3741415656214,-5.456852605922495,0
PRY,1995,-34.35521713236721,-5.46269439311992,0
PRY,1996,-34.32990723292492,-5.471069691682459,0
PRY,1997,-34.32779149857333,-5.4712618931118095,0
PRY,1998,-34.36914045474613,-5.45686641433528,0
PRY,1999,-34.36858002687628,-5.4566001113116815,0
PRY,2000,-34.36420011338857,-5.4574433953230645,0
PRY,2001,-34.28490882517276,-5.483953403655516,0
PRY,2002,-34.20992893662545,-5.508497537781873,0
PRY,2003,-34.1585155471572,-5.524581895610873,0
PRY,2004,-34.022586939954415,-5.56866257106867,0
PRY,2005,-34.01789477297824,-5.568850565652739,0
PRY,2006,-33.99444579200765,-5.575342306314231,0
PRY,2007,-33.976063160655976,-5.580010044309006,0
PRY,2008,-33.957808449233454,-5.584431750716626,0
PRY,2009,-33.931167823847666,-5.5914579563062325,0
PRY,2010,-33.86976795827273,-5.609451814708532,0
ROU,1960,-31.830225892182163,-6.024541206516381,0
ROU,1961,-31.708981947200634,-6.064079582214816,0
ROU,1962,-31.82517019247095,-6.024163197636272,0
ROU,1963,-31.85471230432973,-6.012805500127735,0
ROU,1964,-31.764730582688728,-6.041280256943707,0
ROU,1965,-31.78710853950605,-6.032029321404765,0
ROU,1966,-31.707361708841802,-6.054279651333828,0
ROU,1967,-31.094507957278463,-6.2533622134723625,0
ROU,1968,-31.682590652688532,-6.056411512059232,0
ROU,1969,-31.510257176568437,-6.10981398477168,0
ROU,1970,-30.919859067275716,-6.305834946267509,0
ROU,1971,-30.40862803970792,-6.5641713463535165,0
ROU,1972,-28.956782925278425,-6.014830009935623,0
ROU,1973,-28.17554850700394,-3.2184190320682733,0
ROU,1974,-26.725250347146478,-2.119865912663918,0
ROU,1975,-28.14709045261837,-5.703743419721616,0
ROU,1976,-27.319310467724872,-6.0807116273362185,0
ROU,1977,-27.74096787013363,-6.126142594307664,0
ROU,1978,-27.795603818840927,-6.404328891333893,0
ROU,1979,-27.430996923369158,-4.909420448047037,0
ROU,1980,-27.479984482714315,-5.125597824557963,0
ROU,1981,-27.02329376509251,-6.210394372119775,0
ROU,1982,-26.351577898843363,-6.826310692206589,0
ROU,1983,-28.273931440948616,-6.1377258601186435,0
ROU,1984,-26.19620088089464,-7.168821943973478,0
ROU,1985,-26.568555394807028,-6.772958855058144,0
ROU,1986,-25.74030062088154,-7.207557997010999,0
ROU,1987,-26.556920303947795,-5.5182294746862,0
ROU,1988,-24.20978587615287,-4.409487312820275,1
ROU,1989,-24.434058723884945,-3.143021185606608,0
ROU,1990,-27.280407545508545,-4.698383623810067,0
ROU,1991,-28.70498107981758,-5.913410274587928,0
ROU,1992,-29.400574257993515,-5.226293783656707,0
ROU,1993,-30.21158965354675,-5.656095487205552,0
ROU,1994,-29.69912223855391,-3.7472385723458634,0
ROU,1995,-29.82325091465911,-3.8232596380762227,0
ROU,1996,-31.155376430397506,-4.465282281154799,0
ROU,1997,-31.732251451332957,-4.663504416490644,0
ROU,1998,-32.30715488220568,-5.516954548302666,0
ROU,1999,-32.382460477406894,-5.405836405483738,0
ROU,2000,-32.23679899049703,-5.392485889883314,0
ROU,2001,-32.11516255419785,-5.640774700445155,0
ROU,2002,-32.34333237088045,-5.437155147443335,0
ROU,2003,-32.27312393665623,-5.117297673190303,0
ROU,2004,-32.14040081093832,-4.215496335049999,0
ROU,2005,-32.39722088153222,-4.5087675875198014,0
ROU,2006,-31.63404547810961,-2.6785863501353333,0
ROU,2007,-32.083363261692284,-5.263852487143551,0
ROU,2008,-31.82279099415243,-5.72296573317225,0
ROU,2009,-31.54296022457022,-5.218128401402739,0
ROU,2010,-31.876253440999164,-3.876451011965269,0
RUS,1960,-33.296191052970286,-5.950904804236655,0
RUS,1961,-33.2778015198861,-5.954153766874926,0
RUS,1962,-33.261097101214084,-5.957079509545894,0
RUS,1963,-33.241781316419356,-5.961950694146496,0
RUS,1964,-33.220577061467914,-5.965931706922767,0
RUS,1965,-33.19585952701503,-5.971698180742953,0
RUS,1966,-33.176546659628784,-5.973094719414278,0
RUS,1967,-33.156362675875656,-5.977251745020322,0
RUS,1968,-33.134378724511244,-5.978684865559798,1
RUS,1969,-33.110738949387645,-5.981677149311193,0
RUS,1970,-33.080332693292114,-6.003788660288848,0
RUS,1971,-33.06207016357883,-5.996535791140786,0
RUS,1972,-33.037208863541295,-5.999547286827285,0
RUS,1973,-33.01176379408112,-6.004327435242057,0
RUS,1974,-32.98712046654221,-6.004605794341877,0
RUS,1975,-32.964285969752815,-5.99858073343862,0
RUS,1976,-32.93536203048001,-6.0022249167487285,0
RUS,1977,-32.90379501897306,-6.008567135041612,0
RUS,1978,-32.87157132026556,-6.017155077153108,1
RUS,1979,-32.838207845863316,-6.0346181013602305,0
RUS,1980,-32.81636503403962,-6.039003566599834,0
RUS,1981,-32.81088038427213,-6.038498863730311,0
RUS,1982,-32.817449512538246,-6.031427398111771,0
RUS,1983,-32.82054825979464,-6.023792193201807,0
RUS,1984,-32.8168456845383,-6.022328112271644,0
RUS,1985,-32.815770676022,-6.020986154763058,0
RUS,1986,-32.81268778159592,-6.022208253850846,0
RUS,1987,-32.80405363122618,-6.025918574343909,0
RUS,1988,-32.789736008984725,-6.03070087538146,0
RUS,1989,-32.75763754067812,-6.053934621332994,1
RUS,1990,-32.740441691060845,-6.040603702539546,1
RUS,1991,-32.699664273206054,-6.064816074751328,1
RUS,1992,35.548309136916394,135.6838741870145,1
RUS,1993,17.112588687646706,88.1689830089967,1
RUS,1994,14.355842968810364,88.7499535287716,1
RUS,1995,11.184847055415716,84.042279404028,1
RUS,1996,-1.672082553319072,53.89547259382599,1
RUS,1997,-9.636821125569462,26.394674802060543,1
RUS,1998,-10.554030628197449,20.119554537768195,1
RUS,1999,-3.034571498189802,39.747333181359366,1
RUS,2000,2.2860586151043165,52.67717189433773,1
RUS,2001,-1.0226188421739053,35.41699712665354,1
RUS,2002,6.57037456575916,52.32434489725219,1
RUS,2003,9.25685311778642,55.95106911207577,1
RUS,2004,23.146050631846165,96.91969335930814,1
RUS,2005,33.086431184084994,123.66773110045928,1
RUS,2006,115.80258963298999,375.9053635342968,1
RUS,2007,202.61132826431881,635.8166959558844,1
RUS,2008,133.90141494182782,424.86630430858304,1
RUS,2009,88.02901077152819,286.61515527108764,1
RUS,2010,144.59763830905894,453.69757751502596,1
RWA,1960,-34.410834933043944,-5.439891959079042,0
RWA,1961,-34.41031550406875,-5.4413649020835155,0
RWA,1962,-34.409910861599094,-5.442525132689247,0
RWA,1963,-34.41022650704451,-5.4437502930028225,0
RWA,1964,-34.40990501392477,-5.44331503435744,0
RWA,1965,-34.40994098107645,-5.4431316480083005,0
RWA,1966,-34.409723904761165,-5.443087698610553,0
RWA,1967,-34.409336654104216,-5.443117775674187,0
RWA,1968,-34.40857411599251,-5.443787021944246,0
RWA,1969,-34.4076756958007,-5.444591189899515,0
RWA,1970,-34.40664369777417,-5.4453306587699375,0
RWA,1971,-34.41158131580102,-5.464871716035336,0
RWA,1972,-34.41066592211701,-5.465528819799552,0
RWA,1973,-34.402628431211355,-5.444984258749503,0
RWA,1974,-34.357386825700836,-5.3138308299134955,0
RWA,1975,-34.39148963284882,-5.41986592820908,0
RWA,1976,-34.376543135441814,-5.379713831294158,0
RWA,1977,-34.316492887762784,-5.20517911761893,0
RWA,1978,-34.29998411046795,-5.170392477169593,0
RWA,1979,-34.26718076517699,-5.077878161186996,0
RWA,1980,-34.23639057547054,-4.992088477216917,0
RWA,1981,-34.30813800876231,-5.213342870260963,0
RWA,1982,-34.33031185515712,-5.286111115844319,0
RWA,1983,-34.324845198331175,-5.2776412143459694,0
RWA,1984,-34.33224347261719,-5.305868593013468,0
RWA,1985,-34.35359359498242,-5.374611295889246,0
RWA,1986,-34.3831740266778,-5.480917258557158,0
RWA,1987,-34.38107738248022,-5.4814211062754135,0
RWA,1988,-34.383947485705086,-5.4805139806387135,0
RWA,1989,-34.3729339560468,-5.4562323748926955,1
RWA,1990,-34.35066329339115,-5.470790479828794,1
RWA,1991,-34.35879722662126,-5.443902898013217,1
RWA,1992,-34.376815818377146,-5.490438646362986,1
RWA,1993,-34.385300341958825,-5.470184856326962,1
RWA,1994,-34.30267394297051,-5.67846234062235,1
RWA,1995,-34.4097687256012,-5.44162763045246,1
RWA,1996,-34.4420705432346,-5.374055302749623,1
RWA,1997,-34.39084518657849,-5.463896667707205,1
RWA,1998,-34.36149585448759,-5.509895341633942,1
RWA,1999,-34.32914622255601,-5.519389911470221,1
RWA,2000,-34.33118678672415,-5.515765993652711,1
RWA,2001,-34.30078021721174,-5.52299509100404,1
RWA,2002,-34.27042447902516,-5.524925601549419,1
RWA,2003,-34.20061677096437,-5.542459988931556,1
RWA,2004,-34.30625817043279,-5.507158776187825,1
RWA,2005,-34.362994778098205,-5.486818388851572,1
RWA,2006,-34.35956007988024,-5.482910025606278,1
RWA,2007,-34.295857892688275,-5.31766704394418,1
RWA,2008,-34.17126953537568,-4.954358025259071,1
RWA,2009,-34.30857008627594,-5.372968059275816,1
RWA,2010,-34.06388312847127,-4.672329068926832,1
SAU,1960,-34.41530832755543,-5.447279682575576,0
SAU,1961,-34.413710495663786,-5.4481618696143554,0
SAU,1962,-34.412830871213096,-5.448875354909672,0
SAU,1963,-34.41215266574817,-5.44968672413755,0
SAU,1964,-34.41189988557711,-5.4504049242840935,0
SAU,1965,-34.41117013281062,-5.451022464215063,0
SAU,1966,-34.41030217428122,-5.451658709074851,0
SAU,1967,-34.409462478061656,-5.452078654025806,0
SAU,1968,-34.409056764977045,-5.452386959711,0
SAU,1969,-34.40831731120984,-5.4527191914845785,0
SAU,1970,-34.4076134902364,-5.45287799453731,0
SAU,1971,-34.406998385323085,-5.452562369750652,0
SAU,1972,-34.40599916634808,-5.452529753410792,0
SAU,1973,-34.40456839765144,-5.452805390513593,0
SAU,1974,-34.40370633081846,-5.453175543822298,0
SAU,1975,-34.40228151047945,-5.4537144709074195,0
SAU,1976,-34.40080737412188,-5.453835840465262,0
SAU,1977,-34.39932443351281,-5.454023278200342,0
SAU,1978,-34.3972044455072,-5.454498645863254,1
SAU,1979,-34.395241824204646,-5.455096186162131,0
SAU,1980,-34.39299015135531,-5.455653438692822,0
SAU,1981,-34.390417300042316,-5.455479761338932,0
SAU,1982,-34.38745768831895,-5.455925102852273,0
SAU,1983,-34.38391416071941,-5.4571966658576745,0
SAU,1984,-34.37990577190701,-5.459242404210114,0
SAU,1985,-34.37554189577635,-5.46132914254886,0
SAU,1986,-34.36795139446974,-5.462278690987155,0
SAU,1987,-34.344987679533574,-5.46996309838994,0
SAU,1988,-34.30812354083533,-5.4846408191425144,0
SAU,1989,-34.10149024550778,-5.388633025580878,0
SAU,1990,-33.96262803642114,-5.403581970294088,0
SAU,1991,-33.8807929513486,-5.264283232401832,0
SAU,1992,-33.85099709379604,-5.319715927373736,0
SAU,1993,-33.823555412268504,-5.322424184669409,0
SAU,1994,-33.13292274825686,-3.1230305675449404,0
SAU,1995,-33.15948405646054,-3.4715608918919028,0
SAU,1996,-33.0204139187428,-3.7121306604514546,0
SAU,1997,-33.069475421522554,-4.355907756430984,0
SAU,1998,-33.38178197843358,-5.537727727947894,0
SAU,1999,-33.356187682018614,-5.766344470203838,0
SAU,2000,-33.30433296233079,-5.781852955396864,0
SAU,2001,-32.92607987763908,-5.9191095464901995,0
SAU,2002,-33.120668146922426,-5.693781613603013,0
SAU,2003,-32.30215358596655,-6.124082157082915,0
SAU,2004,-31.30657521809594,-2.803134009767597,0
SAU,2005,-30.69197798959148,-2.796555562493222,0
SAU,2006,-30.187915145478335,-2.0026643651425347,0
SAU,2007,-29.659533550422474,-2.0422274454724265,0
SAU,2008,-28.750694356347186,-1.5631261112955759,0
SAU,2009,-28.109855798191717,-1.9800525702421643,0
SAU,2010,-26.974739438653764,1.458381208005341,0
SDN,1960,-34.37213774915916,-5.481114684153497,0
SDN,1961,-34.37020079523557,-5.482158035080734,0
SDN,1962,-34.36797975885151,-5.483488235557748,1
SDN,1963,-34.365877968630286,-5.484885614814378,1
SDN,1964,-34.36377764059597,-5.486344387741459,1
SDN,1965,-34.36171112646424,-5.487637459768448,1
SDN,1966,-34.35917645342506,-5.4895055832680555,1
SDN,1967,-34.356840430003665,-5.490927887935669,1
SDN,1968,-34.35398506003293,-5.4927691464998665,1
SDN,1969,-34.35128395626752,-5.494476250603797,1
SDN,1970,-34.348603538151586,-5.495920517771583,1
SDN,1971,-34.34559900197693,-5.499027310120051,1
SDN,1972,-34.34282582735015,-5.500282343020044,1
SDN,1973,-34.346341460898685,-5.48723122758005,1
SDN,1974,-34.33574229260569,-5.504382345025818,1
SDN,1975,-34.334413743003815,-5.501363211971527,1
SDN,1976,-34.32863985379492,-5.507442355888456,1
SDN,1977,-34.32637647585351,-5.506403305400969,1
SDN,1978,-34.32628697067184,-5.498731153555847,1
SDN,1979,-34.31854542436927,-5.506609846541937,1
SDN,1980,-34.31675950463185,-5.500281911585917,1
SDN,1981,-34.306420945034006,-5.514440507980054,1
SDN,1982,-34.30192278522364,-5.515151884245401,1
SDN,1983,-34.28982429571917,-5.53348595733785,1
SDN,1984,-34.276660178898034,-5.548270664462314,1
SDN,1985,-34.270620991738845,-5.551738706501374,1
SDN,1986,-34.2637877244238,-5.5542562032974185,1
SDN,1987,-34.257229223799506,-5.547237811897019,1
SDN,1988,-34.24448733288677,-5.526249675059065,1
SDN,1989,-34.23600707812368,-5.547273877277869,1
SDN,1990,-34.2136600483902,-5.572786550284652,1
SDN,1991,-34.214377838677635,-5.573304756413598,1
SDN,1992,-34.21131280681084,-5.579005463041857,1
SDN,1993,-34.21045907660295,-5.571506178611344,1
SDN,1994,-34.20585768518007,-5.5715200065960095,1
SDN,1995,-33.95730878538061,-5.295348064518298,1
SDN,1996,-33.714513384453745,-4.620433655821895,1
SDN,1997,-33.83962256222417,-4.976388492464181,1
SDN,1998,-33.83036228055223,-4.967297308456743,1
SDN,1999,-33.904175712561816,-5.206655751631138,1
SDN,2000,-33.79841396408292,-4.910914734500157,1
SDN,2001,-33.823085403947886,-5.006528166703708,1
SDN,2002,-33.55932520451065,-4.573632046585749,1
SDN,2003,-33.78887410588612,-5.299003460932817,1
SDN,2004,-33.795262999482794,-5.315225716023791,1
SDN,2005,-33.77054439080663,-5.258964608962011,1
SDN,2006,-33.56164661811745,-4.653702134919354,1
SDN,2007,-33.09510196950373,-3.477120195493412,1
SDN,2008,-32.7112678412275,-2.240487856055237,1
SDN,2009,-31.028730039424754,2.652476277701428,1
SDN,2010,-27.10730944596707,14.304944176855502,1
SEN,1960,-34.400840613085464,-5.456320865296035,0
SEN,1961,-34.399217201085065,-5.457157223932057,0
SEN,1962,-34.39805394280343,-5.457847933508669,0
SEN,1963,-34.397132054755374,-5.458427278970047,0
SEN,1964,-34.394788898751735,-5.45929064514235,0
SEN,1965,-34.39266294070055,-5.460045443495436,0
SEN,1966,-34.39109853476334,-5.4606297878063215,0
SEN,1967,-34.38917140872415,-5.461323062405872,0
SEN,1968,-34.38878037397182,-5.461668288131681,0
SEN,1969,-34.387100445728485,-5.462408745480167,0
SEN,1970,-34.368783544037676,-5.468658700658139,0
SEN,1971,-34.365502100053085,-5.469800439249952,0
SEN,1972,-34.3444646240812,-5.476835277940649,0
SEN,1973,-34.33672368528017,-5.4791807090896505,0
SEN,1974,-33.60179733859201,-3.2422528563421267,0
SEN,1975,-33.38818312112639,-2.595553805814855,0
SEN,1976,-34.05112857558262,-4.587878013684343,0
SEN,1977,-33.52538149549683,-3.0579393795811978,0
SEN,1978,-34.23931567428791,-5.185892109268447,0
SEN,1979,-34.23024879943564,-5.14615405646729,0
SEN,1980,-34.12857969007376,-4.880812210228447,0
SEN,1981,-33.975299727615806,-4.415201018063382,0
SEN,1982,-34.20673166755687,-5.106492328791148,0
SEN,1983,-34.21806870334363,-5.091000540616769,0
SEN,1984,-34.27143842011789,-5.270143694934972,0
SEN,1985,-34.21284183026946,-5.0936582568335105,0
SEN,1986,-34.29499353040672,-5.349198543403978,0
SEN,1987,-34.33898836289095,-5.483350922986562,1
SEN,1988,-34.33358655781953,-5.485100400257185,1
SEN,1989,-34.33298047919952,-5.485081041887691,1
SEN,1990,-34.32762260294132,-5.486790176310818,1
SEN,1991,-34.3224570850844,-5.488602767468888,1
SEN,1992,-34.313176359304585,-5.491335807521487,1
SEN,1993,-34.30640341994965,-5.493720294597902,1
SEN,1994,-34.305633928747824,-5.4949390366341495,1
SEN,1995,-34.29915133994755,-5.49780632109215,1
SEN,1996,-34.28184373354347,-5.50332876151723,1
SEN,1997,-34.24698594802493,-5.427957395013505,1
SEN,1998,-34.267205229286525,-5.438041990569945,1
SEN,1999,-34.248399495434576,-5.468881425047298,1
SEN,2000,-34.246758805128,-5.43959416506865,1
SEN,2001,-34.246847588553265,-5.445079004143109,1
SEN,2002,-34.23186422327413,-5.393113609024295,1
SEN,2003,-34.2431843219164,-5.470589161368903,1
SEN,2004,-34.1998784437475,-5.3059233544217586,1
SEN,2005,-34.139460213600024,-5.116767975854278,1
SEN,2006,-34.14310478397033,-5.114933222618362,1
SEN,2007,-34.028561013876455,-4.80458800622097,1
SEN,2008,-33.39354508768213,-2.92735120693002,1
SEN,2009,-32.03595645047492,1.1051786245106063,1
SEN,2010,-32.54621264955774,-0.41584518551658967,1
SLE,1960,-34.36560071677645,-5.304078892581896,0
SLE,1961,-34.36471255776612,-5.303875156141775,0
SLE,1962,-34.3637728426089,-5.303799163123684,0
SLE,1963,-34.36304340899314,-5.303781411877458,0
SLE,1964,-34.36240740286882,-5.303860603271692,0
SLE,1965,-34.3616192245761,-5.303945526921124,0
SLE,1966,-34.36124680650357,-5.304055160546342,0
SLE,1967,-34.36063872490909,-5.304187397684357,0
SLE,1968,-34.36189564287701,-5.304035936435669,0
SLE,1969,-34.361253754523155,-5.304390806247527,0
SLE,1970,-34.35992628812363,-5.3049144975521685,0
SLE,1971,-34.34986157780105,-5.276799818372192,0
SLE,1972,-34.34642986039348,-5.278330900072745,0
SLE,1973,-34.35509340742259,-5.314289239018621,0
SLE,1974,-34.30966600020195,-5.1807328385187805,0
SLE,1975,-34.31353830264623,-5.193727196775349,0
SLE,1976,-34.34216882982932,-5.273936214062369,0
SLE,1977,-34.3193199413945,-5.206349936502154,0
SLE,1978,-34.3234276370437,-5.218537524289765,0
SLE,1979,-34.33116466964409,-5.246403508071637,0
SLE,1980,-34.32162760987839,-5.215109763376383,0
SLE,1981,-34.32247684823213,-5.219961731732308,0
SLE,1982,-34.29888534567343,-5.152627183033537,0
SLE,1983,-34.265859992642135,-5.054556898167599,0
SLE,1984,-34.23001464659908,-4.951814398147825,0
SLE,1985,-34.232350831442275,-4.962184760234437,0
SLE,1986,-34.252079403410974,-5.022931146508281,0
SLE,1987,-34.26671813943438,-5.07126141835182,0
SLE,1988,-34.27951527259422,-5.113563755534084,0
SLE,1989,-34.2262205336746,-4.959985327013899,0
SLE,1990,-34.248180386725856,-5.003107571154827,1
SLE,1991,-34.24569074298482,-5.081375538364768,1
SLE,1992,-34.23809554621299,-5.034549755808616,1
SLE,1993,-34.31386369650889,-5.249102189263342,1
SLE,1994,-34.30471491761724,-5.221400560288086,1
SLE,1995,-34.38363887227497,-5.466031241359919,1
SLE,1996,-34.38303219517329,-5.455681644556335,1
SLE,1997,-34.37868228278266,-5.44569155526418,1
SLE,1998,-34.38393268175707,-5.4630649375201195,1
SLE,1999,-34.384956556377304,-5.465936492272325,1
SLE,2000,-34.38861325461865,-5.452168665686175,1
SLE,2001,-34.392930691413994,-5.441344252584833,0
SLE,2002,-34.383701798761535,-5.455825559733335,0
SLE,2003,-34.379078803504065,-5.458521728144039,0
SLE,2004,-34.36911417699585,-5.462860843459912,0
SLE,2005,-34.36369311601911,-5.461976535366458,0
SLE,2006,-34.265280034423405,-5.178919645067158,0
SLE,2007,-34.21402039774509,-5.0318185612534645,0
SLE,2008,-34.2575243005252,-5.195072776190832,0
SLE,2009,-34.264835193673875,-5.232622824799117,0
SLE,2010,-34.20116547067239,-5.049614017506148,0
SLV,1960,-34.41546366489522,-5.450975869739937,0
SLV,1961,-34.415000988222275,-5.451690969856629,0
SLV,1962,-34.4142214970808,-5.45273708079334,0
SLV,1963,-34.41352834342689,-5.453007582521339,0
SLV,1964,-34.41282086783291,-5.453168183370966,0
SLV,1965,-34.41216055345265,-5.453235001141105,0
SLV,1966,-34.41135699402274,-5.453396894114691,0
SLV,1967,-34.41079675034297,-5.453668773391513,0
SLV,1968,-34.41013457450572,-5.454064480171234,1
SLV,1969,-34.40943921839045,-5.454542170973965,0
SLV,1970,-34.408522914183784,-5.455901988247644,0
SLV,1971,-34.40807386786582,-5.457327124663318,1
SLV,1972,-34.40780342130124,-5.458413939369625,1
SLV,1973,-34.40696516986589,-5.459392440335205,1
SLV,1974,-34.40422859573485,-5.4529015480052605,1
SLV,1975,-34.40533319802437,-5.4588310780463,1
SLV,1976,-34.40504638342,-5.460968223815868,1
SLV,1977,-34.40482019767599,-5.462030494376186,1
SLV,1978,-34.40301202048486,-5.461788583293383,1
SLV,1979,-34.387402456272255,-5.422034152904189,1
SLV,1980,-34.35839338797435,-5.34241606888291,1
SLV,1981,-34.38515130837999,-5.43289718050373,1
SLV,1982,-34.39609607170239,-5.450511503829012,1
SLV,1983,-34.39463980214818,-5.445836312033913,1
SLV,1984,-34.39565218985433,-5.458880693353956,1
SLV,1985,-34.28310162199363,-5.501911411380703,1
SLV,1986,-34.266862646944695,-5.506997957388064,1
SLV,1987,-34.26054668644661,-5.508782771490976,1
SLV,1988,-34.27321347428518,-5.504270833463104,1
SLV,1989,-34.27301573370524,-5.504317302538808,1
SLV,1990,-34.28546108230639,-5.499772459866238,1
SLV,1991,-34.37065062523585,-5.471592486652363,0
SLV,1992,-34.298168640941064,-5.495075273349942,0
SLV,1993,-34.27996897669067,-5.502480269894988,0
SLV,1994,-34.15986762452604,-5.541039964263263,0
SLV,1995,-34.293842605415904,-5.494564184240078,0
SLV,1996,-34.31894598031253,-5.484144841796101,0
SLV,1997,-34.30648971399367,-5.464874551574606,0
SLV,1998,-34.30623016130996,-5.476638960891575,0
SLV,1999,-34.32486933009658,-5.467776700968825,0
SLV,2000,-34.328310823555,-5.4710482203585,0
SLV,2001,-34.3022656462934,-5.476844787288952,0
SLV,2002,-34.23243193783896,-5.4971785134648945,0
SLV,2003,-34.17147492253112,-5.514734028414842,0
SLV,2004,-33.984633336020536,-5.574090901773045,0
SLV,2005,-33.98585210700734,-5.570874530581282,0
SLV,2006,-33.835691608956616,-5.618123864230197,0
SLV,2007,-33.722946066216814,-5.651848251123399,0
SLV,2008,-33.70863654675323,-5.656172406618123,0
SLV,2009,-33.61753118488534,-5.685957693163791,0
SLV,2010,-33.593954159118866,-5.692807400639988,0
SOM,1960,-34.41367382025604,-5.449908832532981,0
SOM,1961,-34.41325397526762,-5.450339958253812,0
SOM,1962,-34.41277497793825,-5.450813908769232,0
SOM,1963,-34.41226529010567,-5.451321714984221,1
SOM,1964,-34.41173007729915,-5.45179269279874,1
SOM,1965,-34.411132240417494,-5.452165255745503,1
SOM,1966,-34.410426205420954,-5.452692726419295,1
SOM,1967,-34.409756003367775,-5.4530696091939825,1
SOM,1968,-34.4089886899559,-5.4535756640844495,1
SOM,1969,-34.4082659303001,-5.454037540347895,1
SOM,1970,-34.407380314849874,-5.454394003440579,1
SOM,1971,-34.40644820564544,-5.455072941861256,1
SOM,1972,-34.40564468214303,-5.455404568571636,1
SOM,1973,-34.404821018712795,-5.455845246032487,1
SOM,1974,-34.40411624577183,-5.4566445236220735,1
SOM,1975,-34.402484643824266,-5.457428524357018,1
SOM,1976,-34.4018644713708,-5.458025866689415,1
SOM,1977,-34.4007776867958,-5.4580338930351875,1
SOM,1978,-34.415501404029634,-5.4244818272388455,1
SOM,1979,-34.41823549465906,-5.412496715211206,1
SOM,1980,-34.39212577747831,-5.460925876235122,0
SOM,1981,-34.37519775273331,-5.495190879783579,1
SOM,1982,-34.389114246723366,-5.46462358867523,1
SOM,1983,-34.38786608116729,-5.466243320873752,1
SOM,1984,-34.38702720861397,-5.463263159493001,1
SOM,1985,-34.38582106085155,-5.464476908780369,1
SOM,1986,-34.3840158819293,-5.464884996855483,1
SOM,1987,-34.37814371482777,-5.4744000453135895,1
SOM,1988,-34.36217255627519,-5.510767022875475,1
SOM,1989,-34.36903013444691,-5.496209825745816,1
SOM,1990,-34.37033263788418,-5.495079627528555,1
SOM,1991,-34.36099436096508,-5.525004796078508,1
SOM,1992,-34.37941838586134,-5.488795810454278,1
SOM,1993,-34.3950062227635,-5.448982122130725,1
SOM,1994,-34.37973981405214,-5.47970141666593,1
SOM,1995,-34.382172302113595,-5.469920436970179,1
SOM,1996,-34.37610260686151,-5.481229367176036,1
SOM,1997,-34.378649581669634,-5.47357865234433,1
SOM,1998,-34.37705286326635,-5.474582439295571,1
SOM,1999,-34.37356046357426,-5.477814560260258,1
SOM,2000,-34.37252324667166,-5.477600337488747,1
SOM,2001,-34.36818734592801,-5.480518446622201,1
SOM,2002,-34.36498806437162,-5.484304703796697,1
SOM,2003,-34.36317943342991,-5.4841912838540585,1
SOM,2004,-34.35999936566457,-5.487306098382666,1
SOM,2005,-34.35742725163488,-5.4908048752269645,1
SOM,2006,-34.35195795682492,-5.498024041480061,1
SOM,2007,-34.352620572776964,-5.491837417036453,1
SOM,2008,-34.345940816166966,-5.504898267752786,1
SOM,2009,-34.34382302240638,-5.505763657430512,1
SOM,2010,-34.342622125323636,-5.506030936682515,1
SRB,1960,-34.351285980810935,-5.429456375336792,0
SRB,1961,-34.350036320221626,-5.428284046898859,0
SRB,1962,-34.348683708483705,-5.427460451496245,0
SRB,1963,-34.34735782790222,-5.42639093187493,0
SRB,1964,-34.34567687920816,-5.425397918476179,0
SRB,1965,-34.34380703180808,-5.424313384004058,0
SRB,1966,-34.34171431352188,-5.423300162171639,0
SRB,1967,-34.33967820418959,-5.42207249396374,0
SRB,1968,-34.337770416590956,-5.420898932356172,0
SRB,1969,-34.33524421859154,-5.420402221363717,0
SRB,1970,-34.33320331765662,-5.419085851719794,0
SRB,1971,-34.33139738743026,-5.4179871448409544,0
SRB,1972,-34.32950798956881,-5.416926837774454,0
SRB,1973,-34.32763054811657,-5.4159118119284955,0
SRB,1974,-34.325554787658554,-5.414750530019782,0
SRB,1975,-34.32337524507005,-5.41326687167033,0
SRB,1976,-34.32116279075209,-5.41173156414265,0
SRB,1977,-34.31923818427922,-5.410241853309563,0
SRB,1978,-34.31769504721205,-5.409022955927232,0
SRB,1979,-34.316725830824666,-5.407928869359411,0
SRB,1980,-34.31518005122354,-5.408030326521983,0
SRB,1981,-34.31495945526728,-5.407443328641613,0
SRB,1982,-34.3154821094738,-5.406902071688295,0
SRB,1983,-34.3159460815859,-5.406041383689515,0
SRB,1984,-34.31576332420643,-5.4050050254338995,0
SRB,1985,-34.31468427691515,-5.40405213666163,0
SRB,1986,-34.313141193332974,-5.402985957973513,0
SRB,1987,-34.31147991133981,-5.401764620204191,0
SRB,1988,-34.3096505517282,-5.400626546455167,0
SRB,1989,-34.30766175732416,-5.399553042482985,0
SRB,1990,-34.305616388429925,-5.398535563028991,1
SRB,1991,-34.30705898193528,-5.394185115736617,1
SRB,1992,-34.30542591923855,-5.393974023099057,0
SRB,1993,-34.30283040680426,-5.3931452216889255,0
SRB,1994,-34.300180708901316,-5.392020637105193,0
SRB,1995,-34.29747702306829,-5.390767613216186,1
SRB,1996,-34.29485362097419,-5.3892285386871706,1
SRB,1997,-34.29248528926044,-5.3875188974962,1
SRB,1998,-34.29043070287406,-5.3857430577209895,1
SRB,1999,-34.28870421783901,-5.384041252496236,0
SRB,2000,-34.286329622271914,-5.382953439958196,0
SRB,2001,-34.28472634184054,-5.381044640953724,0
SRB,2002,-34.28352280775942,-5.378009754317775,0
SRB,2003,-34.27642066710358,-5.357529279734118,0
SRB,2004,-34.06618953886879,-4.729817056127949,0
SRB,2005,-34.01202132570935,-4.567680078480237,0
SRB,2006,-32.60512556767598,-3.1797903967733574,0
SRB,2007,-32.05993098893996,-2.445176756831187,0
SRB,2008,-31.990339014642473,-2.755166593417175,0
SRB,2009,-32.06600853322073,-2.9271904374843825,0
SRB,2010,-30.98676457717194,-0.1221921782077624,0
SSD,1960,-34.416098130131594,-5.454472373966622,0
SSD,1961,-34.41589505156942,-5.454756014815169,0
SSD,1962,-34.4157022346587,-5.455082490966421,0
SSD,1963,-34.415635863269806,-5.455561270979336,0
SSD,1964,-34.415022133284474,-5.455503626575654,0
SSD,1965,-34.41525951167421,-5.456599690892052,0
SSD,1966,-34.41558867344763,-5.457567442050982,0
SSD,1967,-34.4156541093152,-5.4581457488897795,0
SSD,1968,-34.415716345445354,-5.458787975922959,0
SSD,1969,-34.415890988224746,-5.459570651010731,0
SSD,1970,-34.415909292642404,-5.460160023016205,0
SSD,1971,-34.41520899563423,-5.4600998806342425,0
SSD,1972,-34.41485202783375,-5.460676377993189,0
SSD,1973,-34.41375364667793,-5.460439460405553,0
SSD,1974,-34.41306423247739,-5.460860507139236,0
SSD,1975,-34.412323389899804,-5.461233546616267,0
SSD,1976,-34.41154523896054,-5.461666396166125,0
SSD,1977,-34.41072833395045,-5.462143917039554,0
SSD,1978,-34.409923369218376,-5.46267065487723,0
SSD,1979,-34.409119454178985,-5.463224166973715,0
SSD,1980,-34.4083181722246,-5.463810663473524,0
SSD,1981,-34.407507888196285,-5.464428771775653,0
SSD,1982,-34.40663636683402,-5.465093788759001,0
SSD,1983,-34.40642437939038,-5.466675978864736,0
SSD,1984,-34.40616668845897,-5.468256916425371,0
SSD,1985,-34.405579978514446,-5.468763633847274,0
SSD,1986,-34.404992926835575,-5.469321321918132,0
SSD,1987,-34.406164215278785,-5.471302650620627,0
SSD,1988,-34.40398433532078,-5.479045199713707,0
SSD,1989,-34.4019381457022,-5.47969821756551,0
SSD,1990,-34.40815350941985,-5.467566442351062,0
SSD,1991,-34.407583821698545,-5.468154332546929,0
SSD,1992,-34.407859045116936,-5.469193826445321,0
SSD,1993,-34.40754334974006,-5.468960768634798,0
SSD,1994,-34.4043675750911,-5.465982211417937,0
SSD,1995,-34.404683031513365,-5.46862625839569,0
SSD,1996,-34.40358201935836,-5.468869195345295,0
SSD,1997,-34.40352748277096,-5.466548779742788,0
SSD,1998,-34.40444571475966,-5.467038648626499,0
SSD,1999,-34.400820181872575,-5.463928668477592,0
SSD,2000,-34.3986536204165,-5.464660249384533,0
SSD,2001,-34.396385706998274,-5.465341736079157,0
SSD,2002,-34.39414716337789,-5.465992135972659,0
SSD,2003,-34.39171117527792,-5.466042818013763,0
SSD,2004,-34.38961791534125,-5.465526555255836,0
SSD,2005,-34.387331499777225,-5.464613599560805,0
SSD,2006,-34.38474689257915,-5.463957700344596,0
SSD,2007,-34.38164130883157,-5.4640471209632135,0
SSD,2008,-34.377775575456155,-5.465514747354659,0
SSD,2009,-34.37292525073857,-5.4691414829583245,0
SSD,2010,-34.37510680156515,-5.456189773279859,1
SUR,1960,-34.226010374163444,-4.811756653464988,0
SUR,1961,-34.22491669547005,-4.810072722343308,0
SUR,1962,-34.22552454872887,-4.809824122121356,0
SUR,1963,-34.22622666671391,-4.811819577179825,0
SUR,1964,-34.2265384197129,-4.813476102700316,0
SUR,1965,-34.22691978435173,-4.814909390427203,0
SUR,1966,-34.22758145642505,-4.8163833209862315,0
SUR,1967,-34.2282423837192,-4.817802355218938,0
SUR,1968,-34.22861291949857,-4.819097070579217,0
SUR,1969,-34.22869485136336,-4.820290449592331,0
SUR,1970,-34.228699724159,-4.821259755338922,0
SUR,1971,-34.21157244531265,-4.7694729028482685,0
SUR,1972,-34.18852350933672,-4.705347212229772,0
SUR,1973,-34.22982401372779,-4.82986372072223,0
SUR,1974,-33.94180057387299,-3.9683842583707656,0
SUR,1975,-34.12754234981305,-4.525516827761056,0
SUR,1976,-34.07679066803949,-4.370952936346724,0
SUR,1977,-33.955465437436274,-4.009010549470823,0
SUR,1978,-33.94682869418387,-3.9822853747214833,0
SUR,1979,-34.01639187477078,-4.19062277196591,0
SUR,1980,-33.99634254915561,-4.130184261947601,0
SUR,1981,-34.004338334372854,-4.15519209687394,0
SUR,1982,-34.0438287241537,-4.274085677061475,0
SUR,1983,-34.10986870645357,-4.473220869669595,0
SUR,1984,-34.0455105582534,-4.282171894478835,0
SUR,1985,-34.023276205097154,-4.216815623010125,1
SUR,1986,-34.08195496141646,-4.393808262714277,1
SUR,1987,-34.24795775193536,-4.893342580087584,0
SUR,1988,-34.18936946729466,-4.717729639739179,0
SUR,1989,-34.10116870117008,-4.457485950209014,0
SUR,1990,-34.132664202937164,-4.5536487626980096,0
SUR,1991,-34.116996171901285,-4.508328289920719,0
SUR,1992,-34.125034710293114,-4.536722502334977,0
SUR,1993,-34.221571062027465,-4.826103623187229,0
SUR,1994,-34.180231775570995,-4.703932060598802,0
SUR,1995,-34.24853667563427,-4.908203406931448,0
SUR,1996,-34.202671612059774,-4.773101530797243,0
SUR,1997,-34.24347297850812,-4.896405923649294,0
SUR,1998,-34.27388942574834,-5.049849478201732,0
SUR,1999,-34.29399700496463,-5.164879987456828,0
SUR,2000,-34.25251904365451,-5.122928384772427,0
SUR,2001,-34.22370291758711,-5.082582773661066,0
SUR,2002,-34.28887809883177,-5.278963783313735,0
SUR,2003,-34.31912076413876,-5.2810308710981415,0
SUR,2004,-34.20325786758386,-4.949957485440452,0
SUR,2005,-32.87289793383338,-0.9433018147359231,0
SUR,2006,-32.94808917678035,-1.134491898037079,0
SUR,2007,-32.55809870873126,0.0672196536867089,0
SUR,2008,-31.833338281735067,2.263135905434309,0
SUR,2009,-30.320591097462405,6.805590493582276,0
SUR,2010,-21.093774252356017,34.383204284608865,0
SYR,1960,-34.393288848382774,-5.4503592925233,0
SYR,1961,-34.392497227521844,-5.452988892600919,0
SYR,1962,-34.39211669760916,-5.454564395443132,0
SYR,1963,-34.391666709090934,-5.4560980051522066,0
SYR,1964,-34.39119194654018,-5.457645398543611,0
SYR,1965,-34.39066811438862,-5.459209405294493,1
SYR,1966,-34.3900864056587,-5.460736067408952,1
SYR,1967,-34.38940439490745,-5.462295235172708,1
SYR,1968,-34.388324020419994,-5.4638885293988375,1
SYR,1969,-34.38692425661609,-5.465613475142342,1
SYR,1970,-34.38531064715453,-5.467291493678018,1
SYR,1971,-34.3840656642998,-5.468347365360183,1
SYR,1972,-34.38201030324892,-5.470162834490405,1
SYR,1973,-34.38011865251871,-5.472027410261628,1
SYR,1974,-34.37442414144867,-5.462580822119383,1
SYR,1975,-34.36719002375685,-5.453151233667897,1
SYR,1976,-34.36568378670239,-5.479227761552073,1
SYR,1977,-34.35260762418834,-5.47567277801559,1
SYR,1978,-34.34596635738138,-5.487437787653591,1
SYR,1979,-34.33258552702948,-5.4927535703481,1
SYR,1980,-34.28334138133986,-5.509831518168439,1
SYR,1981,-34.229827826637425,-5.52801748412319,1
SYR,1982,-34.17719815110604,-5.5451264284542106,1
SYR,1983,-34.13105559119443,-5.560932993354758,1
SYR,1984,-34.0134252036981,-5.600490060385403,1
SYR,1985,-33.88280876695693,-5.644739984153477,1
SYR,1986,-33.91971579947528,-5.633146722116766,1
SYR,1987,-34.01638999678585,-5.601184512614816,1
SYR,1988,-33.8341799991755,-5.662417828688718,1
SYR,1989,-33.89464021862464,-5.642519724462192,1
SYR,1990,-33.87968100271689,-5.6475581499954375,1
SYR,1991,-33.801113313951525,-5.674159416599602,1
SYR,1992,-33.4681741088208,-5.78495091176858,1
SYR,1993,-33.545473890949346,-5.759584657879368,1
SYR,1994,-33.56054253776357,-5.754891221040247,1
SYR,1995,-33.32997454751841,-5.833087142410784,1
SYR,1996,-33.24179177846036,-5.862581837033731,1
SYR,1997,-33.36621177282184,-5.820950626981001,1
SYR,1998,-33.085437061496606,-5.914052143879883,1
SYR,1999,-33.27638302604394,-5.850382406713122,1
SYR,2000,-33.151062476179774,-5.8921298495467225,1
SYR,2001,-33.301811733238466,-5.841461836645146,1
SYR,2002,-33.27932343313964,-5.848323824245473,1
SYR,2003,-33.0672745406433,-5.918448279692277,1
SYR,2004,-32.81527312563992,-5.998676288333041,1
SYR,2005,-32.83774703749342,-5.9905812542126995,1
SYR,2006,-32.79578313417071,-5.953400483075824,1
SYR,2007,-32.61214912616528,-5.146866534784453,1
SYR,2008,-23.31955199044145,22.2749646886707,1
SYR,2009,-32.50497586539019,-5.194077867564045,1
SYR,2010,-32.60472883244672,-5.459366975029186,1
TCD,1960,-34.40206657666892,-5.445758717073699,0
TCD,1961,-34.40094814613189,-5.446522185698701,0
TCD,1962,-34.40063116029824,-5.447116514752886,0
TCD,1963,-34.40027496875853,-5.447728027530319,0
TCD,1964,-34.39904691138531,-5.4487073920985996,0
TCD,1965,-34.397839616883445,-5.449946110972854,1
TCD,1966,-34.39668333965414,-5.450869165027362,1
TCD,1967,-34.39630594810513,-5.451555852259284,1
TCD,1968,-34.39516129154779,-5.452401797890938,1
TCD,1969,-34.39482964867557,-5.453026698966261,1
TCD,1970,-34.393595015343436,-5.453781803597149,1
TCD,1971,-34.39330678848361,-5.454530448999788,1
TCD,1972,-34.39288978914628,-5.455200617089479,1
TCD,1973,-34.39239866642658,-5.4559645068862315,1
TCD,1974,-34.39094906847376,-5.457342809956067,1
TCD,1975,-34.39029931383429,-5.458686929289075,1
TCD,1976,-34.389718231602,-5.46008946238321,1
TCD,1977,-34.38845854852896,-5.461436592235361,1
TCD,1978,-34.38903045356921,-5.462063695078045,1
TCD,1979,-34.39047070393345,-5.459880898282385,1
TCD,1980,-34.3842821682786,-5.47784696465217,1
TCD,1981,-34.39385711061252,-5.460391050620743,1
TCD,1982,-34.40591888004492,-5.440905625228245,1
TCD,1983,-34.393178539956615,-5.4624889108451455,1
TCD,1984,-34.38437424295253,-5.477854644749969,1
TCD,1985,-34.389180693401755,-5.4665913706935205,1
TCD,1986,-34.390519449280994,-5.461783643039102,1
TCD,1987,-34.387102002900626,-5.465639285878809,1
TCD,1988,-34.386995618675606,-5.466530139292081,1
TCD,1989,-34.38420670890175,-5.4690494138759425,1
TCD,1990,-34.37982442962281,-5.476365473667216,1
TCD,1991,-34.38678028023568,-5.461678059604173,1
TCD,1992,-34.377120978633855,-5.473737072653404,1
TCD,1993,-34.36876176147834,-5.488603546122589,1
TCD,1994,-34.375373428731095,-5.476121250064635,1
TCD,1995,-34.37790553037918,-5.4648999053567815,1
TCD,1996,-34.367747850879056,-5.480672259605304,1
TCD,1997,-34.36857316643658,-5.48117387525466,1
TCD,1998,-34.37234610491018,-5.481617771876825,1
TCD,1999,-34.36979358266326,-5.482220693282585,1
TCD,2000,-34.36322258466337,-5.486735409697574,1
TCD,2001,-34.36306715688715,-5.487354964137374,1
TCD,2002,-34.362551745785034,-5.487432502921345,1
TCD,2003,-34.36335692704131,-5.481707774014318,1
TCD,2004,-34.359970618284514,-5.483418876683742,1
TCD,2005,-34.34701784423769,-5.476164026745932,1
TCD,2006,-34.33406802712875,-5.446590168871998,1
TCD,2007,-34.32767089014709,-5.445265940894512,1
TCD,2008,-34.32445454555008,-5.4532026243734055,1
TCD,2009,-34.31677845222336,-5.447544553074291,1
TCD,2010,-34.30713773843433,-5.429909045367914,1
TGO,1960,-34.42313301879889,-5.445322593772418,0
TGO,1961,-34.42305509689785,-5.445988812915327,0
TGO,1962,-34.42301555187484,-5.446584123502242,0
TGO,1963,-34.42305354485907,-5.447016145329254,0
TGO,1964,-34.423257681397345,-5.4469168950786155,0
TGO,1965,-34.42351915840269,-5.446517616375226,0
TGO,1966,-34.423603945625004,-5.446174506575593,0
TGO,1967,-34.423543388719324,-5.446129816872881,0
TGO,1968,-34.42271800474248,-5.446783448757991,0
TGO,1969,-34.42196075184187,-5.447880578719179,0
TGO,1970,-34.42113478371633,-5.448912970988541,0
TGO,1971,-34.419876915301614,-5.449750825482022,0
TGO,1972,-34.41909796461711,-5.450925309150091,0
TGO,1973,-34.41847157060841,-5.451743991447013,0
TGO,1974,-33.0330054618964,-1.3098008451986143,0
TGO,1975,-33.577793405352885,-2.9432876636797443,0
TGO,1976,-33.935760506395255,-4.015433221865772,0
TGO,1977,-32.67530616885767,-0.24611823056280713,0
TGO,1978,-34.19163191044848,-4.785944858283436,0
TGO,1979,-34.13225910736376,-4.605343067646756,0
TGO,1980,-33.844656477708995,-3.746099546712414,0
TGO,1981,-33.829909323751195,-3.703564998397489,0
TGO,1982,-34.04246076384214,-4.343275960406427,0
TGO,1983,-34.10857785654907,-4.5443701886971475,0
TGO,1984,-34.2645690527479,-5.036939692084223,0
TGO,1985,-34.15434068375029,-4.706639037548693,1
TGO,1986,-34.32893509022064,-5.222800822980137,1
TGO,1987,-34.40650843168859,-5.457894405228798,1
TGO,1988,-34.40548272498336,-5.458412248347302,1
TGO,1989,-34.404373310821036,-5.4589027948537705,1
TGO,1990,-34.402216769377134,-5.459758436526216,1
TGO,1991,-34.40178356182921,-5.460109514054745,1
TGO,1992,-34.37938355559525,-5.467766445764773,1
TGO,1993,-34.36611146356301,-5.493359644197747,1
TGO,1994,-34.3822967431127,-5.4589385741370515,1
TGO,1995,-34.40210724517087,-5.4562353839971465,1
TGO,1996,-34.39927021839539,-5.4583218362231145,1
TGO,1997,-34.397040181581986,-5.461173930358185,1
TGO,1998,-34.39452898733043,-5.461819692928583,1
TGO,1999,-34.393011068105594,-5.46227191226969,1
TGO,2000,-34.39157305503016,-5.463184573387626,1
TGO,2001,-34.38988658606467,-5.464170507070209,1
TGO,2002,-34.38715935745434,-5.465347172682904,1
TGO,2003,-34.38498906672133,-5.465654003749657,1
TGO,2004,-34.34205810349177,-5.344144825786768,1
TGO,2005,-34.017651915022,-4.387019604338606,1
TGO,2006,-33.13514485080614,-1.7446614148180424,1
TGO,2007,-32.87036343059181,-0.9586728814152403,1
TGO,2008,-30.88749496868337,4.9359224337123315,1
TGO,2009,-30.824086981489316,5.114922500687657,1
TGO,2010,-31.320380661247537,3.629132997845023,1
THA,1960,-28.854663794208125,-7.327138535928205,1
THA,1961,-27.163699591356583,-7.891933358667517,1
THA,1962,-27.074694270936487,-7.9228861164138955,1
THA,1963,-27.455441432539104,-7.796398051960674,1
THA,1964,-27.262372267578904,-7.860381276742558,1
THA,1965,-26.97228307418173,-7.958057819902145,1
THA,1966,-25.312226386616885,-8.513836224432975,1
THA,1967,-24.780502672850837,-8.690750724672045,1
THA,1968,-23.228523444214282,-9.20757287154632,1
THA,1969,-21.717992719495776,-9.709965766673264,1
THA,1970,-20.251488870906513,-10.197125001558808,1
THA,1971,-18.7842861112031,-10.699433151613233,1
THA,1972,-24.950849623574488,-8.628181707957328,1
THA,1973,-26.652850777390594,-8.031030132429859,1
THA,1974,-25.21095772498112,-6.648483046715562,1
THA,1975,-20.153757335138597,-10.081016615348684,1
THA,1976,-12.668611467382032,-12.670827701708742,1
THA,1977,-8.1552643575036,-13.946280866021274,1
THA,1978,-11.497010810623287,-12.640282016193296,1
THA,1979,-13.464351990480555,-11.501490363916389,1
THA,1980,-17.277878119402672,-10.27027623094044,1
THA,1981,-11.720906400058428,-12.401311654057139,1
THA,1982,-18.647054066188147,-9.355824344919007,1
THA,1983,-16.380590627787196,-10.168182034469467,1
THA,1984,-14.170167517771375,-10.243996451098699,1
THA,1985,-10.009659279803394,-11.317198936178656,1
THA,1986,-10.762288970310177,-12.773143058175997,1
THA,1987,-7.608263168573039,-13.387895794877991,1
THA,1988,7.079759292476595,-6.808203851559787,1
THA,1989,14.14299617376517,-9.356361763576341,1
THA,1990,17.83509704361216,-16.100594913105983,1
THA,1991,26.60536012926591,-24.63758923773782,1
THA,1992,29.69926524744573,-25.479730548230307,1
THA,1993,44.02574324408227,-31.27064598429933,1
THA,1994,53.048093349228076,-33.8984783790202,1
THA,1995,61.30424086312869,-37.21572507502945,1
THA,1996,60.82122670683135,-36.81413696307606,1
THA,1997,57.99824073516323,-36.062065459575024,1
THA,1998,67.24566249359094,-39.26526031192563,1
THA,1999,84.06164207562662,-44.829096984289414,1
THA,2000,91.5883584713805,-47.37998337759261,1
THA,2001,104.40678477163323,-51.738031180363116,1
THA,2002,128.5344527511769,-58.64613825936394,1
THA,2003,147.0553778155589,-65.06894176216667,1
THA,2004,180.27451166577418,-75.76454229948996,1
THA,2005,188.09002333368096,-77.3202047935152,1
THA,2006,197.71247497812715,-76.68967136082063,1
THA,2007,200.75484205902748,-76.51834545471685,1
THA,2008,193.1165507276569,-76.90239671601326,1
THA,2009,208.0377602387313,-80.57068304466198,1
THA,2010,186.40004813521386,-71.88392690080272,1
TJK,1960,-34.41172143618187,-5.4336687310866285,0
TJK,1961,-34.41174189650511,-5.434680101770045,0
TJK,1962,-34.41173051017476,-5.435693018570026,0
TJK,1963,-34.41166917097463,-5.436696255656644,0
TJK,1964,-34.411562021367274,-5.437651441759113,0
TJK,1965,-34.41134507581083,-5.438467022857757,0
TJK,1966,-34.41107030781631,-5.439211272984715,0
TJK,1967,-34.41078046610145,-5.439935790186156,0
TJK,1968,-34.41045960989848,-5.4406308779160515,0
TJK,1969,-34.41003986618807,-5.441413231868462,0
TJK,1970,-34.40948285493304,-5.442071730869016,0
TJK,1971,-34.408959212328796,-5.442663324398449,0
TJK,1972,-34.40860821593596,-5.443215227944484,0
TJK,1973,-34.40815793149203,-5.443820977358456,0
TJK,1974,-34.407632494517756,-5.444444700368203,0
TJK,1975,-34.407002776297,-5.445082998572849,0
TJK,1976,-34.406271450901464,-5.445767279765625,0
TJK,1977,-34.40546776030705,-5.4464880995793425,0
TJK,1978,-34.40449751422183,-5.447527620286044,0
TJK,1979,-34.403398198986295,-5.448957041127968,0
TJK,1980,-34.402455748059275,-5.450143748523364,0
TJK,1981,-34.401738264153295,-5.451048607390616,0
TJK,1982,-34.400870188375016,-5.451841399480001,0
TJK,1983,-34.40011750322931,-5.452811546916521,0
TJK,1984,-34.39931403780919,-5.453819062447235,0
TJK,1985,-34.39858673617083,-5.453861259459802,0
TJK,1986,-34.397333315987574,-5.454017309198302,0
TJK,1987,-34.3962032150497,-5.454400083288355,0
TJK,1988,-34.39456030349358,-5.455689459224509,0
TJK,1989,-34.39093695845157,-5.461846845895676,0
TJK,1990,-34.39041751892542,-5.461848163314597,0
TJK,1991,-34.38978373478426,-5.462044453993263,1
TJK,1992,-34.04660981883569,-5.506679200854309,1
TJK,1993,-33.96345752670754,-5.586846445160609,1
TJK,1994,-34.168480495070476,-5.365197484592682,1
TJK,1995,-34.232535023467996,-5.167782686552041,1
TJK,1996,-34.277438303431204,-5.196830231824494,1
TJK,1997,-34.27834266445809,-5.207051039332182,1
TJK,1998,-34.30071471996173,-5.2828801017314575,1
TJK,1999,-34.262088128914414,-5.164167439538553,1
TJK,2000,-34.2577797205965,-5.138486143569075,1
TJK,2001,-34.27293406063461,-5.196845613018546,1
TJK,2002,-34.13538319302912,-4.815019218761715,1
TJK,2003,-34.178365581820394,-4.962006030195903,1
TJK,2004,-34.2100755971508,-4.982721576071693,1
TJK,2005,-34.23040113296575,-5.048550315827185,1
TJK,2006,-34.08431381109571,-4.616247719229254,1
TJK,2007,-34.019446009774406,-4.426346699114426,1
TJK,2008,-33.944088209291856,-4.2049501486874235,1
TJK,2009,-33.88106292607338,-4.149102279953633,1
TJK,2010,-33.046672381630614,-1.8035496037892567,1
TTO,1960,-34.42734494711532,-5.43634481371022,0
TTO,1961,-34.42722127286933,-5.436533300981723,0
TTO,1962,-34.42708586241302,-5.4361374609845825,0
TTO,1963,-34.42698615863419,-5.435715787761933,0
TTO,1964,-34.42683196605595,-5.43525498734701,0
TTO,1965,-34.42663572782071,-5.434726249456445,0
TTO,1966,-34.42651654062358,-5.434100420852109,0
TTO,1967,-34.42611883385759,-5.4335372597153615,0
TTO,1968,-34.42574606823228,-5.432913906184264,0
TTO,1969,-34.42543451798401,-5.4322014374277945,0
TTO,1970,-34.42502155846393,-5.431930341149744,0
TTO,1971,-34.42456850831503,-5.43215573114399,0
TTO,1972,-34.42417996760524,-5.43239427949359,0
TTO,1973,-34.42359211144868,-5.4325771124934965,0
TTO,1974,-34.42298739295502,-5.432565029029176,0
TTO,1975,-34.42221231343735,-5.432355241640809,0
TTO,1976,-34.42146757979492,-5.431970075494356,0
TTO,1977,-34.420758402650215,-5.431583337500277,0
TTO,1978,-34.419968693690265,-5.4312375668488855,0
TTO,1979,-34.41937611542488,-5.430835787195286,0
TTO,1980,-34.41857937044691,-5.430551464264803,0
TTO,1981,-34.418017281115795,-5.430107320930097,0
TTO,1982,-34.41738976038394,-5.429820656614528,0
TTO,1983,-34.41694068758993,-5.42948320422115,0
TTO,1984,-34.416667413101564,-5.429081261570048,0
TTO,1985,-34.416117842136835,-5.42848283027759,0
TTO,1986,-34.41585696464587,-5.428219754417293,0
TTO,1987,-34.414771130919,-5.428037335446128,0
TTO,1988,-34.41390552812839,-5.427704883456072,0
TTO,1989,-34.41274155661454,-5.427283893460326,1
TTO,1990,-34.41214397970204,-5.426571877293114,0
TTO,1991,-34.41161003461722,-5.425806461767375,0
TTO,1992,-34.41084452899378,-5.425040464593588,0
TTO,1993,-34.41066347361838,-5.424059619660988,0
TTO,1994,-34.40910952512137,-5.423276371644239,0
TTO,1995,-34.40695805903444,-5.422572504223141,0
TTO,1996,-34.406547169871345,-5.421152305450088,0
TTO,1997,-34.40586819227014,-5.419595721872057,0
TTO,1998,-34.40448401852907,-5.418117943100641,0
TTO,1999,-34.40365680573835,-5.416383239983121,0
TTO,2000,-34.40142734374433,-5.4149844381574095,0
TTO,2001,-34.402705599786664,-5.412262969987905,0
TTO,2002,-34.40142480708782,-5.410447451696246,0
TTO,2003,-34.4010989631713,-5.408438256842941,0
TTO,2004,-34.39693102666186,-5.407578091357809,0
TTO,2005,-34.395464498672695,-5.404349790907047,0
TTO,2006,-34.395627676569006,-5.4034620794646715,0
TTO,2007,-34.39557280802027,-5.4012885258420935,0
TTO,2008,-34.39564113791348,-5.3989537951656175,0
TTO,2009,-34.39213673213435,-5.397676619193725,0
TTO,2010,-34.39353478499644,-5.394945053098447,0
TUN,1960,-34.37628860666831,-5.400044163728532,1
TUN,1961,-34.375214929883064,-5.400633300806488,0
TUN,1962,-34.37501643791068,-5.400821329584032,0
TUN,1963,-34.373907710714604,-5.4012880446433265,0
TUN,1964,-34.374258779214394,-5.401433055220577,0
TUN,1965,-34.37397307892127,-5.401013917458953,0
TUN,1966,-34.37398037410825,-5.399795702098031,0
TUN,1967,-34.37350128786067,-5.400018620957855,0
TUN,1968,-34.37310729852315,-5.39994838789807,0
TUN,1969,-34.37204120661773,-5.4007713762130845,0
TUN,1970,-34.372222216318285,-5.40103804937103,0
TUN,1971,-34.37844210671085,-5.425215624240956,0
TUN,1972,-34.372484831123906,-5.412762350792822,0
TUN,1973,-34.298174046027455,-5.196316817032328,0
TUN,1974,-32.67971625616824,-0.365564824376003,0
TUN,1975,-32.48507773263814,0.2089252958471146,0
TUN,1976,-33.90686841049541,-4.056327813052521,0
TUN,1977,-32.7709850570815,-0.6709929014717559,0
TUN,1978,-34.35663389107773,-5.428737152717509,0
TUN,1979,-34.298829276245385,-5.2694509353579955,1
TUN,1980,-33.99398891172405,-4.371293372845257,1
TUN,1981,-33.7745706063986,-3.728910648163473,1
TUN,1982,-34.06122719721169,-4.62138546206366,1
TUN,1983,-34.108891050752156,-4.798081738244541,1
TUN,1984,-34.29698406034811,-5.336627035336309,1
TUN,1985,-34.30042067985007,-5.37962239159913,1
TUN,1986,-34.314951619387514,-5.450762704871555,1
TUN,1987,-34.30917169531326,-5.461070632304261,1
TUN,1988,-33.95887008351038,-4.861250080528412,1
TUN,1989,-34.015572121909905,-4.937982834008491,1
TUN,1990,-34.05431862433391,-5.1707687305878265,1
TUN,1991,-34.18190246943647,-5.420436856229328,1
TUN,1992,-34.16580285024311,-5.425606151573389,1
TUN,1993,-34.192417338444486,-5.478488965413107,1
TUN,1994,-34.04253866441514,-5.23073648897543,1
TUN,1995,-33.99671190374748,-5.000748975336388,1
TUN,1996,-33.987261206325456,-5.199374776325733,1
TUN,1997,-33.9900202740366,-5.511051430078726,1
TUN,1998,-33.94835785049218,-5.376458912660384,1
TUN,1999,-34.080340537837365,-5.360902338140995,1
TUN,2000,-34.01380614703843,-5.429533797001462,1
TUN,2001,-33.98837847162921,-5.538424862664326,1
TUN,2002,-33.97159932215249,-5.557375171840759,1
TUN,2003,-33.9448915366012,-5.540867513800604,1
TUN,2004,-33.75044062167265,-5.103362236214177,1
TUN,2005,-33.70287539312527,-5.13252059311113,1
TUN,2006,-32.502813758231156,-1.6903955066746765,1
TUN,2007,-30.208045702289397,4.719483898217225,1
TUN,2008,0.09537414944450262,95.14580864007031,1
TUN,2009,-5.235898608959605,78.9175866501974,1
TUN,2010,-21.496325220573773,29.766943226954744,1
TUR,1960,-33.63648476510178,-3.9568638852124027,0
TUR,1961,-33.6251100765452,-3.9649363127475272,0
TUR,1962,-33.61746472003725,-3.9694422544404357,0
TUR,1963,-33.59449824913436,-3.977843569690963,0
TUR,1964,-33.58192146555776,-3.9850959463593263,0
TUR,1965,-33.56483876796734,-3.994810696881366,0
TUR,1966,-33.55569229349374,-3.9943201505815376,0
TUR,1967,-33.53056059079361,-4.003963010478197,0
TUR,1968,-33.52085793875987,-4.009967575831582,0
TUR,1969,-33.49887101364727,-4.020107045302949,0
TUR,1970,-33.479908453497956,-4.030109522332953,0
TUR,1971,-33.73933502050962,-4.854994847738022,0
TUR,1972,-33.736278387721335,-4.922519737686647,0
TUR,1973,-33.16082858349914,-3.257361784433403,1
TUR,1974,-33.17302701178831,-3.363358538522034,0
TUR,1975,-33.59650895111612,-4.71354682893083,0
TUR,1976,-33.440202627362474,-4.3256535505460505,0
TUR,1977,-33.48696158015548,-4.561064395390146,0
TUR,1978,-33.51953945865173,-4.799353367191073,0
TUR,1979,-33.15081629641594,-3.8579432830718683,0
TUR,1980,-33.228686488657374,-4.227221365027463,0
TUR,1981,-33.22598738571165,-4.375603817523199,0
TUR,1982,-33.26494542753437,-4.5987725809193405,1
TUR,1983,-33.25844381253649,-4.765358252379188,1
TUR,1984,-33.2699141513963,-4.985169803244634,1
TUR,1985,-33.116633117803744,-4.834687467516163,1
TUR,1986,-33.24193596860832,-5.4627253330177545,1
TUR,1987,-33.062834981205306,-5.113433163206317,1
TUR,1988,-31.46733966310677,-0.8465990355033721,1
TUR,1989,-30.552162788903843,1.8274259685504202,1
TUR,1990,-31.436755305235945,-1.6182985781014811,1
TUR,1991,-31.936735640199597,-4.301583482691999,1
TUR,1992,-31.426414145859752,-3.558051750351372,1
TUR,1993,-30.864883155646453,-3.8509835653940296,1
TUR,1994,-30.116568836208444,-3.6769430608650167,1
TUR,1995,-29.14067875689151,-4.000982302203251,1
TUR,1996,-27.504694215344315,-5.6202928769486125,1
TUR,1997,-25.563603796050558,-6.722509714359926,1
TUR,1998,-23.738235982376715,-7.655872347780994,1
TUR,1999,-22.579211829827017,-7.821371890182512,1
TUR,2000,-19.721840783026916,-8.294802115403161,1
TUR,2001,-22.089112601837243,-8.796921094466057,1
TUR,2002,-22.99431655706377,-8.142775859151254,1
TUR,2003,-19.761942067189775,-9.049044255984008,1
TUR,2004,-16.737988272792443,-8.236830617829321,1
TUR,2005,-11.433021786147041,-6.481913860047937,1
TUR,2006,-2.5281391319714928,14.557627786783085,1
TUR,2007,3.3192897687702754,25.555240804741004,1
TUR,2008,6.252133449206603,27.571471622203724,1
TUR,2009,5.646678253859953,21.936585871010543,1
TUR,2010,47.385535582961374,142.18825440571592,1
TZA,1960,-34.35507134122213,-5.492247070457341,0
TZA,1961,-34.35264789398659,-5.492830003180117,0
TZA,1962,-34.350021135361864,-5.494386992611436,0
TZA,1963,-34.34663255373217,-5.495813220419369,0
TZA,1964,-34.340338350620534,-5.497679051129541,0
TZA,1965,-34.33721596148001,-5.499565687763689,0
TZA,1966,-34.33456750688716,-5.501046982439028,0
TZA,1967,-34.327375978273,-5.503755813474225,0
TZA,1968,-34.32149981610623,-5.504311793997399,0
TZA,1969,-34.318440245306995,-5.505878049324405,0
TZA,1970,-34.308808169688184,-5.509002264467771,0
TZA,1971,-34.30635613711482,-5.510355048403073,0
TZA,1972,-34.30703722789849,-5.5099522519835435,0
TZA,1973,-34.30128515584375,-5.513142229169043,0
TZA,1974,-34.29119576040388,-5.503732200192753,0
TZA,1975,-34.28441862562542,-5.51917794246415,0
TZA,1976,-34.27603701572556,-5.522273916523224,0
TZA,1977,-34.26438922239467,-5.526755162940426,1
TZA,1978,-34.26800587247561,-5.528977608150904,0
TZA,1979,-34.2665165727604,-5.532351980900884,0
TZA,1980,-34.251929205134346,-5.539144192047251,0
TZA,1981,-34.24682059285996,-5.541967423721333,0
TZA,1982,-34.240384395318095,-5.5448139420470985,0
TZA,1983,-34.23626956133603,-5.534497939244691,0
TZA,1984,-34.219155133540156,-5.54500597988196,0
TZA,1985,-34.214002552374886,-5.541371525705335,0
TZA,1986,-34.201716992861165,-5.5500132592148494,0
TZA,1987,-34.18605698850242,-5.529038811369158,0
TZA,1988,-34.17187896463647,-5.56995865564088,0
TZA,1989,-33.94370530419863,-5.649018686994635,0
TZA,1990,-33.91461759004174,-5.601203767575049,0
TZA,1991,-33.849917096261414,-5.395036392238605,0
TZA,1992,-33.89036503719251,-5.506093737029758,0
TZA,1993,-33.939499128632775,-5.51280753591659,0
TZA,1994,-33.713018986010184,-4.8008759480321945,0
TZA,1995,-33.92975912693907,-5.638522132168505,0
TZA,1996,-33.901652669210385,-5.6282813973055665,0
TZA,1997,-33.92359196688135,-5.629377558952635,0
TZA,1998,-33.90947638732976,-5.624348799866851,0
TZA,1999,-33.72413423541912,-5.332773523215535,0
TZA,2000,-33.25428630315742,-3.684599662698794,0
TZA,2001,-32.120408333946266,-0.4006536783772674,0
TZA,2002,-29.961145425479035,5.294349565578395,0
TZA,2003,-29.761860139739902,6.202735736339964,0
TZA,2004,-30.489427951385487,3.426234969828938,0
TZA,2005,-30.741260262223218,2.638845376816189,0
TZA,2006,-29.204605241431377,7.080646124311977,0
TZA,2007,-29.216711835748924,6.531100120988565,0
TZA,2008,-32.71128327501307,-4.572066483548048,0
TZA,2009,-28.923530899213034,6.409852647261806,0
TZA,2010,-22.592308866289116,24.440913534637914,0
UGA,1960,-34.08779796761405,-4.628870018117418,0
UGA,1961,-34.086565597491564,-4.629831751207343,0
UGA,1962,-34.08448584622746,-4.630876934887865,0
UGA,1963,-34.082042814793205,-4.631816583122649,0
UGA,1964,-34.079983900755934,-4.632892400757994,0
UGA,1965,-34.076977798659016,-4.634200913441402,0
UGA,1966,-34.07375978508869,-4.635541783279912,0
UGA,1967,-34.068847522776096,-4.637344797600222,0
UGA,1968,-34.06506144545534,-4.638845341380089,0
UGA,1969,-34.059363954879906,-4.6417347708535726,0
UGA,1970,-34.055785630293215,-4.643627941206122,1
UGA,1971,-34.16825137748953,-4.995717689532174,1
UGA,1972,-34.188301432790645,-5.087797889189399,1
UGA,1973,-34.04225542694231,-4.657161369905897,1
UGA,1974,-34.052693274583326,-4.69089357410761,1
UGA,1975,-34.24230991825303,-5.276681638453971,1
UGA,1976,-34.24303828189519,-5.268353903737675,1
UGA,1977,-34.26814007369106,-5.387555647438199,1
UGA,1978,-34.288931963947164,-5.461453757954799,1
UGA,1979,-34.29851038292243,-5.489968928763436,1
UGA,1980,-34.29802273051317,-5.490342710163226,1
UGA,1981,-34.3000812998473,-5.500191250361161,1
UGA,1982,-34.304934970350835,-5.519119111435566,1
UGA,1983,-34.30224405117238,-5.520359009770866,1
UGA,1984,-34.28896925868045,-5.522343545958398,1
UGA,1985,-34.29229202164442,-5.525354056823108,1
UGA,1986,-34.283600307493586,-5.526974885892077,1
UGA,1987,-34.27874272154983,-5.52965060335421,1
UGA,1988,-34.27336487965181,-5.532231900518081,1
UGA,1989,-34.268656954669595,-5.534518492700812,1
UGA,1990,-34.25715515371313,-5.5398810432164165,1
UGA,1991,-34.25706648786868,-5.539768352592695,1
UGA,1992,-34.24242985919045,-5.543729502465217,1
UGA,1993,-34.24292042930658,-5.546290213123287,1
UGA,1994,-34.22235699683259,-5.55752556862887,1
UGA,1995,-34.20846203433842,-5.581239764390953,1
UGA,1996,-34.213604443342696,-5.564480818517386,1
UGA,1997,-34.17511660328275,-5.5890290486419065,1
UGA,1998,-34.1837498597451,-5.574350905097341,1
UGA,1999,-34.15022710039455,-5.591388754949985,1
UGA,2000,-34.08548223370764,-5.608407943726896,1
UGA,2001,-33.820682281722455,-5.7095137300577665,1
UGA,2002,-33.38585622346546,-5.851002140591395,1
UGA,2003,-33.27617853243018,-5.893946981169742,1
UGA,2004,-33.206769539563616,-5.8041912018872495,1
UGA,2005,-32.27019727880643,-6.01582052389547,1
UGA,2006,-28.51652970096869,-6.917100593642788,1
UGA,2007,-25.31163383525739,-7.912763434468602,1
UGA,2008,-25.077461957900894,-7.859835813014207,1
UGA,2009,-21.17693975005804,-9.946784010783254,1
UGA,2010,-18.06213027343741,-10.97343476664582,1
UKR,1960,-33.9884215758327,-5.5865066385828275,0
UKR,1961,-33.979108789321856,-5.588728106478041,0
UKR,1962,-33.97087230964681,-5.5911218083144005,0
UKR,1963,-33.96331976869355,-5.591423683831067,0
UKR,1964,-33.95525865762838,-5.591383539648875,0
UKR,1965,-33.94423828042983,-5.5938787771305485,0
UKR,1966,-33.93470545075403,-5.593754266084859,0
UKR,1967,-33.92558596298669,-5.595665511630453,0
UKR,1968,-33.9154799249177,-5.595801747684944,0
UKR,1969,-33.902546548006555,-5.6018651965539235,0
UKR,1970,-33.89006986875817,-5.61181657920466,0
UKR,1971,-33.88607958403948,-5.601962857896614,0
UKR,1972,-33.87374330100126,-5.605525026059809,0
UKR,1973,-33.86147811619269,-5.610418009399557,0
UKR,1974,-33.85107770993297,-5.610486379530918,0
UKR,1975,-33.83875581008033,-5.613474107538961,0
UKR,1976,-33.82600681855914,-5.617029092641266,0
UKR,1977,-33.81266412958941,-5.619801632665505,0
UKR,1978,-33.80051031577707,-5.621405465728271,0
UKR,1979,-33.79418752388939,-5.617297308238127,0
UKR,1980,-33.7908014303971,-5.6157799614995145,0
UKR,1981,-33.79097958087597,-5.615622891123287,0
UKR,1982,-33.792163651819074,-5.617284289352231,0
UKR,1983,-33.79315365457452,-5.615698528416026,0
UKR,1984,-33.79041782569184,-5.617131687456186,0
UKR,1985,-33.78869415119121,-5.617541202577605,0
UKR,1986,-33.78559444788357,-5.619152946556703,0
UKR,1987,-33.78016912967647,-5.620237520019768,0
UKR,1988,-33.77705469283078,-5.613247808906492,0
UKR,1989,-33.7674606972253,-5.61859967775364,0
UKR,1990,-33.76139913142403,-5.616554103105086,0
UKR,1991,-33.7560422842955,-5.613695032964985,0
UKR,1992,-19.222895893628113,-0.00973854311986333,0
UKR,1993,-21.405143737067725,-6.09238555616335,0
UKR,1994,-25.633683003221336,-6.174969914384384,0
UKR,1995,-27.376506595662324,-6.764714414984782,0
UKR,1996,-27.961216900630706,-7.022313339370301,0
UKR,1997,-28.528681571506706,-7.16058116116872,0
UKR,1998,-28.574148946645632,-6.38516920151943,0
UKR,1999,-27.952246048953306,-7.549031121502978,0
UKR,2000,-28.440936897449056,-7.384796956283264,0
UKR,2001,-28.42404314772908,-7.336150193519556,0
UKR,2002,-28.471864303945097,-7.3665445430527905,0
UKR,2003,-29.35483079470187,-7.064465226591457,0
UKR,2004,-29.15264613451184,-6.877649147789346,0
UKR,2005,-26.982358983386213,-1.8463366204111389,0
UKR,2006,-27.252172899278094,2.8686463739055874,0
UKR,2007,-18.33185268795746,24.586214608436478,0
UKR,2008,-19.053720115888574,24.482658750866833,0
UKR,2009,-27.897837616648474,-1.78639491203766,0
UKR,2010,7.068550267615606,103.52328143668073,0
URY,1960,-34.385472550837534,-5.398953234089257,0
URY,1961,-34.38487926180027,-5.398934713747262,0
URY,1962,-34.38478811351888,-5.398734114330204,0
URY,1963,-34.38390625409818,-5.398682583544419,0
URY,1964,-34.38262341243789,-5.398674387110282,0
URY,1965,-34.381612975891606,-5.398520896671697,0
URY,1966,-34.38108460592885,-5.398190471939161,0
URY,1967,-34.380603171514295,-5.397781879311138,0
URY,1968,-34.37969779160373,-5.397539602657252,0
URY,1969,-34.37857218021069,-5.397179058462226,1
URY,1970,-34.37763856163472,-5.396701113032241,1
URY,1971,-34.376696753640836,-5.396120333735752,1
URY,1972,-34.37613696530841,-5.395131918457585,0
URY,1973,-34.376325353668086,-5.394199019278777,0
URY,1974,-34.37601496297952,-5.393427665762056,0
URY,1975,-34.37394753647629,-5.393018048387212,0
URY,1976,-34.37205265405762,-5.392660550078871,0
URY,1977,-34.36953357672371,-5.392413499341926,0
URY,1978,-34.36463597267781,-5.392720681805333,0
URY,1979,-34.358988960057424,-5.39318805627377,0
URY,1980,-34.35671845789239,-5.392765205300978,0
URY,1981,-34.3522453546071,-5.3928170531890505,0
URY,1982,-34.35691738671409,-5.390723082381226,0
URY,1983,-34.35249504324883,-5.391014333316045,0
URY,1984,-34.352777792542334,-5.390289122885857,0
URY,1985,-34.351489647950544,-5.3899813635485145,0
URY,1986,-34.350796123615986,-5.389408216151803,0
URY,1987,-34.3502372923558,-5.388822035338712,0
URY,1988,-34.35453024346763,-5.387102563363077,0
URY,1989,-34.3517463379653,-5.387109992850152,0
URY,1990,-34.356184623929686,-5.385201891587424,0
URY,1991,-34.34676775543486,-5.38660789422829,0
URY,1992,-34.3491307752608,-5.385219177280042,0
URY,1993,-34.34989553267321,-5.384187599947542,0
URY,1994,-34.3480906393422,-5.383940360538181,0
URY,1995,-34.34475549740894,-5.384103934812737,0
URY,1996,-34.34444737965865,-5.383191937926257,0
URY,1997,-34.179945607371316,-4.89891562980569,0
URY,1998,-34.2963433806353,-5.250520050024457,0
URY,1999,-34.271176390096635,-5.16525601091167,0
URY,2000,-34.246159646868776,-5.126360753437262,0
URY,2001,-34.31269591101251,-5.284400006517375,0
URY,2002,-34.25474264393497,-5.114005816063714,0
URY,2003,-34.23389803671392,-5.060975451409665,0
URY,2004,-34.06722410019058,-4.564603727324182,0
URY,2005,-33.89318117874305,-4.061338114088127,0
URY,2006,-33.68797481614335,-3.4450068298701684,0
URY,2007,-33.70533346838199,-3.480343430364654,0
URY,2008,-33.7603945986835,-3.6482603599853416,0
URY,2009,-33.6452651080961,-3.299700878146268,0
URY,2010,-33.56113461220473,-3.06190367380673,0
USA,1960,16.962220838717855,81.49937430064857,0
USA,1961,16.716818874548295,81.595023985619,0
USA,1962,18.01000452438187,81.16567335146594,0
USA,1963,20.15809775358433,80.44452721232595,0
USA,1964,20.369699488781116,80.36909441523345,0
USA,1965,21.896804915458503,79.8625528622767,0
USA,1966,18.796720017438766,80.89437267682307,0
USA,1967,21.02200672229924,80.14563562407699,0
USA,1968,21.71367157744801,79.91697521179869,0
USA,1969,19.32238473466427,80.71072185559636,0
USA,1970,28.19221916754215,77.77093344759865,0
USA,1971,15.555382404691457,41.551691754060236,0
USA,1972,17.296628377334464,42.17393185126521,0
USA,1973,39.52888956049588,110.39190743524091,0
USA,1974,68.84078980957739,199.7316748630145,0
USA,1975,56.1244741092193,132.6413001600309,0
USA,1976,35.156715453578336,89.0876719815796,0
USA,1977,48.36792590049999,133.8645895405043,0
USA,1978,20.72288681095631,59.50442385528277,0
USA,1979,41.82204058924801,133.5215711740903,0
USA,1980,57.45428763680804,163.5618379251594,0
USA,1981,56.44722269196118,125.67035683135278,0
USA,1982,39.287899585457986,56.28946110216565,1
USA,1983,45.80560360436831,71.7463194535172,0
USA,1984,45.12096472111511,36.636902321795205,0
USA,1985,47.457282506125075,45.109042414851835,0
USA,1986,49.874921922545745,24.73305021883683,0
USA,1987,64.53231415553239,61.7585980874388,0
USA,1988,139.08943953260294,299.02471225244284,1
USA,1989,83.43421616369588,125.96030558408172,0
USA,1990,72.46294244986072,123.13513138217736,0
USA,1991,63.591644847006826,70.0389222362586,0
USA,1992,91.7929682279609,125.64376928068573,0
USA,1993,92.11625853964648,124.53223775602628,0
USA,1994,107.86304075094034,185.8157454962918,0
USA,1995,128.4948478060197,235.22329809318487,0
USA,1996,104.89851966286801,175.89663175269519,0
USA,1997,105.0745665636233,150.9123198797645,0
USA,1998,92.02269044951618,108.15029969788228,0
USA,1999,90.55800130646244,84.39106272917063,1
USA,2000,73.06428144896591,44.652405127631546,1
USA,2001,66.4616321978518,11.456308508644748,1
USA,2002,64.80344067134376,-4.054917417206555,1
USA,2003,87.24962235125128,36.49418501389529,1
USA,2004,117.04708057514014,90.84062780570153,1
USA,2005,117.28107001479256,144.12770673872356,1
USA,2006,220.39646356242412,449.0166021850506,1
USA,2007,236.93046062549118,494.93429775174314,1
USA,2008,310.65790495952626,729.4743012528257,1
USA,2009,222.74011358952296,477.6197359521457,1
USA,2010,591.1034984766827,1570.4249420038248,1
UZB,1960,-34.352339665301564,-5.450887759033207,0
UZB,1961,-34.35149448551632,-5.451408445081464,0
UZB,1962,-34.349414692680995,-5.454055586068723,0
UZB,1963,-34.34706590983111,-5.456566251038137,0
UZB,1964,-34.34459997743591,-5.4589955981523826,0
UZB,1965,-34.341998146253516,-5.461352901316469,0
UZB,1966,-34.33925270231736,-5.463544849833223,0
UZB,1967,-34.33647648834023,-5.465594835979025,0
UZB,1968,-34.33366297723718,-5.467580261915303,0
UZB,1969,-34.33036195548039,-5.470917433036174,0
UZB,1970,-34.32666447745198,-5.475474331170502,0
UZB,1971,-34.323904995606874,-5.478585084485642,0
UZB,1972,-34.322117379809924,-5.480119082989249,0
UZB,1973,-34.32030647806071,-5.481636793181783,0
UZB,1974,-34.31840824493166,-5.4830791434748765,0
UZB,1975,-34.31631445745081,-5.484469072673187,0
UZB,1976,-34.3140649324088,-5.485791076959914,0
UZB,1977,-34.311617620828,-5.487165305021066,0
UZB,1978,-34.30818149443423,-5.490401832866505,0
UZB,1979,-34.30501802926941,-5.493410382104344,0
UZB,1980,-34.30249971614504,-5.495215698246237,0
UZB,1981,-34.30005097824494,-5.4971933608593995,0
UZB,1982,-34.297649034464676,-5.499257402694742,0
UZB,1983,-34.29514744600865,-5.501434436736659,0
UZB,1984,-34.2923304280151,-5.5037749180075055,0
UZB,1985,-34.28905558779538,-5.506017188712772,0
UZB,1986,-34.28536832902626,-5.508326277311136,0
UZB,1987,-34.28127151391441,-5.510674454441822,0
UZB,1988,-34.27683359777032,-5.512952988812931,0
UZB,1989,-34.27149913277212,-5.516488898880006,0
UZB,1990,-34.26415691485207,-5.524110659251624,0
UZB,1991,-34.2606936356579,-5.522361407331805,0
UZB,1992,-27.6282794465508,3.7440305529251408,0
UZB,1993,-27.840796120736474,2.924847755491637,0
UZB,1994,-28.817893062743636,2.504420638846163,0
UZB,1995,-31.82403004353168,-4.053392175295753,0
UZB,1996,-32.928204967683826,-4.453354780820973,0
UZB,1997,-32.454660845861994,-4.450072847980771,0
UZB,1998,-32.88788167122746,-5.466459272909469,1
UZB,1999,-32.98384083774222,-5.258696412218898,1
UZB,2000,-32.900680191483694,-4.798065694297744,1
UZB,2001,-33.35618501079869,-5.234830088200197,1
UZB,2002,-33.21469962911447,-4.73346340725892,1
UZB,2003,-33.23285804152206,-4.404150142436202,1
UZB,2004,-31.844655265732968,-0.24995895626107156,0
UZB,2005,-31.53902643982473,0.2548961042822855,0
UZB,2006,-21.398737898417224,30.575709532000886,0
UZB,2007,-16.329241039117488,45.61642597154284,0
UZB,2008,-5.424321008416705,78.16769006774433,0
UZB,2009,-1.049224769767548,90.64596213710136,0
UZB,2010,15.377144934300027,138.92977030404919,0
VEN,1960,-34.148829007121485,-4.825290970510979,0
VEN,1961,-34.146491340462305,-4.826427347220555,1
VEN,1962,-34.14256743440867,-4.827869408798183,1
VEN,1963,-34.13984640569803,-4.828941016242063,1
VEN,1964,-34.13523137037422,-4.8304820096054195,1
VEN,1965,-34.13123823074067,-4.831802737712119,1
VEN,1966,-34.12898798186726,-4.832576875556132,1
VEN,1967,-34.127436693723325,-4.833191028849578,1
VEN,1968,-34.12107393749715,-4.834999076124225,1
VEN,1969,-34.11511843856678,-4.836849082159586,1
VEN,1970,-34.11228887352384,-4.8375929299724225,1
VEN,1971,-34.115819570426545,-4.870733420924274,1
VEN,1972,-34.142131332681785,-4.975553732126384,1
VEN,1973,-34.123697439900674,-4.953582931590911,1
VEN,1974,-33.98327900520511,-4.550391851560512,1
VEN,1975,-33.84798507113202,-4.180811082149134,1
VEN,1976,-33.769783179653494,-3.9697832610675103,1
VEN,1977,-33.860661360063695,-4.29052823273937,1
VEN,1978,-33.963981627236805,-4.6409220781426175,1
VEN,1979,-33.8791432531473,-4.412296316667239,1
VEN,1980,-33.71294954452506,-3.9360200746822915,1
VEN,1981,-33.7339926551775,-4.018682978520714,1
VEN,1982,-33.727772202963365,-4.051253359842847,1
VEN,1983,-33.83751123414256,-4.473673461589787,1
VEN,1984,-33.700689804307835,-4.295223110454634,1
VEN,1985,-33.63037717901087,-4.134223863507281,1
VEN,1986,-33.73795803196778,-4.224429025868831,1
VEN,1987,-33.685525890577225,-4.143857394640513,1
VEN,1988,-33.62496144873582,-4.172045390308536,1
VEN,1989,-33.487075463178805,-3.8419167738224593,1
VEN,1990,-33.29643011811403,-3.176293139012994,1
VEN,1991,-32.99301666952474,-2.5635899832731552,1
VEN,1992,-33.0491100086361,-3.3001255682820254,0
VEN,1993,-33.062868985827244,-3.718527191398594,0
VEN,1994,-31.64005723551302,-0.30088457866911966,0
VEN,1995,-31.741119263466842,-1.5349137519424563,0
VEN,1996,-30.924594614927823,-0.018482019507053415,0
VEN,1997,-30.74975688873417,-0.3944705927655736,0
VEN,1998,-31.624542408193527,-3.5429794885359707,0
VEN,1999,-31.81024848411845,-4.724670884640865,0
VEN,2000,-31.173201784496282,-4.21277839439131,0
VEN,2001,-30.72205351122417,-4.703073265691866,0
VEN,2002,-29.969723639150075,-3.265657552984197,0
VEN,2003,-28.93732664168268,1.1022433834353347,0
VEN,2004,-25.72913317918551,5.9574594619059855,0
VEN,2005,-23.120675642447402,16.520793396328095,0
VEN,2006,-17.276864016830444,31.70332427603676,0
VEN,2007,-13.374761861254783,45.273273775772466,0
VEN,2008,-18.77931211034685,29.787767158399873,0
VEN,2009,-25.70507946996188,11.243416399467742,0
VEN,2010,-23.19208457526632,16.891170720185777,0
VNM,1960,-27.70092594954802,-7.7175345280128465,1
VNM,1961,-27.24298380797797,-7.872280325466695,1
VNM,1962,-26.76385512900278,-8.033561328791302,1
VNM,1963,-26.283894843858455,-8.195452376278858,1
VNM,1964,-25.80043243838841,-8.359269303400254,1
VNM,1965,-25.315725331934303,-8.522376978491515,1
VNM,1966,-24.832859426970202,-8.68504618390433,1
VNM,1967,-24.359109437070412,-8.844539376988035,1
VNM,1968,-23.88974959097395,-9.003524816036498,1
VNM,1969,-23.389208785308433,-9.171347048366819,1
VNM,1970,-22.913247611905717,-9.333832228401384,1
VNM,1971,-22.38759121981228,-9.504265705425151,1
VNM,1972,-21.877136805407666,-9.682173317904459,1
VNM,1973,-21.302770870478067,-9.711851775109746,1
VNM,1974,-19.86552317904841,-6.98660513007702,1
VNM,1975,-18.862877548456233,-5.782922068841166,1
VNM,1976,-19.321494371544595,-9.021310524745001,1
VNM,1977,-17.889590583616027,-6.69160256661321,1
VNM,1978,-18.47810508914482,-10.607898997588077,1
VNM,1979,-17.740279272928248,-10.729304442625185,1
VNM,1980,-16.97187699507837,-10.903549745572466,1
VNM,1981,-16.07838673823689,-10.912673335641191,1
VNM,1982,-15.291861030120817,-11.422506126719604,1
VNM,1983,-14.439045165185313,-11.855569693441275,1
VNM,1984,-13.55728421448337,-12.126270685611193,1
VNM,1985,-11.78811118163443,-12.80199717424675,1
VNM,1986,-12.17517889073665,-12.86975657352789,1
VNM,1987,-9.743159112464365,-13.686834439517236,1
VNM,1988,-7.537894661587142,-14.199069444553823,0
VNM,1989,-5.650502988687119,-14.597254229343607,0
VNM,1990,-6.14967737581021,-14.523598706266823,0
VNM,1991,-5.183686678750359,-15.103001888105902,0
VNM,1992,-4.327408402816051,-15.301134950665297,0
VNM,1993,-1.8000802100909326,-16.349769114827634,0
VNM,1994,24.63456364592478,-25.133316248090935,0
VNM,1995,32.27072846139975,-27.672234997514614,0
VNM,1996,18.636637576330145,-23.131857343398288,0
VNM,1997,22.817732794576607,-24.229627991334837,0
VNM,1998,26.438721218137076,-25.563176536070657,0
VNM,1999,36.56439270566921,-28.945022052523285,0
VNM,2000,53.577007295390636,-34.48265997139713,0
VNM,2001,68.76708419344351,-39.53447193324003,0
VNM,2002,88.32282873049343,-45.77313143022255,0
VNM,2003,127.99161021608037,-59.064808891464494,0
VNM,2004,172.27078465323504,-73.58209321147085,0
VNM,2005,213.03142849353952,-85.9694509160635,0
VNM,2006,252.7629972292452,-91.04058206988513,0
VNM,2007,327.1560527462424,-109.15115663791721,0
VNM,2008,399.4898670415736,-104.90936447431298,0
VNM,2009,412.255046873448,-119.61278497634402,0
VNM,2010,431.5419554471004,-135.2483665172198,0
YEM,1960,-34.38576853298201,-5.462401368841029,1
YEM,1961,-34.38490040517682,-5.462887379247636,1
YEM,1962,-34.384120593614035,-5.463620569598316,1
YEM,1963,-34.38333289515454,-5.464434044990306,1
YEM,1964,-34.38190797983622,-5.465201002008523,1
YEM,1965,-34.38103729505224,-5.46607450119633,1
YEM,1966,-34.38010149730802,-5.4670408250222815,1
YEM,1967,-34.37881473330389,-5.468084074637249,1
YEM,1968,-34.377723959424664,-5.469105305173354,1
YEM,1969,-34.37652050229206,-5.470069397103544,1
YEM,1970,-34.374567813410366,-5.472687451821704,1
YEM,1971,-34.373559358278776,-5.4735773402800065,1
YEM,1972,-34.37151543418975,-5.475049602232773,1
YEM,1973,-34.36835999300603,-5.476814081437506,1
YEM,1974,-34.365769121813436,-5.478456284884984,1
YEM,1975,-34.36441520985077,-5.479885429025921,1
YEM,1976,-34.36061411298407,-5.481928229307933,1
YEM,1977,-34.358757818027534,-5.483642954239995,1
YEM,1978,-34.35683868616904,-5.485391926293246,1
YEM,1979,-34.354580202865606,-5.487280196022132,1
YEM,1980,-34.351271228871134,-5.489387480978628,1
YEM,1981,-34.350398266938114,-5.490854439317522,1
YEM,1982,-34.35086856277415,-5.492022815032081,1
YEM,1983,-34.34811978794174,-5.493964742146157,1
YEM,1984,-34.34463535897008,-5.496073090909496,1
YEM,1985,-34.3404506920095,-5.498343704031349,1
YEM,1986,-34.33804942783037,-5.500732739775423,1
YEM,1987,-34.33480219345231,-5.50264647322623,1
YEM,1988,-34.330865874961205,-5.506043222269372,1
YEM,1989,-34.327737614050925,-5.508421594208842,1
YEM,1990,-34.3232337821442,-5.511200859967337,1
YEM,1991,-34.31800740551073,-5.514233134890039,1
YEM,1992,-34.31507683128095,-5.516625199225907,1
YEM,1993,-34.31048503092773,-5.519486974060905,1
YEM,1994,-34.306322684217875,-5.522083530904251,1
YEM,1995,-34.29745136459558,-5.525905457021501,1
YEM,1996,-34.292615670459455,-5.530009271545934,1
YEM,1997,-34.2863963884702,-5.532983548693533,1
YEM,1998,-34.27980499337993,-5.536102839155415,1
YEM,1999,-34.275490031185186,-5.538753574459233,1
YEM,2000,-34.27207836523159,-5.541223309480559,1
YEM,2001,-34.26240714087795,-5.545250219911204,1
YEM,2002,-34.251042008315316,-5.54961119106134,1
YEM,2003,-34.237811105289495,-5.554323673090403,1
YEM,2004,-34.22808461849459,-5.5575743264128015,1
YEM,2005,-34.1642014590174,-5.573774311956843,1
YEM,2006,-34.172795581188275,-5.571752312079284,1
YEM,2007,-34.17472557108004,-5.571747372417027,1
YEM,2008,-34.201325726243155,-5.563906175207289,1
YEM,2009,-34.187100025211116,-5.567815269847135,1
YEM,2010,-34.1823014292821,-5.570891492180537,1
ZAF,1960,-31.18799725079818,3.358028988015807,0
ZAF,1961,-31.160417273972335,3.3532248920693597,0
ZAF,1962,-31.148536225308984,3.350026226335215,0
ZAF,1963,-31.127042410977847,3.3437017149514485,0
ZAF,1964,-31.097536327041727,3.335408858158269,0
ZAF,1965,-31.0822927362994,3.330768800709743,1
ZAF,1966,-31.076927146799616,3.327597419562096,1
ZAF,1967,-31.014976584000784,3.3112596467477555,1
ZAF,1968,-30.938073477617827,3.2906362437401686,1
ZAF,1969,-30.971458668140745,3.2968899010413644,1
ZAF,1970,-31.063297174724465,3.317105617647398,1
ZAF,1971,-31.648971687606544,1.5784605752001717,1
ZAF,1972,-31.637161980897545,1.6065927418526655,1
ZAF,1973,-29.442045918870537,8.02665727010759,1
ZAF,1974,-21.14484502369617,32.79853654329375,1
ZAF,1975,-28.950048754267442,9.45961791532606,1
ZAF,1976,-28.84618006886312,9.8610068907137,1
ZAF,1977,-28.040323485446685,12.34802038660194,1
ZAF,1978,-29.262270292137114,8.66093773741606,1
ZAF,1979,3.4334264556719774,106.4503827515475,1
ZAF,1980,100.91184408756757,398.1287240756581,1
ZAF,1981,45.75266947009734,233.10189943294316,1
ZAF,1982,19.721458030075546,155.21691387156804,1
ZAF,1983,37.63749575040968,208.7440664332417,1
ZAF,1984,-23.646513636532617,25.298322269655323,1
ZAF,1985,4.21697672416402,108.42484743300545,1
ZAF,1986,6.544396470136036,115.25019283790037,1
ZAF,1987,21.62626387591734,159.83216713289926,1
ZAF,1988,18.556467996079853,150.53052382661576,1
ZAF,1989,3.794296186232124,106.19870973957683,0
ZAF,1990,-0.19955867029293017,93.52330719190047,0
ZAF,1991,9.16904764034306,120.76214941768019,0
ZAF,1992,-1.3378358585900045,89.53161923494655,0
ZAF,1993,4.968710637388021,108.64226911854192,0
ZAF,1994,15.564890379190949,140.00392884532846,0
ZAF,1995,-17.112421592486957,42.75559358715864,0
ZAF,1996,-3.5364161025517653,83.68652841004233,0
ZAF,1997,-14.73611673491525,49.468783895647746,0
ZAF,1998,-18.90758356655058,36.4438778392879,0
ZAF,1999,-24.406524011235753,20.4659760757443,0
ZAF,2000,-19.294839274583822,36.44971581282152,0
ZAF,2001,-13.860507053960603,52.63203321268286,0
ZAF,2002,-9.330385460262335,65.45669219071057,0
ZAF,2003,-26.043834431810815,14.023527617402996,0
ZAF,2004,-17.924263791540877,38.61229148140205,0
ZAF,2005,6.88436412358093,112.87689016585693,0
ZAF,2006,28.897307330903388,178.72626928809197,0
ZAF,2007,59.80726639568629,271.3332762589848,0
ZAF,2008,102.66038297024372,399.65019319958844,0
ZAF,2009,38.442838034854525,207.86615186763177,0
ZAF,2010,128.21349561365307,476.2094701111556,0
ZWE,1960,-33.77530278586039,-3.560571277236752,0
ZWE,1961,-33.77468624998264,-3.5615034560494436,0
ZWE,1962,-33.774093125207145,-3.5625388577636725,0
ZWE,1963,-33.77342208879063,-3.563869425390313,0
ZWE,1964,-33.77253111714051,-3.5648871919749254,0
ZWE,1965,-33.771579656409585,-3.5658092925219913,1
ZWE,1966,-33.77061548519042,-3.5667397584479765,1
ZWE,1967,-33.76964480332248,-3.5676984994850667,1
ZWE,1968,-33.76863661052791,-3.5687053840156664,1
ZWE,1969,-33.76759370336687,-3.5696141708989924,1
ZWE,1970,-33.765862156520306,-3.571162229188327,1
ZWE,1971,-33.88552994934788,-3.9332362223056343,1
ZWE,1972,-33.81828307618043,-3.737454694613522,1
ZWE,1973,-33.408707065061336,-2.522026347278655,1
ZWE,1974,-33.12683805422306,-1.6892527985887251,1
ZWE,1975,-33.642146787035536,-3.2441155698300137,1
ZWE,1976,-33.16007419313854,-1.813749246194988,1
ZWE,1977,-33.22814009934823,-2.0340425703506297,1
ZWE,1978,-33.73118753632071,-3.5599630856060616,1
ZWE,1979,-32.77161515728009,-0.6913493092190635,0
ZWE,1980,-32.27258819320093,0.8849164922652566,0
ZWE,1981,-33.01185038146354,-1.423488546465867,0
ZWE,1982,-33.59984931009177,-3.1860058549705808,0
ZWE,1983,-33.37702911680407,-2.563767406408348,0
ZWE,1984,-33.53745226750147,-3.056729858379738,0
ZWE,1985,-33.59904051646896,-3.2502473207128304,0
ZWE,1986,-33.87880546328232,-4.100874634938648,0
ZWE,1987,-33.580539716328374,-3.2213448488643546,0
ZWE,1988,-31.071036281596395,4.268727860093431,0
ZWE,1989,-31.386403857715834,3.3175950101351237,0
ZWE,1990,-32.85264675931297,-1.0780541364432192,0
ZWE,1991,-31.97183635787455,1.554305887832867,0
ZWE,1992,-32.871551209805716,-1.1278248268891868,0
ZWE,1993,-33.405335127646396,-2.8049458669450935,0
ZWE,1994,-31.353775767243484,3.3525279443860807,0
ZWE,1995,-32.2972671793751,0.5440055548296261,0
ZWE,1996,-31.794404090591275,2.0410642094643823,0
ZWE,1997,-32.46485613950607,0.019546458542995637,0
ZWE,1998,-33.19827436465754,-2.17263598925576,0
ZWE,1999,-33.16947284914891,-2.7027126125428564,0
ZWE,2000,-32.89637155224871,-2.4494171624202568,0
ZWE,2001,-33.231969513131546,-3.5214797143569045,0
ZWE,2002,-31.735280191355457,0.9715365742957021,0
ZWE,2003,-32.44646614974342,-1.371811686357571,0
ZWE,2004,-31.289803998616534,1.8856637806525525,0
ZWE,2005,-31.745317843514638,0.7966638860863613,0
ZWE,2006,-28.40216370767098,10.803865266423633,0
ZWE,2007,-26.917285674874762,15.208057725919508,0
ZWE,2008,-31.373825560553477,0.3445776276202368,0
ZWE,2009,-31.682152969646843,-0.6283811315975596,0
ZWE,2010,-27.72630988867993,11.114203607281235,0
AFG,2012,-33.62897478556744,-5.768959426412848,1
AFG,2013,-33.50166938170218,-5.782726343036679,1
AFG,2014,-33.38853086096128,-5.795599065002059,1
AFG,2015,-33.24683138877291,-5.899570122065066,1
AFG,2016,-33.12504891491854,-5.922140337434124,1
AFG,2017,-32.98728687416939,-5.9998025530018415,1
AFG,2018,-32.81967475968441,-6.054322092807594,1
AFG,2019,-32.69777941042276,-6.092709623868014,1
AFG,2020,-32.5563904329434,-6.131436478690487,1
AFG,2021,-32.23972776676169,-6.291740802938246,1
AFG,2022,-32.22293457833206,-6.3041204702731335,1
AFG,2023,-32.15391036870715,-6.2818258010815065,1
AGO,2012,-34.14195272929227,-5.557916132871844,1
AGO,2013,-34.17173560376109,-5.549000089452814,1
AGO,2014,-34.11512119966609,-5.571540428201616,1
AGO,2015,-34.00281527369603,-5.6101446613158155,1
AGO,2016,-34.03403976694699,-5.599610267862353,1
AGO,2017,-33.90249995535989,-5.6450519235740115,1
AGO,2018,-33.83149869437095,-5.672340558220036,1
AGO,2019,-33.80586463216961,-5.682740712498911,1
AGO,2020,-33.77797471571674,-5.697473960035519,1
AGO,2021,-33.612612730387525,-5.74938368075549,1
AGO,2022,-33.68704517404788,-5.728093084391716,1
AGO,2023,-32.32688565944466,-6.183038614529581,1
ARG,2012,7.994671754295744,117.72715363691057,0
ARG,2013,-10.456183975437277,61.95591628070221,0
ARG,2014,-11.554064475515581,58.5643027864147,0
ARG,2015,-24.780996433326855,19.171631781942374,0
ARG,2016,-18.790349938700956,37.0914914598654,0
ARG,2017,-20.593474245218445,31.68974892520044,0
ARG,2018,-15.40522710186898,47.39140100571586,0
ARG,2019,-17.67076738274471,40.924153200577805,0
ARG,2020,-15.218871716578835,48.517764331151454,0
ARG,2021,27.54359887748813,175.49849126783968,0
ARG,2022,27.94284597768292,175.36737953841453,0
ARG,2023,27.855839718434773,175.3978298381746,0
AUS,2012,462.5880877080219,1434.1201324176022,0
AUS,2013,452.36302291451074,1404.5075040183303,0
AUS,2014,394.3936184816978,1234.921672111892,0
AUS,2015,231.50374141947034,742.0866540000088,0
AUS,2016,336.28756001058025,1050.698525494472,0
AUS,2017,346.17806914453826,1083.8026543406552,0
AUS,2018,458.8048115625689,1414.56034244436,0
AUS,2019,382.146870832939,1188.1819802006517,0
AUS,2020,632.7637413341148,1931.1304396613407,0
AUS,2021,1892.6829549353945,5685.075994988953,0
AUS,2022,1892.0705840822031,5685.284375246407,0
AUS,2023,1891.2402033847354,5685.5636711939105,0
AZE,2012,-32.684248967559874,-2.3549880139160093,1
AZE,2013,-33.07217453713355,-3.3061210185106624,1
AZE,2014,-33.10132791903741,-3.3588817027062654,1
AZE,2015,-33.004987018569246,-3.253467871593343,1
AZE,2016,-32.82118007135407,-3.091091366640448,1
AZE,2017,-31.001028021698804,2.3010277726994497,1
AZE,2018,-32.152338494516854,-0.9741051948834283,1
AZE,2019,-31.869652444307576,-0.1945262623612951,1
AZE,2020,-31.66590479884879,0.49172873528846406,1
AZE,2021,-29.86640694674443,5.913767300709624,1
AZE,2022,-29.870081302578047,5.918068335984552,1
AZE,2023,-29.84508844264411,5.905415964473411,0
BDI,2012,-34.132451981461884,-4.88430323498292,1
BDI,2013,-34.21560661466175,-5.173655414373604,1
BDI,2014,-34.17272611850645,-5.068463108247844,1
BDI,2015,-34.19036177215546,-5.257824305771022,1
BDI,2016,-34.198208543429864,-5.268082321634405,1
BDI,2017,-34.11876966406144,-5.061346796056992,1
BDI,2018,-34.27654940328721,-5.517801004589517,1
BDI,2019,-34.262484052658465,-5.52691607360539,1
BDI,2020,-34.2593215262433,-5.529894201900947,1
BDI,2021,-34.247735851484364,-5.534309864568465,1
BDI,2022,-34.24524513215231,-5.533831903562355,1
BDI,2023,-34.22920233957791,-5.5389650862962485,1
BEN,2012,-34.236964312510565,-5.493372561524505,0
BEN,2013,-34.20843216760936,-5.512126898219033,0
BEN,2014,-34.07800907543163,-5.558815583460126,0
BEN,2015,-33.568301808570155,-5.744432873348267,0
BEN,2016,-33.60617294043079,-5.731742338235905,0
BEN,2017,-33.54722552756341,-5.751439840573772,0
BEN,2018,-33.44070114847233,-5.7871568974777965,0
BEN,2019,-33.3295174038177,-5.824153873892222,1
BEN,2020,-33.79309111501047,-5.669539242672843,1
BEN,2021,-33.85527818157946,-5.648915282091025,1
BEN,2022,-33.802355593194676,-5.666743350814297,1
BEN,2023,-33.78750540638534,-5.671775431123754,1
BFA,2012,-20.60466031014021,35.29017659602258,1
BFA,2013,-23.897221506644087,25.460225359756322,1
BFA,2014,-25.99536559811357,19.17649054297309,1
BFA,2015,-28.112683278512847,12.829021349450292,1
BFA,2016,-24.280393771857028,24.223776092531104,1
BFA,2017,-21.874354637717346,31.357191218191744,1
BFA,2018,-21.37870924155192,32.802004892568206,1
BFA,2019,-21.855598738204243,31.277835542141162,1
BFA,2020,-18.13918304401904,42.32654732426081,1
BFA,2021,31.487608425433187,190.6553965099121,1
BFA,2022,31.495271939879395,190.65188593723988,1
BFA,2023,31.549576809170183,190.63378781266334,1
BGD,2012,259.1983689542499,-103.7585690382111,0
BGD,2013,281.85204779967785,-111.32438324364104,0
BGD,2014,298.31425300861423,-116.82145374901359,1
BGD,2015,315.85178878264117,-122.67704054508665,1
BGD,2016,340.1036921625937,-130.77360500723339,1
BGD,2017,362.1250922695817,-138.1326664922279,0
BGD,2018,374.36683803492076,-142.21703964095425,0
BGD,2019,388.49014468096834,-146.93022737773086,0
BGD,2020,404.6707780468573,-152.33088930695908,0
BGD,2021,413.9986746352592,-155.44328813561447,0
BGD,2022,429.6457078484859,-160.63189125855408,0
BGD,2023,450.1604108828913,-167.48047675160885,0
BIH,2012,-32.971814127465606,-3.3139904998607013,0
BIH,2013,-33.063645798320124,-3.1789447102042216,0
BIH,2014,-33.26228718116261,-4.038111137542686,0
BIH,2015,-33.30752409649029,-4.787300036703636,0
BIH,2016,-33.184107073906084,-4.480788748538429,0
BIH,2017,-33.144546740982754,-3.9100175442413763,0
BIH,2018,-33.252053377110386,-4.162908675996311,0
BIH,2019,-33.51009899175863,-5.113563700509875,0
BIH,2020,-33.56544229876348,-5.176084011860889,0
BIH,2021,-33.477148267988426,-4.93425464633793,0
BIH,2022,-33.46059027659335,-4.93606607489867,0
BIH,2023,-33.44167093370858,-4.940086272603582,0
BOL,2012,-16.26500587374533,47.79499216400423,0
BOL,2013,-17.797930503865214,43.13391840229307,0
BOL,2014,-18.856517046654666,39.73882761543665,0
BOL,2015,-32.51249465272827,-2.466057926126203,0
BOL,2016,-28.388572417257503,9.854997086052977,0
BOL,2017,-14.60438983629793,49.82891916063298,0
BOL,2018,-22.533943209268884,24.60579267970065,0
BOL,2019,-27.332753906020688,8.715371855007685,0
BOL,2020,-28.291206235276398,3.8074973956489035,0
BOL,2021,19.75665328577776,145.63546443710686,0
BOL,2022,20.19712549907087,145.489913877303,0
BOL,2023,21.477330703869328,145.06328816356907,0
CAF,2012,-34.34675484168545,-5.419602739638861,1
CAF,2013,-34.35131980125775,-5.4388632737421245,1
CAF,2014,-34.35362732905758,-5.454958005798168,1
CAF,2015,-34.361160425434555,-5.4539970707161585,1
CAF,2016,-34.35820418595222,-5.445501903838645,1
CAF,2017,-34.35103553597064,-5.423699278608197,1
CAF,2018,-34.34114421076544,-5.404327515131893,1
CAF,2019,-34.330473919089506,-5.3872900672208015,1
CAF,2020,-34.266962055690726,-5.221537823697009,1
CAF,2021,-33.93164629745747,-4.255475708970753,1
CAF,2022,-33.93178665615417,-4.254110894094152,1
CAF,2023,-33.92176258743184,-4.252682209580875,1
CHL,2012,476.06189904878823,914.2679425301473,0
CHL,2013,422.4190296465878,770.9564058768176,0
CHL,2014,407.14667315715013,622.9242318810233,0
CHL,2015,261.99515786759713,284.3856708525373,0
CHL,2016,239.62749244878714,221.92553925979624,0
CHL,2017,366.56617398269316,505.93545793423294,0
CHL,2018,430.1844772148895,658.2346541172046,0
CHL,2019,279.2643417462611,139.22346448223797,0
CHL,2020,396.44320705184623,434.54541001185476,0
CHL,2021,990.3480591063465,2245.791158022476,0
CHL,2022,1004.0429559602264,2241.2239719127706,0
CHL,2023,1000.4424656991844,2242.428526293816,0
CHN,2012,9943.479391100065,483.33816543846547,1
CHN,2013,10263.671288260235,-217.4302896502434,1
CHN,2014,10378.018093978168,-1165.8101987084635,1
CHN,2015,10498.816271937807,-1958.1543607718163,1
CHN,2016,10943.653437642683,-2287.5914411572253,1
CHN,2017,11348.852364337117,-2224.3879151494775,1
CHN,2018,11673.096144745217,-2255.039998761299,1
CHN,2019,12223.652876531116,-1896.9546669369738,1
CHN,2020,12367.933945657875,-2624.9819927542776,0
CHN,2021,13874.805291561692,575.0451886721092,0
CHN,2022,14320.104155450992,426.39030941267,0
CHN,2023,14801.2993304499,265.72185585722235,0
CIV,2012,-29.513963873961167,6.498855468137812,0
CIV,2013,-30.245810319728115,4.28342226710345,0
CIV,2014,-29.947328569311868,5.183890989417444,0
CIV,2015,-30.025190434117416,4.785761410094281,0
CIV,2016,-27.7613042879554,11.319533930603844,0
CIV,2017,-29.068055280475292,7.377094896020667,0
CIV,2018,-27.78022246024934,11.131353673118964,0
CIV,2019,-26.13597410518438,16.014460085220783,0
CIV,2020,-24.206493716135647,21.181828351701725,0
CIV,2021,2.617553162671463,100.54838657380527,0
CIV,2022,2.757912831413762,100.50351700323071,0
CIV,2023,2.9089817907606843,100.45136284179608,0
CMR,2012,-33.4882070876392,-3.7384882175034884,1
CMR,2013,-33.59558140176855,-4.27836188722965,1
CMR,2014,-33.634370971739806,-4.602694435585396,1
CMR,2015,-33.59370766004854,-4.727956463040424,1
CMR,2016,-33.084287606018236,-4.609596292774233,1
CMR,2017,-33.04437107977035,-4.875337140843451,1
CMR,2018,-33.320347394175684,-5.843276621097217,1
CMR,2019,-32.65853516560546,-6.064776646700113,1
CMR,2020,-33.04954506516981,-5.935762015225467,1
CMR,2021,-32.811405816246996,-6.015897731109153,1
CMR,2022,-32.79899475784507,-6.019785782971192,1
CMR,2023,-32.114384789083665,-6.248435696607805,1
COD,2012,4.639605974469717,107.6950426268108,1
COD,2013,16.740175766211948,143.83512679460918,1
COD,2014,17.050039704792,144.67245680738085,1
COD,2015,-7.922107931187153,69.84420429435983,1
COD,2016,-15.500617396001466,47.06871662642518,1
COD,2017,-21.881907510387673,27.64126546025976,1
COD,2018,47.88591941297562,236.0140100576634,1
COD,2019,-19.81818292754538,33.176717762158766,1
COD,2020,28.35712593528664,177.01169296039032,1
COD,2021,294.3410234522598,972.29874882982,1
COD,2022,294.3994609976539,972.2787698626483,1
COD,2023,294.4600465808282,972.2539159422132,1
COG,2012,-34.25444031098955,-5.2974561024572075,1
COG,2013,-34.264937580677326,-5.360471540116934,1
COG,2014,-34.26255391508639,-5.386247476363476,1
COG,2015,-34.26090539840634,-5.414225387439442,1
COG,2016,-34.239181476004056,-5.396622282444872,0
COG,2017,-34.23488875601394,-5.418264073875862,0
COG,2018,-34.26881024886848,-5.495014772111628,0
COG,2019,-34.25718661776926,-5.499170834286655,0
COG,2020,-34.22734625324361,-5.508717936045419,0
COG,2021,-34.22451473344553,-5.50961725593018,0
COG,2022,-34.21302256673222,-5.512929647832784,0
COG,2023,-34.09696590727298,-5.551222192440555,0
COL,2012,34.818747474858434,149.39756832015055,1
COL,2013,8.85121639264743,71.71041193082522,1
COL,2014,1.886751612864785,49.426867455318,1
COL,2015,-7.15521063005356,20.303234844262207,1
COL,2016,0.8639324530102286,38.275155369456975,1
COL,2017,0.19698183440905126,29.686082334802443,1
COL,2018,-0.46368377600170874,19.61533481363147,1
COL,2019,9.039448775988951,26.42147914556898,1
COL,2020,15.070444718863804,39.76719742560693,1
COL,2021,56.38914250531568,155.84913148597698,1
COL,2022,58.5286134462094,155.13837600851775,1
COL,2023,58.14932140492429,155.2604677188232,1
COM,2012,-34.42227864892944,-5.434685013170059,0
COM,2013,-34.42036978316754,-5.434188328406915,0
COM,2014,-34.42521658888906,-5.432130040252639,0
COM,2015,-34.42407180456868,-5.431465243312663,0
COM,2016,-34.42200282617203,-5.430991729264624,0
COM,2017,-34.42185247854779,-5.430093798950535,0
COM,2018,-34.421921811845706,-5.429227446697025,0
COM,2019,-34.420761290286464,-5.428628573100061,0
COM,2020,-34.419860080396994,-5.428068843277073,0
COM,2021,-34.41980922953584,-5.4277222674522845,0
COM,2022,-34.41937286330114,-5.427120036327501,0
COM,2023,-34.4196634889043,-5.426329997849483,0
CUB,2012,-27.77348714101189,-0.7773397923249536,0
CUB,2013,-28.941118998029722,-6.188188020343757,0
CUB,2014,-27.892159567488996,-4.016655671507902,0
CUB,2015,-28.123776919676406,-5.146661504845276,0
CUB,2016,-29.151429667256295,-6.609134912809438,0
CUB,2017,-28.430139623086433,-5.593436560876266,0
CUB,2018,-27.041799455225654,0.007132607417360326,0
CUB,2019,-27.59126299569072,-0.8178831747752824,0
CUB,2020,-27.727499725521874,-0.7034298354055633,0
CUB,2021,-19.1197731006609,26.89542897059956,0
CUB,2022,-20.37329331928,27.31533757708862,0
CUB,2023,-20.831620696841625,27.471422559728886,0
CYP,2012,-33.448936604620435,-4.995758078894631,0
CYP,2013,-33.351123368059454,-5.270508035810566,0
CYP,2014,-33.46754422318919,-5.337108755350973,0
CYP,2015,-33.34351935558419,-5.5371473334798775,0
CYP,2016,-33.256647621599534,-5.730155338396969,0
CYP,2017,-33.12515416589898,-5.705340489232731,0
CYP,2018,-33.11096813814776,-5.704230851585717,0
CYP,2019,-32.99251656150053,-5.758605196458423,0
CYP,2020,-33.096860887159664,-5.653937915369046,0
CYP,2021,-32.97176978548929,-5.572812833399929,0
CYP,2022,-33.017404809008376,-5.555679658187639,0
CYP,2023,-33.33894339128991,-5.446147337443564,0
DJI,2012,-34.420693694988486,-5.427898306276881,0
DJI,2013,-34.42007673975789,-5.426892725529715,0
DJI,2014,-34.41926089493148,-5.425894369675556,0
DJI,2015,-34.41859699920976,-5.4247845243118435,0
DJI,2016,-34.41774785478311,-5.423704486663876,0
DJI,2017,-34.41705298990248,-5.42253771892572,0
DJI,2018,-34.41624976371461,-5.421369666269421,0
DJI,2019,-34.41542070676427,-5.42017274367482,0
DJI,2020,-34.414631844434815,-5.419085616871574,0
DJI,2021,-34.413834262260025,-5.4180908942716455,0
DJI,2022,-34.412947592236335,-5.416730232459724,0
DJI,2023,-34.41208496410346,-5.4153475818404,0
DOM,2012,-29.741815220290345,7.685154646650105,0
DOM,2013,-21.534092483028793,31.92485265931193,0
DOM,2014,-20.635000525905667,34.26701471700979,0
DOM,2015,-27.183082192069783,14.61296143212797,0
DOM,2016,-14.481423692960867,52.707690486366666,0
DOM,2017,-17.42567315974689,43.58672242012315,0
DOM,2018,-19.023449462890813,38.5924907202843,0
DOM,2019,-17.1953514904991,43.96395845033435,0
DOM,2020,-17.010599123419873,44.36449949983239,0
DOM,2021,1.5170103258109506,99.59486679189763,0
DOM,2022,1.521042742229504,99.59425356999988,0
DOM,2023,1.5360622759032623,99.59124717003104,0
DZA,2012,-32.79125679231954,-3.2378717551914287,1
DZA,2013,-33.20346711100766,-4.241473191438911,1
DZA,2014,-33.387795553648964,-4.9813743211994765,1
DZA,2015,-33.68324139588582,-5.24920884341417,1
DZA,2016,-33.57097002320466,-5.297140044575159,1
DZA,2017,-33.105219315669906,-5.3530979628804225,1
DZA,2018,-32.6751568939296,-5.621504274383166,1
DZA,2019,-33.07152760211346,-5.530943136536957,1
DZA,2020,-33.01642081614028,-5.716001576017248,0
DZA,2021,-33.04426355137589,-5.46513464223365,0
DZA,2022,-32.96030735600287,-5.492340096313565,0
DZA,2023,-32.940631106347965,-5.498479974328472,0
ECU,2012,23.82808635850055,-13.441576479877046,0
ECU,2013,25.37774412694955,-14.293758902260459,0
ECU,2014,30.116677866027565,-20.52042877712954,0
ECU,2015,39.39971406752408,-25.52241952911119,0
ECU,2016,43.9893489262062,-25.70710733981077,0
ECU,2017,49.78402297617617,-27.24530490654096,0
ECU,2018,64.21141924935176,-38.33576376727031,0
ECU,2019,83.57343691346446,-44.802862075637876,0
ECU,2020,96.90479367062377,-49.258535351200315,0
ECU,2021,118.86106882676361,-56.5874906681182,0
ECU,2022,155.87014517413817,-68.94670523428141,0
ECU,2023,174.6604735592107,-75.21923580860333,0
EGY,2012,163.91901063232322,12.467609524247562,1
EGY,2013,160.79231444512527,-41.820493251604724,1
EGY,2014,163.92188697974908,-54.822244719437876,1
EGY,2015,168.85789941443568,-61.379709278469754,1
EGY,2016,205.62889996694042,-61.59075936052181,1
EGY,2017,212.168544884143,-62.49005294238494,1
EGY,2018,236.749128367819,-94.42203150828128,1
EGY,2019,244.3383116488827,-98.65951688478856,1
EGY,2020,235.89623633510305,-95.84132903868465,1
EGY,2021,233.25740386506217,-94.96142744203036,1
EGY,2022,229.26038017220762,-93.62656903465488,0
EGY,2023,229.27600099449504,-93.60980879341196,0
ERI,2012,-25.060469430164048,22.511668307530236,1
ERI,2013,-31.04078824688113,4.62417125338526,1
ERI,2014,-29.28965293718249,9.852752313315833,1
ERI,2015,-33.17655251899266,-1.7702511604938858,1
ERI,2016,-34.40625673055211,-5.449523401714134,0
ERI,2017,-33.58380404122893,-2.9872641014222,0
ERI,2018,-31.794046277561975,2.3675777546187238,0
ERI,2019,-33.57763393693993,-2.9715974675483228,0
ERI,2020,-33.4067492115811,-2.4572384713148963,0
ERI,2021,-23.115665184406282,28.323650321172472,0
ERI,2022,-23.114480403859265,28.323679473277387,0
ERI,2023,-23.113421402852662,28.324210986690716,0
ESP,2012,18.262298069604157,-0.7401022486651367,0
ESP,2013,9.268806353193554,-5.051523983109235,0
ESP,2014,18.811657203938402,-9.558472413585603,0
ESP,2015,18.584344253836377,-15.006596846940283,0
ESP,2016,17.43856022043495,-14.971964991317428,0
ESP,2017,24.664751490366285,-8.93824054486743,0
ESP,2018,32.92036788075698,-6.036093474694571,0
ESP,2019,22.250427798894748,-12.135021537845942,0
ESP,2020,15.818057562938868,-12.048351462078667,0
ESP,2021,28.67546782209193,24.518339293312792,0
ESP,2022,28.03601612778852,24.746750588702874,0
ESP,2023,22.990994257702155,26.420778222631355,0
ETH,2012,-28.62954791791315,9.29605394279681,1
ETH,2013,-30.17540980707972,4.5738135986489805,1
ETH,2014,-30.919671140439355,2.2421467630247855,1
ETH,2015,-32.065699885548426,-1.2789837702891251,1
ETH,2016,-31.703567781430362,-0.2700555219224201,1
ETH,2017,-31.601883047337704,-0.08276844705035558,1
ETH,2018,-32.84287240803658,-3.923664075870467,1
ETH,2019,-32.852972737137605,-4.197118103502429,1
ETH,2020,-31.535860239292298,-0.400822860312009,1
ETH,2021,-27.000997254279376,12.937428841235318,1
ETH,2022,-26.9118515931178,12.903609765603454,1
ETH,2023,-26.594552990027214,12.794396580060122,1
FRA,2012,1.4509402586288758,-17.131965707144076,0
FRA,2013,0.6557787429393258,-16.939016190491905,0
FRA,2014,-2.711962336803346,-15.84219136040036,0
FRA,2015,-5.593337392664509,-14.952288875919407,0
FRA,2016,-2.6522210485806745,-15.929774282440317,0
FRA,2017,-1.2856409367558257,-16.374898830138378,0
FRA,2018,-1.4514572516291153,-16.309699196667744,0
FRA,2019,0.02483276381770594,-16.81400439932565,0
FRA,2020,-0.8322881939110047,-16.520268087297147,0
FRA,2021,-0.4252462800372854,-16.65448251228961,0
FRA,2022,0.8231296415930771,-17.064621740340897,0
FRA,2023,-1.5440728986742798,-16.278006204904074,0
GAB,2012,-34.128592899329426,-4.615970976244613,0
GAB,2013,-34.08712958861388,-4.493770686297607,0
GAB,2014,-34.17180598982782,-4.749801731736502,0
GAB,2015,-34.17839303512136,-4.770705170414038,0
GAB,2016,-34.175236159197866,-4.765967420727409,0
GAB,2017,-34.22068112536961,-4.903246766125116,0
GAB,2018,-34.3761762912541,-5.3768729281163425,0
GAB,2019,-34.37371620395769,-5.371103512406284,0
GAB,2020,-34.367812146569776,-5.360464761615631,0
GAB,2021,-34.294067449543945,-5.141628762659335,0
GAB,2022,-34.29076519602751,-5.142246769232136,0
GAB,2023,-34.28978403154859,-5.1418934322466905,0
GBR,2012,1.518667173344916,-17.10355451276868,0
GBR,2013,4.897950892862916,-18.38768354465944,0
GBR,2014,6.3690420967939545,-18.932927879128982,0
GBR,2015,2.5484823189796586,-17.653210295585808,0
GBR,2016,-0.3572485819614144,-16.68346547459124,0
GBR,2017,5.2668042675148214,-18.562629985256667,0
GBR,2018,-1.1054701492910155,-16.431004886700123,0
GBR,2019,6.3497794293785645,-18.847203471544724,0
GBR,2020,4.0657282787700595,-18.116733244808287,0
GBR,2021,7.289536047357522,-19.090809389316284,0
GBR,2022,0.8904300672106302,-16.950185839058136,1
GBR,2023,-2.1525199009342373,-15.932974648347141,1
GEO,2012,-31.287177474984638,3.135431106225811,0
GEO,2013,-32.05603906343245,0.7493293772968643,0
GEO,2014,-32.91081943472705,-1.911179934228688,0
GEO,2015,-32.869046982226074,-1.877665425697936,0
GEO,2016,-32.498368798172756,-0.8638301743621293,0
GEO,2017,-32.76104149782015,-1.8318360711681532,0
GEO,2018,-32.61121814459916,-1.609163627154175,0
GEO,2019,-31.98995726940948,0.1879801257145468,0
GEO,2020,-31.30409209146825,2.4982964392719627,0
GEO,2021,-28.7224305234069,9.796899733760942,0
GEO,2022,-28.730899949226792,9.80178395160185,0
GEO,2023,-28.775362800918295,9.815274429411211,0
GHA,2012,7.389185598476558,103.2942904296493,0
GHA,2013,10.893080825327445,110.9441069701207,0
GHA,2014,13.644827457811907,115.74519894185357,0
GHA,2015,1.5090499696619517,76.00172514203386,0
GHA,2016,-10.166809607626586,36.64638733076697,0
GHA,2017,-1.8915139272524186,58.57800224722587,0
GHA,2018,6.720910360110395,73.51343346968972,0
GHA,2019,4.66116482849197,81.00742265586808,0
GHA,2020,14.80436650409463,104.75931940663415,0
GHA,2021,72.5806466105634,263.2689100914266,0
GHA,2022,73.06144878075511,263.1096097760966,0
GHA,2023,74.39604695890313,262.6635149521789,0
GIN,2012,-28.686448440610672,11.181075853301122,0
GIN,2013,-30.458658229689703,5.839238214505688,0
GIN,2014,-29.437347278440665,8.88370150486464,0
GIN,2015,-31.33769830147442,3.17180649022613,0
GIN,2016,-28.946896563424943,10.289028993206028,0
GIN,2017,-28.066166914527646,12.77556524429601,0
GIN,2018,-28.791888047478004,10.547203373176965,0
GIN,2019,-34.13694943151826,-5.552227701912934,0
GIN,2020,-34.01543027008982,-5.592861838553518,0
GIN,2021,-33.996060711493335,-5.598724247155226,0
GIN,2022,-33.59321078465682,-5.734280712795625,0
GIN,2023,-33.239758493171934,-5.851797523546973,0
GMB,2012,-34.41126451340082,-5.451002025080163,0
GMB,2013,-34.407643402672534,-5.45185926729375,0
GMB,2014,-34.40528716132167,-5.452283637449527,0
GMB,2015,-34.40384896895527,-5.452365015042915,0
GMB,2016,-34.40100013034757,-5.452898672718659,0
GMB,2017,-34.39983765336005,-5.4528341415027874,0
GMB,2018,-34.401123042029155,-5.452083710141568,0
GMB,2019,-34.399167523898996,-5.452115728282166,0
GMB,2020,-34.397567107635176,-5.4520693785234915,0
GMB,2021,-34.39606543031476,-5.4521638668018415,0
GMB,2022,-34.394574174787785,-5.452041862116155,0
GMB,2023,-34.39324408314486,-5.451602803682349,0
GNB,2012,-34.42291539448882,-5.446434171902999,0
GNB,2013,-34.42187359755551,-5.4465325910961555,0
GNB,2014,-34.420613513682305,-5.4466098288125915,0
GNB,2015,-34.41908531217265,-5.446666499828897,0
GNB,2016,-34.41552603234104,-5.447307017998493,0
GNB,2017,-34.41065100993772,-5.448271017741814,0
GNB,2018,-34.407677243212916,-5.448482631440557,0
GNB,2019,-34.40645983989711,-5.44815930585084,0
GNB,2020,-34.406327081961784,-5.4478421751176604,0
GNB,2021,-34.40548281619511,-5.447616892155138,0
GNB,2022,-34.4044326968173,-5.447017141124003,0
GNB,2023,-34.40335214599814,-5.446502030192671,0
GRD,2012,-34.409113725328126,-5.375105633946728,0
GRD,2013,-34.40841935971091,-5.373839442512466,0
GRD,2014,-34.4078461597701,-5.372554781307463,0
GRD,2015,-34.406843111673254,-5.37135023511289,0
GRD,2016,-34.40256665051144,-5.371244769454284,0
GRD,2017,-34.40264673699836,-5.369602115110309,0
GRD,2018,-34.401741910668335,-5.368306500122528,0
GRD,2019,-34.40096271410963,-5.366968541157192,0
GRD,2020,-34.400429112255104,-5.365540298428613,0
GRD,2021,-34.40007554249419,-5.364241118408077,0
GRD,2022,-34.39880270989404,-5.362931656483979,0
GRD,2023,-34.3979254882494,-5.361181218434591,0
GTM,2012,-25.00159860866218,12.34835008015281,0
GTM,2013,-26.44118211711254,6.893518790301014,0
GTM,2014,-18.83166159960369,28.72357150787108,0
GTM,2015,-23.919284400529442,13.013415642716703,0
GTM,2016,-23.729168311023148,12.898711971607801,0
GTM,2017,-27.11123789951177,1.1286733613785414,0
GTM,2018,-27.337585630653884,-0.6627136624613064,0
GTM,2019,-25.606410044906063,2.9946386000436895,0
GTM,2020,-24.363028870476782,5.221153638868884,0
GTM,2021,-16.21664274924998,30.17984562439078,0
GTM,2022,-14.567249086105612,29.632032864272198,0
GTM,2023,-14.533642349916708,29.622199060959716,0
HND,2012,-24.172865734483263,-4.49261718085067,0
HND,2013,-25.08043563363276,-7.588218626821028,0
HND,2014,-22.803918389433925,-5.649864202435351,0
HND,2015,-24.507292748060046,-7.013263000857325,0
HND,2016,-24.466935693616804,-6.281435609856116,0
HND,2017,-22.765321308896716,-7.104685016271739,0
HND,2018,-23.347184338449125,-9.134350415262128,0
HND,2019,-22.81790725030869,-9.30243736097363,0
HND,2020,-22.29803170036083,-9.472941865092022,0
HND,2021,-21.28669063620764,-2.022861803615478,0
HND,2022,-19.60507163640466,-2.5826817747885626,0
HND,2023,-14.599007239028293,-4.252907710934946,0
HRV,2012,-32.41527970655105,-5.975749190944301,0
HRV,2013,-31.990018835683912,-6.115205248644176,0
HRV,2014,-31.980419650443313,-6.11639704610405,0
HRV,2015,-31.454782710307423,-6.290244383426238,0
HRV,2016,-31.38768033466154,-6.310191912426336,0
HRV,2017,-31.41296029331633,-6.299149465253317,0
HRV,2018,-30.978444913696105,-6.438920497943109,0
HRV,2019,-30.85078958311805,-6.4802003089932905,0
HRV,2020,-30.633428394763758,-6.550393764911609,0
HRV,2021,-29.585570437164634,-6.898524837537741,0
HRV,2022,-29.704060765637685,-6.855803459351108,0
HRV,2023,-29.770797470549077,-6.832250442020976,0
HTI,2012,-34.22087270200154,-5.511970162180044,1
HTI,2013,-34.20533733246062,-5.5162711882745485,1
HTI,2014,-34.16775793550316,-5.527965284858223,1
HTI,2015,-34.13020346024113,-5.539641991377996,1
HTI,2016,-34.11627534582943,-5.543430637674269,1
HTI,2017,-34.095547607625065,-5.549376105757192,1
HTI,2018,-34.08840201923048,-5.550734391449419,1
HTI,2019,-34.0651623056874,-5.557378882078902,1
HTI,2020,-34.0624112153347,-5.557334629055364,1
HTI,2021,-34.052319013838925,-5.559950010481371,1
HTI,2022,-34.037622704461455,-5.563666571380625,1
HTI,2023,-34.04058159734177,-5.561330569712272,1
IDN,2012,1679.112564020573,-291.2389867433005,1
IDN,2013,2321.219505978868,-453.0589332506493,1
IDN,2014,2438.1232327108846,-707.75781927661,1
IDN,2015,2646.6369327578204,-800.9009971436726,1
IDN,2016,2724.4717978127624,-766.6912072297448,1
IDN,2017,2752.2064894266778,-749.2885147520735,1
IDN,2018,2745.092849326806,-576.026900230345,1
IDN,2019,2673.894649506203,-564.0076374195385,1
IDN,2020,2555.484889294161,-591.5374390457883,1
IDN,2021,2854.6502544863597,366.7805410928163,1
IDN,2022,2871.3638853313346,361.2032350830135,1
IDN,2023,2970.5003420206726,328.10480904587206,1
IND,2012,851.0999257445237,230.165071281895,1
IND,2013,939.6367720449405,337.7129853096715,1
IND,2014,940.5190612770825,119.12339746041286,1
IND,2015,967.5368931003924,-59.71987866235543,1
IND,2016,1064.7214803229867,28.7154600546642,1
IND,2017,1186.0869124902163,103.10962696069635,1
IND,2018,1418.7228584314284,215.83075184337287,1
IND,2019,1543.899965578592,203.75041791956355,1
IND,2020,1768.4455699952912,476.6876425666165,1
IND,2021,2392.9242789531627,1912.2247658577683,1
IND,2022,2533.183295470058,1865.3181674610587,1
IND,2023,2717.2564606900005,1803.8893383935572,1
IRN,2012,69.39365662687635,135.52944868728625,1
IRN,2013,81.23122136339094,154.67181473686657,1
IRN,2014,57.15029500865527,85.43990623528686,1
IRN,2015,41.289053651543675,23.32847591810424,1
IRN,2016,50.91721843602466,22.791292955899962,1
IRN,2017,64.9543791528373,56.34625544142214,1
IRN,2018,70.87322165781478,58.84674650693003,1
IRN,2019,72.90098056955142,54.48614918028963,1
IRN,2020,88.00832259653424,87.02481233694172,1
IRN,2021,216.4515518555471,472.2846009380444,1
IRN,2022,228.20145236888308,468.3690455890048,1
IRN,2023,239.8307668143125,464.4771097754687,1
IRQ,2012,-29.95053291573184,-6.876327794928848,1
IRQ,2013,-31.784301634323757,-6.292136540787289,1
IRQ,2014,-29.638631812343032,-7.081483301357391,1
IRQ,2015,-29.942611874862568,-6.982120423194049,1
IRQ,2016,-29.248003097966,-7.221479400570065,1
IRQ,2017,-28.738534400294473,-7.384258506023143,1
IRQ,2018,-29.758248041468082,-7.04054064358702,1
IRQ,2019,-30.332328006238743,-6.853254201862281,1
IRQ,2020,-30.25406967403633,-6.874133062917357,1
IRQ,2021,-30.245238594581416,-6.878006563584556,1
IRQ,2022,-30.186873679420785,-6.892930706752111,1
IRQ,2023,-30.015512883652704,-6.956592402799394,1
ISR,2012,-23.52067286470301,15.456358177045756,1
ISR,2013,-26.36415843067434,5.868090666983573,1
ISR,2014,-28.066228493446438,1.9426409539453804,1
ISR,2015,-27.23555767652365,4.714705945068477,1
ISR,2016,-26.81795214057629,6.361403194579291,1
ISR,2017,-29.2430564682325,-0.3883115822615064,1
ISR,2018,-28.804897191016945,1.4599125469719691,1
ISR,2019,-31.43336309072503,-6.364301173583031,1
ISR,2020,-31.71097488377955,-6.270765235915398,1
ISR,2021,-31.776612789865837,-6.247998642156251,1
ISR,2022,-31.950004434783835,-6.186894494538804,1
ISR,2023,-31.832256356601047,-6.228912957253508,1
JOR,2012,-31.085766256778964,3.992435728542338,0
JOR,2013,-33.005731592413035,-1.6837170430451405,0
JOR,2014,-32.588449377617266,-0.5343320845299848,0
JOR,2015,-31.622398195947014,2.2755621643708146,1
JOR,2016,-32.2415050039855,0.21456687696265497,0
JOR,2017,-32.49434549798699,-0.61090180042918,0
JOR,2018,-32.418492289607144,-0.45061058341543525,0
JOR,2019,-34.008340245149256,-5.569811021157527,0
JOR,2020,-33.98733456596197,-5.573215944459674,0
JOR,2021,-33.96937577310422,-5.578169031323175,0
JOR,2022,-33.89126598097281,-5.604228182503917,0
JOR,2023,-33.86463984429405,-5.611115952686281,0
KEN,2012,-28.884460332814374,-2.3879749927424667,0
KEN,2013,-29.452226441174616,-5.258504926251982,0
KEN,2014,-29.87437361367708,-6.8991232457313085,1
KEN,2015,-30.82224255560712,-6.658702439836187,1
KEN,2016,-31.425568781102175,-6.412261721081354,1
KEN,2017,-31.725602779402422,-6.134847182635001,1
KEN,2018,-31.066015037231217,-6.352545483064315,1
KEN,2019,-30.500244164271436,-6.561969572407384,1
KEN,2020,-29.77735182547478,-6.954437936292002,1
KEN,2021,-29.047875836712745,-6.878067506746955,1
KEN,2022,-28.959542124301738,-6.904199933132194,1
KEN,2023,-28.219580478294446,-7.1517921358056835,1
KGZ,2012,-30.213870810890175,6.837505413146978,0
KGZ,2013,-26.155454604910172,18.971446772957,1
KGZ,2014,-28.533929064278176,11.695495947437438,1
KGZ,2015,-28.434253038328144,11.713260202436684,1
KGZ,2016,-26.265218430631386,17.712646311133483,1
KGZ,2017,-20.19945182702773,35.75810497150367,1
KGZ,2018,-26.20288995863671,17.536589064710057,1
KGZ,2019,-20.06139497447765,34.93191470981728,1
KGZ,2020,-23.58026793417742,23.953272888296,1
KGZ,2021,-12.525305678995228,54.09034768179312,1
KGZ,2022,-10.763212815622303,53.49942590875696,0
KGZ,2023,-8.578166892823564,52.77000174790696,0
KHM,2012,-21.679350051345757,-9.698980435179108,0
KHM,2013,-18.96388815761507,-10.604042979276404,0
KHM,2014,-13.877224837475705,-12.301567025880919,0
KHM,2015,-9.654301133096489,-13.71052837505263,0
KHM,2016,-4.996846263111301,-15.263806171192149,0
KHM,2017,0.9319405788042872,-17.243833842423598,0
KHM,2018,8.812223009407155,-19.87485717557916,0
KHM,2019,17.832018556322602,-22.884124341486512,0
KHM,2020,33.55447148522857,-28.130015757515814,0
KHM,2021,24.749758798424196,-25.19101089461995,0
KHM,2022,21.75455463470137,-24.189148802691932,0
KHM,2023,18.954725029052497,-23.252161667715626,0
KWT,2012,-34.33916392767318,-5.4339929248651035,0
KWT,2013,-34.33660246833057,-5.432864001080775,0
KWT,2014,-34.33499784103313,-5.430535645372949,0
KWT,2015,-34.339550900412746,-5.423311738950778,0
KWT,2016,-34.345095762878,-5.419680566884569,0
KWT,2017,-34.342213379303395,-5.417960679002196,0
KWT,2018,-34.34118319781137,-5.410496956432264,0
KWT,2019,-34.288472088012156,-5.434742878453014,0
KWT,2020,-34.28145736623115,-5.445276455449798,0
KWT,2021,-34.291870834474224,-5.435376969320901,0
KWT,2022,-34.30695125648474,-5.412514234716802,0
KWT,2023,-34.290198421457816,-5.438708749916894,0
LAO,2012,-4.482450438750842,26.616514944713742,0
LAO,2013,-3.9156986551232116,27.176991040129657,0
LAO,2014,-12.128552000231817,10.211081709710411,0
LAO,2015,-12.16954061924276,6.933186628775541,0
LAO,2016,-12.01011373121829,1.426999109711236,0
LAO,2017,-9.817801726479754,6.179732431643577,0
LAO,2018,-8.499852864176447,5.110541299828114,0
LAO,2019,-8.91164692977944,1.453201643021619,0
LAO,2020,-9.396275676726798,-3.952789988601231,0
LAO,2021,-2.398426806345906,14.168435722042956,0
LAO,2022,-1.9260488291200417,14.011986754361564,0
LAO,2023,-1.5497881233357305,13.887667050911334,0
LBN,2012,-34.154558397437356,-5.4767709426831495,0
LBN,2013,-34.1915940969944,-5.418344792294811,1
LBN,2014,-34.17476716486931,-5.456497237648883,1
LBN,2015,-34.16553703083235,-5.496739995327308,1
LBN,2016,-34.164110881840045,-5.493826991073349,1
LBN,2017,-34.163989929191644,-5.4917401425569325,0
LBN,2018,-34.1803845438539,-5.484323358566731,0
LBN,2019,-34.18099834248349,-5.482493617447907,0
LBN,2020,-34.191506255690044,-5.461044678115673,0
LBN,2021,-34.19126161450745,-5.459354079201399,0
LBN,2022,-34.189293765036254,-5.458236796597643,0
LBN,2023,-34.18720554126674,-5.457505492052786,0
LBR,2012,-33.89387662362596,-4.00531470946947,0
LBR,2013,-33.864664883659614,-3.9370213677000216,0
LBR,2014,-33.99682852269972,-4.3548873728082835,0
LBR,2015,-34.20379374200933,-5.0101425451403365,0
LBR,2016,-34.31942965089452,-5.425806019401592,0
LBR,2017,-34.2651922815296,-5.360402239838222,0
LBR,2018,-34.27733856012957,-5.495818262269309,0
LBR,2019,-34.2474783641406,-5.505298006809225,0
LBR,2020,-34.21473520994802,-5.515091178769632,0
LBR,2021,-30.090003377189227,6.755122815285807,0
LBR,2022,-30.050296846092362,6.742829386539006,0
LBR,2023,-30.051376647069496,6.743524943040855,0
LBY,2012,-34.36088805445156,-5.440154996121286,1
LBY,2013,-34.36086655465702,-5.43891383705786,1
LBY,2014,-34.36023667607062,-5.4404047301732925,1
LBY,2015,-34.3583904308063,-5.4399698259679425,1
LBY,2016,-34.35647375025671,-5.438987597224857,1
LBY,2017,-34.35531517171896,-5.436819668397563,1
LBY,2018,-34.353760826771826,-5.4362543164232,1
LBY,2019,-34.35217834874097,-5.435992680744377,1
LBY,2020,-34.35109211082346,-5.434992613654428,0
LBY,2021,-34.34990032809564,-5.434216234534617,0
LBY,2022,-34.34808558879431,-5.433124241699254,0
LBY,2023,-34.34677109813275,-5.432415679626571,0
LKA,2012,-32.56868916754979,-5.862925291853035,0
LKA,2013,-28.86205203019705,-7.169052608837977,0
LKA,2014,-28.287490192713427,-7.363409578179962,0
LKA,2015,-27.980597040862094,-7.472894828147345,0
LKA,2016,-28.83648246001385,-7.2129904033254855,0
LKA,2017,-29.21024969400476,-7.098190114046093,0
LKA,2018,-28.84545030737891,-7.252455596654254,0
LKA,2019,-28.30676377150405,-7.4360174748307095,0
LKA,2020,-26.956691337064143,-7.885946743141599,0
LKA,2021,-25.45271132992518,-8.386594153257963,0
LKA,2022,-24.083547972212013,-8.841457831347528,0
LKA,2023,-23.773704080473635,-8.941791917204348,0
LSO,2012,-34.34934743762216,-5.464129433404487,0
LSO,2013,-34.331959146178164,-5.470019021394724,0
LSO,2014,-34.263745205312745,-5.492743775026055,0
LSO,2015,-34.246194985095265,-5.498499928787223,0
LSO,2016,-34.23742100130039,-5.501198700924987,0
LSO,2017,-34.10980121711969,-5.543472709936226,0
LSO,2018,-33.99086934813558,-5.58272592196554,0
LSO,2019,-33.98189453742251,-5.585173822141643,0
LSO,2020,-33.97289983867028,-5.587484615608813,0
LSO,2021,-34.15857379074466,-5.525411247747455,0
LSO,2022,-34.10166872365095,-5.5436315219003784,0
LSO,2023,-34.07152494246094,-5.552764606615056,0
MAR,2012,-26.826042797730622,15.23570577707383,0
MAR,2013,-27.70444752350581,12.368956834215217,0
MAR,2014,-28.832964173648335,8.804889332409862,0
MAR,2015,-29.83559579956075,5.85446233738978,0
MAR,2016,-29.367390152239544,7.135927002701491,0
MAR,2017,-28.180631093021677,10.623686475125607,0
MAR,2018,-27.35183632381325,13.079099724179633,0
MAR,2019,-30.064352374347454,4.702554957026594,0
MAR,2020,-30.96079852832939,2.0353970219941084,0
MAR,2021,-28.640284819623574,8.67222071911197,0
MAR,2022,-28.554142774445857,8.648745452467542,0
MAR,2023,-28.569073398330048,8.654010123310895,0
MDA,2012,-32.83127986746867,-5.8941363005615495,0
MDA,2013,-32.830831825115254,-5.892662943837625,0
MDA,2014,-32.491795620031844,-6.00316376627073,0
MDA,2015,-32.46288084147694,-6.009661325006159,0
MDA,2016,-32.31934094794266,-6.054676980629566,0
MDA,2017,-32.3069971486412,-6.0559111255882785,0
MDA,2018,-32.23142485849732,-6.0788043088449735,0
MDA,2019,-32.21910860621202,-6.081640328147271,0
MDA,2020,-32.23262953709842,-6.075223908359902,0
MDA,2021,-32.18103636202667,-6.091401281650522,0
MDA,2022,-32.185175885367244,-6.07863675404948,0
MDA,2023,-31.95514739936675,-6.162054574030843,0
MDG,2012,-32.371417666718465,-5.571759025770317,0
MDG,2013,-31.33626975006236,-3.927360911224922,0
MDG,2014,-31.620151672224043,-6.417908390023571,0
MDG,2015,-30.38337415298442,-6.830774803552326,0
MDG,2016,-29.81246265757509,-7.0211435302080645,0
MDG,2017,-29.406466339433976,-7.156612530507646,0
MDG,2018,-31.3792858599379,-4.305606009759492,0
MDG,2019,-31.80765848958208,-6.355771954362811,0
MDG,2020,-31.89053272284112,-6.32840438419693,0
MDG,2021,-31.39215369170318,-6.495178948423811,0
MDG,2022,-29.91121900473493,-6.989754505845456,0
MDG,2023,-27.806450738541294,-7.6924897948174,0
MEX,2012,166.85984636470053,511.1446807373959,0
MEX,2013,118.33709960620291,384.04709484496334,0
MEX,2014,90.87581943492157,255.32206379798998,0
MEX,2015,78.4848970836695,208.41668743369513,0
MEX,2016,96.54973471093763,256.89524067944495,0
MEX,2017,110.86672254661298,287.2385753071149,0
MEX,2018,92.13444558183548,228.90315931030662,0
MEX,2019,75.10640132967401,146.21632661517586,0
MEX,2020,104.76450646102407,209.56805878368732,0
MEX,2021,298.6577902021694,850.6601238639787,0
MEX,2022,307.1077860719075,847.841893836773,0
MEX,2023,304.97792567104824,848.5588821050121,0
MKD,2012,-32.553693996993005,-0.6473137583828352,0
MKD,2013,-32.273263004166346,0.17158187804569813,0
MKD,2014,-32.0134337369034,1.0188829172984404,0
MKD,2015,-32.86392336016225,-1.4004812490447218,0
MKD,2016,-32.8300541057338,-1.2971988273484811,0
MKD,2017,-32.87537203282566,-1.7276362315303966,0
MKD,2018,-33.56233671738623,-3.700542202624928,0
MKD,2019,-34.03694997894491,-5.45586890098962,0
MKD,2020,-34.09066563750756,-5.434986574344753,0
MKD,2021,-34.08670649936813,-5.433364043521263,0
MKD,2022,-34.06007941982159,-5.44039942164433,0
MKD,2023,-34.049133852184504,-5.441388739547828,0
MLI,2012,-10.96013199709374,63.71313842162384,1
MLI,2013,-19.227180977547654,38.29390036337832,1
MLI,2014,-22.47728276492343,28.709077594877286,1
MLI,2015,-23.684554173699567,24.82648214205485,1
MLI,2016,-17.874988245771025,41.17909785308987,1
MLI,2017,-19.585723634871705,36.201248157859126,1
MLI,2018,-13.476844881762265,53.67089617474131,1
MLI,2019,-11.288126891327263,59.25884983788039,1
MLI,2020,-7.342273694332295,70.6537527144491,1
MLI,2021,33.838492113552654,193.374493635657,1
MLI,2022,33.90345542370188,193.35089233675637,1
MLI,2023,33.93890820408409,193.33846535671947,1
MMR,2012,119.05769524812672,-48.68832845270544,1
MMR,2013,130.813235786509,-37.37817222027793,1
MMR,2014,140.8618021139296,-26.203566623566644,1
MMR,2015,140.26149378615193,-47.98139606746267,1
MMR,2016,147.34224382108675,-36.98514454665439,1
MMR,2017,157.9611877788449,-22.673858188311833,1
MMR,2018,174.62581735903376,-19.432880649006044,1
MMR,2019,155.7612154304684,-48.13032591907484,1
MMR,2020,164.24239235127817,-57.89323534111942,1
MMR,2021,177.19504653868375,-31.735292502162416,1
MMR,2022,182.26044156206504,-33.42279935144177,1
MMR,2023,182.2423913691994,-33.41635952696014,1
MOZ,2012,-34.043992324202534,-5.374761609733569,1
MOZ,2013,-34.03301243085356,-5.439653766934125,1
MOZ,2014,-33.95699297679764,-5.499912675328176,1
MOZ,2015,-33.956464145488056,-5.511315379818442,1
MOZ,2016,-33.399963941557914,-3.9094217808313605,1
MOZ,2017,-33.422615465813564,-4.412525807721643,1
MOZ,2018,-33.60590168841356,-5.440349760750812,1
MOZ,2019,-33.626759500743695,-5.457541480812542,1
MOZ,2020,-33.45662526078848,-5.413710329665347,1
MOZ,2021,-32.953554793321544,-4.400754124990858,1
MOZ,2022,-32.70355599692408,-4.4854782529765105,1
MOZ,2023,-32.618404016724064,-4.51546620469335,1
MRT,2012,-22.917464664665296,28.69070402177018,0
MRT,2013,-25.515689167260874,20.940643447795118,0
MRT,2014,-28.64601058477343,11.57939495363284,0
MRT,2015,-32.6517670928839,-0.4189138497333893,0
MRT,2016,-31.47220823055852,2.9973604956545614,0
MRT,2017,-30.77654467947266,4.977364898801456,0
MRT,2018,-33.83440868228987,-4.264283799502386,0
MRT,2019,-33.57697227362222,-3.3673694847930853,0
MRT,2020,-33.67164758089368,-3.631299108699129,0
MRT,2021,-16.18722219154604,48.62028441937626,0
MRT,2022,-16.183260309663147,48.61960416348559,0
MRT,2023,-16.17942487300508,48.61861210367891,0
MYS,2012,79.93919680864323,-22.14467942521373,1
MYS,2013,61.6670153841192,-18.227735225851116,0
MYS,2014,57.57076999793622,-25.04191335486756,0
MYS,2015,63.26195899377738,-0.1505441739892266,0
MYS,2016,35.96002423872677,-26.151096604059248,0
MYS,2017,39.79762216677867,-25.68271117887344,0
MYS,2018,32.618852238388875,-27.190072080490054,0
MYS,2019,35.886896636874674,-28.870541326135303,0
MYS,2020,33.89790897272899,-28.212804430482997,0
MYS,2021,36.76406718750828,-29.16186798621917,0
MYS,2022,63.280493956332315,-38.014944383402785,0
MYS,2023,51.98275277893553,-34.240142206083625,0
NER,2012,-33.59491145357542,-3.4647464410970343,1
NER,2013,-33.94345545274182,-4.5857326024194265,1
NER,2014,-34.06895658627359,-5.052243077132587,1
NER,2015,-34.03050512795313,-4.9273126511957335,1
NER,2016,-34.012248339479385,-4.8978828520294595,1
NER,2017,-34.04030640743758,-5.030574616105713,1
NER,2018,-33.01278152338537,-1.9805041725436556,1
NER,2019,-33.94841507228952,-4.809003589963228,1
NER,2020,-33.557863570155035,-3.8304847801417754,1
NER,2021,-31.504687507072468,2.387970055157692,1
NER,2022,-31.49352118668206,2.383501791261878,1
NER,2023,-31.48722327375232,2.380331883683577,1
NGA,2012,11.945771802974015,-14.650708019534987,1
NGA,2013,16.079337974744767,-16.400766653782146,1
NGA,2014,20.24394873251687,-23.521184748334697,1
NGA,2015,20.776551533880173,-24.012416157166605,1
NGA,2016,19.214741509120536,-23.178848064901253,1
NGA,2017,17.752207188952674,-21.827343595731627,1
NGA,2018,16.665301277462298,-22.47946912616119,1
NGA,2019,16.80997839425885,-21.146843373790247,1
NGA,2020,12.116524074088453,-19.612876416978033,1
NGA,2021,14.816416082094598,-19.527257723068995,1
NGA,2022,12.051977796020402,-18.60552411998832,1
NGA,2023,12.042666812926832,-18.606480691096323,1
NIC,2012,-25.79595401062368,6.501437257959626,0
NIC,2013,-26.22529077138482,4.053429708416539,0
NIC,2014,-27.292244631871068,-1.488471856670878,0
NIC,2015,-29.86765497985132,-5.797234332243782,0
NIC,2016,-30.11998155260239,-4.671116105111467,0
NIC,2017,-30.112126753339286,-6.74560542887598,0
NIC,2018,-29.169752799122094,-6.505854896030947,0
NIC,2019,-29.23496899255086,-6.731301294370109,0
NIC,2020,-29.23943811768221,-6.722434450993706,0
NIC,2021,-21.037101092857625,16.949989799508316,0
NIC,2022,-20.940408649139705,16.919562489811895,0
NIC,2023,-20.858207557390543,16.89386030031165,0
NLD,2012,-26.253927170793517,-8.043880777765562,0
NLD,2013,-26.175446245380215,-8.067045659620895,0
NLD,2014,-23.383283838594334,-8.994712625862498,0
NLD,2015,-23.52004890774606,-8.94499054425519,0
NLD,2016,-23.601566123526457,-8.913294006708579,0
NLD,2017,-25.33592289083328,-8.33026055789228,0
NLD,2018,-24.99278273347553,-8.443699087094208,0
NLD,2019,-26.281597472301264,-8.010701720643873,0
NLD,2020,-27.28072814044492,-7.6782765858819,0
NLD,2021,-27.162957877253145,-7.71262738647215,0
NLD,2022,-27.544953419183727,-7.574176049672131,0
NLD,2023,-27.000728034373225,-7.760685829886022,0
NPL,2012,-28.326599544507953,-7.532166255620308,0
NPL,2013,-28.065862979132902,-7.61760713216635,0
NPL,2014,-26.81627829151262,-8.028401367918173,0
NPL,2015,-26.037714046577115,-8.28019145651346,0
NPL,2016,-25.852082155816163,-8.349109189751037,0
NPL,2017,-24.64419764984256,-8.753166234845851,0
NPL,2018,-23.001508861558257,-9.294241711156493,0
NPL,2019,-22.103995435386558,-9.55602696992976,0
NPL,2020,-21.15371787161414,-9.874087356370914,0
NPL,2021,-19.882709254020323,-10.300418926930568,0
NPL,2022,-19.333755103178824,-10.521267713453932,0
NPL,2023,-18.42358377678267,-10.825001315739097,0
OMN,2012,-33.11410801951479,-1.7575047995643294,0
OMN,2013,-33.695603793794945,-3.6655146948485724,0
OMN,2014,-33.64270976049057,-3.484144795219164,0
OMN,2015,-34.089133998448546,-4.773654098226857,0
OMN,2016,-34.30080086754407,-5.390230008700746,0
OMN,2017,-34.306465566722636,-5.455084986329962,0
OMN,2018,-34.207225487537585,-5.491833380318412,0
OMN,2019,-34.09898025531259,-5.531627595045129,0
OMN,2020,-34.020872474274356,-5.558766399228049,0
OMN,2021,-33.940741248282016,-5.572220305927339,0
OMN,2022,-33.682874513496486,-5.633673183119867,0
OMN,2023,-33.40942045751426,-5.7391994209242405,0
PAK,2012,-6.983947884350723,-10.273624611778253,1
PAK,2013,-6.6453840500220025,-12.401068893908828,1
PAK,2014,-6.787354536221407,-13.094928988561314,1
PAK,2015,-6.507447750120871,-13.965132384852307,1
PAK,2016,-5.310663259324887,-13.793636378252886,1
PAK,2017,-4.365159709245013,-11.523136660872048,1
PAK,2018,-3.5402695108741575,-10.022426844846756,1
PAK,2019,-3.273068828704865,-10.266466055094202,1
PAK,2020,-3.851089206851462,-12.982861031483644,1
PAK,2021,-2.2546093003411016,-9.523380946541083,1
PAK,2022,-2.0121307738720944,-9.666700693130634,1
PAK,2023,-1.5319173784406033,-9.852940463927352,1
PAN,2012,-31.72274830236098,-1.9291946601527732,0
PAN,2013,-32.074313171500236,-3.4855481479726995,0
PAN,2014,-31.78936826537317,-3.744729863128179,0
PAN,2015,-32.38670361544729,-4.919308447211862,0
PAN,2016,-32.739465532808566,-5.569556965976372,0
PAN,2017,-32.564926392965695,-5.664453742835272,0
PAN,2018,-32.8450355944698,-5.911698481531361,0
PAN,2019,-31.10298370026792,0.1627357372133833,0
PAN,2020,-31.521248686024396,0.7971025108121328,0
PAN,2021,-11.268747379508923,59.78736125143912,0
PAN,2022,-10.405961099731737,59.50123145725608,0
PAN,2023,-9.909438912529271,59.338064548670474,0
PER,2012,245.92478837845638,788.8864610425387,0
PER,2013,182.37258144695687,568.1924922394331,0
PER,2014,104.32162771651676,341.77891482094697,0
PER,2015,76.38817197741429,271.2218035646718,0
PER,2016,114.58266627632838,380.82472693573214,0
PER,2017,173.9630732999125,558.0855525361966,0
PER,2018,190.04235728196,581.6739850713219,0
PER,2019,67.3099808443281,204.4339559534973,0
PER,2020,93.11107272769186,290.96615477466503,0
PER,2021,408.4098553804837,1229.6731265294454,0
PER,2022,406.545808208537,1230.2792288960222,0
PER,2023,400.18782814864545,1232.377054402035,0
PHL,2012,437.4793735575053,-27.713073202485162,1
PHL,2013,395.3164879588706,-59.1353769416911,1
PHL,2014,416.5855151738428,24.519400583793242,1
PHL,2015,383.179535726955,-81.40348156333246,1
PHL,2016,350.5235769636312,-96.24157451219403,1
PHL,2017,369.76656034657753,-59.417343512991486,1
PHL,2018,383.47243381994326,-55.89195910210893,1
PHL,2019,393.49252253353046,-56.277037588490415,1
PHL,2020,390.2320295083096,-46.24354351573298,1
PHL,2021,474.8000135548593,249.72508327366458,1
PHL,2022,492.22551339448273,243.896221131713,1
PHL,2023,498.1195639409749,241.9338506333614,1
PNG,2012,-12.001409137688839,59.58524367298611,0
PNG,2013,-28.629907663637447,9.508821072536822,0
PNG,2014,-31.33549380100755,1.401230197825825,0
PNG,2015,-28.12638614465888,10.96513127179344,0
PNG,2016,-22.24998429930364,28.511795444503583,0
PNG,2017,-20.07043559761604,35.281569008052585,0
PNG,2018,-20.94736466167165,33.05676662687322,0
PNG,2019,-19.907752928995393,36.29436039062705,0
PNG,2020,-20.557870496737607,34.35437917730138,0
PNG,2021,30.87794169667813,188.20595073570684,0
PNG,2022,30.908649440305645,188.19627703031006,0
PNG,2023,30.923916795106713,188.19199519186301,0
PRT,2012,-30.328696497190776,0.3481897406516774,0
PRT,2013,-31.866659054646785,-4.112672535700669,0
PRT,2014,-31.991091043889607,-5.195583982051904,0
PRT,2015,-32.53779945881208,-5.834245523175512,0
PRT,2016,-32.52287815256769,-5.918566949164816,0
PRT,2017,-30.6599848661341,-1.876593693595768,0
PRT,2018,-28.410624519714368,4.016569863842017,0
PRT,2019,-27.73738011429153,6.196778609193766,0
PRT,2020,-26.824199605181725,5.040136579099004,0
PRT,2021,-22.758460097951918,17.78344122817567,0
PRT,2022,-22.86675158169237,17.8216483483111,0
PRT,2023,-22.25813403625715,17.618115615152036,0
PRY,2012,-33.45316349708004,-5.745126308571823,0
PRY,2013,-33.272117540444555,-5.803968807386079,0
PRY,2014,-33.09396055107728,-5.862119142494304,0
PRY,2015,-32.92618475954843,-5.916749458116431,0
PRY,2016,-32.92177567716144,-5.9168811343951635,0
PRY,2017,-32.534288140329046,-6.044899389463127,0
PRY,2018,-32.40477790248229,-6.086715975032513,0
PRY,2019,-32.19769193876963,-6.154413739864166,0
PRY,2020,-31.96795565286769,-6.229374844598648,0
PRY,2021,-31.958690827269677,-6.23252786816293,0
PRY,2022,-30.967297473586935,-6.562653839338902,0
PRY,2023,-30.940104327703285,-6.570261549974317,0
ROU,2012,-31.42468063506036,-3.0869028582757254,0
ROU,2013,-31.73439442579402,-4.096088262800634,0
ROU,2014,-31.72951632815468,-4.389206477016241,0
ROU,2015,-31.804101866473545,-4.826342638879632,0
ROU,2016,-31.54035050387898,-4.905578225099096,0
ROU,2017,-31.37641528600734,-4.546918637645303,0
ROU,2018,-31.33249938542197,-4.136656787677997,0
ROU,2019,-31.421651713942254,-4.716389612613483,0
ROU,2020,-31.535126988607924,-4.789836315423365,0
ROU,2021,-30.845910773368306,-2.360305230045934,0
ROU,2022,-30.934529189397693,-2.3214369201168057,0
ROU,2023,-30.91772538800804,-2.3342486924000436,0
RUS,2012,198.10266949020118,599.2555280623743,1
RUS,2013,141.87962242707988,425.8959755198255,1
RUS,2014,129.56506658547528,384.4862638960105,1
RUS,2015,118.42916251748136,356.361348871825,1
RUS,2016,143.96630268992067,421.2882531022822,1
RUS,2017,144.82209295850905,416.60812923489965,1
RUS,2018,181.73832796389937,516.9556569734812,1
RUS,2019,181.55565063278988,491.47379126964626,1
RUS,2020,210.93748100106112,555.0862555794564,1
RUS,2021,453.9014590977026,1265.9226123439173,1
RUS,2022,458.75218799797545,1264.3387277753143,1
RUS,2023,461.7723228332467,1263.2844662084597,1
RWA,2012,-34.25531388468516,-5.492097821452561,1
RWA,2013,-34.14012536928135,-5.527257315475954,1
RWA,2014,-34.04252977558793,-5.4382741233551055,1
RWA,2015,-34.00932267638045,-5.416630311749895,1
RWA,2016,-33.992935291461855,-5.353272696264061,1
RWA,2017,-33.70556717706947,-5.503885926933679,1
RWA,2018,-33.70667006119732,-5.629725682687869,1
RWA,2019,-33.675500638819706,-5.710465880890234,1
RWA,2020,-33.48840107203714,-5.77186581429524,1
RWA,2021,-33.33641309877163,-5.821782721404304,1
RWA,2022,-33.26565256106478,-5.843730335621146,1
RWA,2023,-33.07607093772781,-5.906497514076252,1
SAU,2012,-23.866824686794757,18.359413414360972,0
SAU,2013,-26.765406201329334,11.600882964251513,0
SAU,2014,-27.083253120199007,2.4092881291789165,0
SAU,2015,-26.315623276950674,1.2240009812024821,0
SAU,2016,-26.37009644811202,-4.667582559661547,0
SAU,2017,-20.298570546505484,4.816045129488765,0
SAU,2018,-14.871655586751295,11.48779548841461,0
SAU,2019,-15.248686386853674,8.624904880835686,0
SAU,2020,-10.468965239793363,9.13037536343902,0
SAU,2021,6.245338085912273,50.931372032193586,0
SAU,2022,7.11840572560795,50.721172934704505,0
SAU,2023,10.371174296955523,49.585651005864726,0
SDN,2012,-13.94217673958229,50.59270250115996,1
SDN,2013,-13.68091992610573,51.92055938883288,1
SDN,2014,-16.5334507975809,43.70069871054585,1
SDN,2015,-18.898188923717182,36.02414648593751,1
SDN,2016,-12.632654386422335,55.293355742528846,1
SDN,2017,-13.956844092494492,51.081333703678915,1
SDN,2018,-32.97318474962479,-5.917172482641583,1
SDN,2019,-13.906408307847165,51.038213656279666,1
SDN,2020,-10.55471560151906,61.01982906155476,1
SDN,2021,16.051531214803546,140.5836771250883,1
SDN,2022,16.067031356873663,140.57301758008558,1
SDN,2023,15.959880495934058,140.50730725195135,1
SEN,2012,-26.579992202939177,17.209719940357516,0
SEN,2013,-30.926384360106816,4.036856977980143,0
SEN,2014,-31.950289328245752,0.7966347265201268,0
SEN,2015,-31.846378191362632,0.9995168631152058,0
SEN,2016,-28.947624863383684,9.143877896818644,0
SEN,2017,-31.457076791253993,2.19367728828379,0
SEN,2018,-28.593005019650782,10.720492637880588,0
SEN,2019,-27.854555997202564,12.95541509797073,0
SEN,2020,-27.671072935859602,13.463963512560339,0
SEN,2021,-16.790601659264144,45.903139569228976,0
SEN,2022,-16.699572312699264,45.87214655717877,0
SEN,2023,-16.342810460385785,45.75157167132717,0
SLE,2012,-34.110255879709484,-4.790513019469307,0
SLE,2013,-34.27373054695767,-5.284698826173243,0
SLE,2014,-34.26236779916751,-5.256490146057871,0
SLE,2015,-34.16510071608999,-4.973858714206244,0
SLE,2016,-33.79675112087193,-3.8763635631692885,0
SLE,2017,-33.646307919705414,-3.432475362613145,0
SLE,2018,-34.08854428801352,-4.770335377919609,0
SLE,2019,-34.308278924256385,-5.433113091069014,0
SLE,2020,-34.316745004493924,-5.470975825138629,0
SLE,2021,-34.12901806073249,-4.929540509495413,0
SLE,2022,-34.121051028391754,-4.931654578425631,0
SLE,2023,-34.11606571436555,-4.932861005035196,0
SLV,2012,-33.451269200728156,-5.737448121493463,0
SLV,2013,-33.79620793362888,-5.620746088045646,0
SLV,2014,-34.0666369912826,-5.528780212368471,0
SLV,2015,-33.20764018606606,-5.814402917703807,0
SLV,2016,-33.000993170839614,-5.881368323795757,0
SLV,2017,-32.47988819519962,-6.053941638744159,0
SLV,2018,-32.498387699369424,-6.046348502373141,0
SLV,2019,-32.66206563459493,-5.990208188101785,0
SLV,2020,-32.926093057526735,-5.898722885421043,0
SLV,2021,-32.18581182855614,-6.1453286456566545,0
SLV,2022,-32.15566033678527,-6.153553735830976,0
SLV,2023,-32.070507588774156,-6.180534768018356,0
SOM,2012,-34.342893256060364,-5.502704170516927,1
SOM,2013,-34.342788026717855,-5.497790199659295,1
SOM,2014,-34.33863483592203,-5.500919035259299,1
SOM,2015,-34.333926804375835,-5.504609284012992,1
SOM,2016,-34.33552470086545,-5.493799818951813,1
SOM,2017,-34.3277323048345,-5.504022238000323,1
SOM,2018,-34.32327308349002,-5.505410745993524,1
SOM,2019,-34.31899242931005,-5.506158896159049,1
SOM,2020,-34.31511187544641,-5.5063584980652385,1
SOM,2021,-34.308941582420324,-5.51268896672255,1
SOM,2022,-34.2995885354893,-5.526233413676275,1
SOM,2023,-34.300448798030104,-5.515157621941416,1
SRB,2012,-30.588305659567236,1.3686508554179406,0
SRB,2013,-31.442037847509248,-0.21623733181072158,0
SRB,2014,-31.27701055847493,-0.4183168749620405,0
SRB,2015,-31.887768357956958,-2.3712096449020263,0
SRB,2016,-31.94029159396751,-2.2443154878772993,0
SRB,2017,-31.86767736240321,-1.0137245450797794,0
SRB,2018,-31.599720852413807,-1.4927672059071164,0
SRB,2019,-32.06358162305929,-2.5854151752525043,0
SRB,2020,-32.29131647724061,-2.81888940699511,0
SRB,2021,-29.0283746683022,6.211905524016455,0
SRB,2022,-29.291376868467637,6.305187289058946,0
SRB,2023,-29.284622477011943,6.301526227203064,0
SSD,2012,-34.34973096495619,-5.477370481548489,1
SSD,2013,-34.288563798362375,-5.318517595682958,1
SSD,2014,-34.27719236459219,-5.3983728434837195,1
SSD,2015,-34.302989111102804,-5.40283613868789,1
SSD,2016,-34.274739244278734,-5.417861089663147,1
SSD,2017,-34.28690769497769,-5.441644048361443,1
SSD,2018,-34.31741604628952,-5.355702529067216,1
SSD,2019,-34.30571890426211,-5.354128888267217,1
SSD,2020,-34.2946655904297,-5.332669479255086,1
SSD,2021,-34.13176501650096,-4.900757688906729,0
SSD,2022,-34.13697418970487,-4.88333936391868,0
SSD,2023,-34.149069219135455,-4.8477922286977995,0
SUR,2012,-13.466491110676188,57.195616624212434,0
SUR,2013,-20.762230743274515,35.369918425335584,0
SUR,2014,-28.116771417826538,13.369506934782654,0
SUR,2015,-32.94172062782668,-1.0887620843539745,0
SUR,2016,-26.881571934308965,17.047099487461963,0
SUR,2017,-23.990190445526974,25.68985663235543,0
SUR,2018,-34.3928435616656,-5.402873030345055,0
SUR,2019,-34.39415197682344,-5.400943061298669,0
SUR,2020,-34.39931924527677,-5.397573023221598,0
SUR,2021,-34.3981294707214,-5.3969541677078805,0
SUR,2022,-34.3961887654265,-5.395671418943447,0
SUR,2023,-34.395812811784914,-5.394059799840742,0
SYR,2012,-33.04421260627196,-5.631934436483633,1
SYR,2013,-33.47188150320904,-5.878517522091993,1
SYR,2014,-33.674791329108686,-5.753553730007121,1
SYR,2015,-33.8068891946502,-5.710192663744302,1
SYR,2016,-33.84053414248933,-5.656168417521085,1
SYR,2017,-33.85738937434441,-5.661093629761084,1
SYR,2018,-33.90756726966189,-5.583194760894447,1
SYR,2019,-33.91156887786132,-5.582740987384358,1
SYR,2020,-33.944210286307836,-5.588835497279887,1
SYR,2021,-33.943292281472644,-5.5925186165882215,1
SYR,2022,-33.964460503266345,-5.544888024757059,1
SYR,2023,-33.970967479951845,-5.541292945045437,1
TCD,2012,-34.3250139745384,-5.509666522541796,1
TCD,2013,-34.3113399917959,-5.4986756282053575,1
TCD,2014,-34.3073452393977,-5.505654591827292,1
TCD,2015,-34.28939051718232,-5.520712162722276,1
TCD,2016,-34.29685484353621,-5.511245746119387,1
TCD,2017,-34.29465492682661,-5.5235151442287655,1
TCD,2018,-34.29192901572755,-5.522936756253601,1
TCD,2019,-34.28486693097853,-5.531881050109111,1
TCD,2020,-34.28395490107019,-5.528003534186441,1
TCD,2021,-34.28051357809291,-5.5272926320245634,1
TCD,2022,-34.271688460389,-5.533801713711069,1
TCD,2023,-34.28253508712703,-5.49576514827989,0
TGO,2012,-23.715689077669076,26.415270422737613,1
TGO,2013,-26.65564287722153,17.613834491091147,1
TGO,2014,-28.455100118178763,12.224823628338322,1
TGO,2015,-30.26980921241394,6.771606346031605,1
TGO,2016,-30.469568742138733,6.140279907891047,1
TGO,2017,-31.257848191719635,3.7598949497478014,1
TGO,2018,-31.862049008142648,1.858811986693425,1
TGO,2019,-32.07750669733621,0.8080601671729308,1
TGO,2020,-31.75106574804432,1.934334467380384,1
TGO,2021,-25.376125994892377,20.911566054879827,1
TGO,2022,-25.32781604692027,20.895840506767918,1
TGO,2023,-25.254935312152764,20.871998823333513,1
THA,2012,185.06428138889657,-68.38208959461564,1
THA,2013,137.4503709632201,-56.4646965093395,1
THA,2014,120.25935807360179,-51.86434106293506,1
THA,2015,123.42215135732542,-55.013536833863895,1
THA,2016,130.9881087797741,-56.37664200542093,1
THA,2017,118.12284108756748,-56.32846187829786,1
THA,2018,122.60912547022198,-57.833791472087036,1
THA,2019,129.72769230574758,-60.20723324524811,1
THA,2020,137.92653429023562,-62.93680958999281,1
THA,2021,134.4258684634753,-61.767087992735284,1
THA,2022,136.16713048140082,-62.341613579314,1
THA,2023,136.24458990376212,-62.35998292734442,1
TJK,2012,-32.33876942232114,0.4460729971978612,0
TJK,2013,-32.645794077237774,-0.5519381856176482,1
TJK,2014,-32.16102008947774,0.8701866452302491,1
TJK,2015,-32.10155453628937,1.0392403854145575,1
TJK,2016,-30.662457962981478,5.342934409879321,1
TJK,2017,-30.645917769105317,5.368301190568307,1
TJK,2018,-29.462055763676236,8.877900508422295,1
TJK,2019,-27.59038651763982,14.341812965700681,1
TJK,2020,-27.907065805378167,13.36641857895181,1
TJK,2021,-20.819843818873878,33.84686608688312,1
TJK,2022,-20.781106252947,33.8335569199889,0
TJK,2023,-20.7611006544798,33.827345404334636,0
TTO,2012,-34.3929793429687,-5.390273591586047,0
TTO,2013,-34.39149729483364,-5.38818862277327,0
TTO,2014,-34.39078896507649,-5.385831481171463,0
TTO,2015,-34.38684713822702,-5.384481326160097,0
TTO,2016,-34.3878248034555,-5.381344119011553,0
TTO,2017,-34.38755744105683,-5.3784696434262695,0
TTO,2018,-34.387979669559925,-5.373567439211536,0
TTO,2019,-34.376860257662656,-5.378839636049607,0
TTO,2020,-34.38499981587962,-5.371139460069763,0
TTO,2021,-34.38206962562472,-5.369204342535218,0
TTO,2022,-34.38277787246972,-5.365992783334687,0
TTO,2023,-34.38202371069581,-5.363344756113471,0
TUN,2012,-26.765596152291295,11.877033247555131,1
TUN,2013,-27.970055011769826,6.730408197065117,1
TUN,2014,-28.415495264389357,5.541026463371965,1
TUN,2015,-28.615266762518438,3.2925948312426794,1
TUN,2016,-28.233979521113827,3.549292356317979,0
TUN,2017,-28.440815813587825,-0.32876168411827944,0
TUN,2018,-28.65291308288125,-0.9110041433572729,0
TUN,2019,-30.169564674778773,-6.809624017948938,0
TUN,2020,-30.267889882960795,-6.775044455656938,0
TUN,2021,-29.84846047110611,-6.913108725726612,0
TUN,2022,-30.718770133017017,-6.620693808639225,0
TUN,2023,-30.65632451227573,-6.639461861321064,0
TUR,2012,42.12546566688349,101.07661613538743,1
TUR,2013,39.75890101775999,82.17525854917805,1
TUR,2014,29.482258686284688,50.838863404887974,1
TUR,2015,20.861082575754196,22.01417884187402,1
TUR,2016,21.317724479884113,15.875530051458918,1
TUR,2017,23.341436978270153,8.924634252442813,1
TUR,2018,32.99301289010334,16.249271769249482,1
TUR,2019,46.77687318078683,24.179271055036168,1
TUR,2020,58.24406717280545,31.419933010235674,1
TUR,2021,109.11777098928027,155.24039239103666,1
TUR,2022,116.45487616680393,152.76873546970745,1
TUR,2023,123.50837080946778,150.41703943715794,1
TZA,2012,-10.450478655813406,59.23320115761071,0
TZA,2013,-13.70467719601794,49.328066674235366,0
TZA,2014,-19.303538374444877,32.467698439571315,0
TZA,2015,-20.667911445385002,28.13095346044831,0
TZA,2016,-16.35809931553077,39.94862605434173,0
TZA,2017,-16.68952518021941,34.92130333281956,0
TZA,2018,-20.82709556746874,24.01011213971416,0
TZA,2019,-17.00042717751235,34.70468957420568,1
TZA,2020,-14.88327071773702,40.503455806957774,0
TZA,2021,35.912555239120415,166.50770757098914,0
TZA,2022,37.787208719844365,165.87728161813558,0
TZA,2023,45.619714535615934,163.25951454664133,0
UGA,2012,-17.8979577740479,-11.037858996221047,1
UGA,2013,-16.696844135349572,-8.690167609964135,1
UGA,2014,-14.638321845470582,-9.85580636475641,1
UGA,2015,-13.703436783642154,-10.744068612239175,1
UGA,2016,-13.479465073127503,-10.321201187185427,1
UGA,2017,-14.768862513046798,-11.016728162161444,0
UGA,2018,-16.523723764223377,-11.496672523222873,0
UGA,2019,-16.621567836114405,-11.459489658399566,0
UGA,2020,-13.066460163326514,-12.653501937206158,1
UGA,2021,-10.565385117953035,-13.489451615646727,1
UGA,2022,-16.86036847227931,-11.40357275693655,0
UGA,2023,-11.973322356372286,-13.033318752479666,0
UKR,2012,-8.827888289892169,55.56809702771926,0
UKR,2013,-6.065937450427938,64.10525741343697,1
UKR,2014,-18.291618720071096,26.835717401341135,1
UKR,2015,-29.83054534167852,-6.446830507327993,1
UKR,2016,-25.97447565148952,5.5480815890830595,1
UKR,2017,-28.334023221455087,-0.8363695447592496,1
UKR,2018,-26.927291061905876,4.247605794630601,1
UKR,2019,-30.315581122479653,-5.904231093234506,1
UKR,2020,-28.964143850181177,-1.8483044867506737,1
UKR,2021,63.548132365257096,275.82744441406896,1
UKR,2022,63.356995870298086,275.4586733318572,1
UKR,2023,63.207046336716225,275.93216580526035,1
URY,2012,-33.27349496674013,-2.2078369712089185,0
URY,2013,-33.555442084474095,-3.11432211009666,0
URY,2014,-33.830008398745996,-3.9381687977266924,0
URY,2015,-34.02758603082183,-4.521214421966252,0
URY,2016,-34.03753606540277,-4.472448413791214,0
URY,2017,-34.04850740883767,-4.513987867682038,0
URY,2018,-34.21202402122748,-5.026227354868132,0
URY,2019,-34.32212035640958,-5.3645419817056545,0
URY,2020,-34.32591993635805,-5.361527650945221,0
URY,2021,-34.171605027945304,-4.894576086652621,0
URY,2022,-34.172311133616894,-4.893209909423737,0
URY,2023,-34.17333751828622,-4.891213374198623,0
USA,2012,593.99310595438,1621.155243169699,1
USA,2013,481.54018561909356,1279.5810745674057,1
USA,2014,397.69572422657103,1032.9563375906323,1
USA,2015,163.9505204819254,330.7838196216243,1
USA,2016,178.5107024405738,363.5826687966545,1
USA,2017,192.85946955002166,408.9652244472317,1
USA,2018,183.40022592359477,362.6146589220179,1
USA,2019,132.24401411117506,195.43091697330777,0
USA,2020,133.4566294367796,225.51676571945796,0
USA,2021,446.87693644160277,1155.4203455552822,0
USA,2022,449.87388734229717,1154.4763295762227,1
USA,2023,446.1619415603833,1155.7236712163785,1
UZB,2012,42.136834471361404,214.34529806399095,0
UZB,2013,30.077418226225667,173.1939674515479,0
UZB,2014,22.636681053984248,147.85904347802983,0
UZB,2015,16.94897623353291,126.53712554302452,0
UZB,2016,26.036416025527316,153.0439998973123,0
UZB,2017,19.25440700793154,124.63533281489136,0
UZB,2018,37.68426685940289,176.96298759595214,0
UZB,2019,28.360435923675944,135.35762695574846,0
UZB,2020,59.97606273476247,220.73791003508776,0
UZB,2021,92.89019617227078,307.3887963763276,0
UZB,2022,94.8174823056118,306.74521964351,0
UZB,2023,96.52004528255353,306.1764247804862,0
VEN,2012,-25.400679625223,5.802938485017286,0
VEN,2013,-26.157049355178835,3.125885980662437,0
VEN,2014,-26.986468322817377,-1.5683649762771399,0
VEN,2015,-30.17871158491157,-4.5104371259977425,0
VEN,2016,-28.746440634336714,-4.299312805129059,0
VEN,2017,-28.30705788441251,-3.6475883352066774,0
VEN,2018,-29.627777631087298,-7.074768869021033,0
VEN,2019,-28.35518672372678,-7.507556463659936,0
VEN,2020,-27.424808998953,-7.780002313288107,0
VEN,2021,-25.254043794320722,-8.487427719730794,0
VEN,2022,-22.64246406902337,-9.342404655148751,0
VEN,2023,-23.31752088956589,-9.112614621553103,0
VNM,2012,503.4467808237554,-147.18242780051548,0
VNM,2013,520.7168217157664,-161.21768278227327,0
VNM,2014,540.5950816899656,-177.32870349152589,0
VNM,2015,559.4884116702314,-188.56319388917927,0
VNM,2016,577.5052755051078,-194.51210696830762,0
VNM,2017,621.0995776783609,-205.05219201172508,0
VNM,2018,681.0281768282716,-228.9960446560938,0
VNM,2019,707.9017451004894,-250.51338977671165,0
VNM,2020,759.9490852034822,-268.0384402298809,0
VNM,2021,774.6987979155867,-262.6773133987176,0
VNM,2022,836.1753056226295,-283.2117378325823,0
VNM,2023,881.0887633597944,-298.20818094992427,0
YEM,2012,-34.166510581017036,-5.57601802922113,1
YEM,2013,-34.17483889980356,-5.575060463978003,1
YEM,2014,-34.17054661850491,-5.576641469637723,1
YEM,2015,-34.16836053834038,-5.580879238737463,1
YEM,2016,-34.16572743809397,-5.582649002958309,1
YEM,2017,-34.16100869104806,-5.585799320280826,1
YEM,2018,-34.1526666523687,-5.5908165695098635,1
YEM,2019,-34.14584026249915,-5.591772671741085,1
YEM,2020,-34.133345173360574,-5.604551110514383,1
YEM,2021,-34.126121761650175,-5.606652989766478,1
YEM,2022,-34.12070732165838,-5.603662436436197,1
YEM,2023,-34.111747638066824,-5.607028708340348,1
ZAF,2012,107.52925749844508,413.84176377519293,0
ZAF,2013,113.6411691335326,431.84971910483904,0
ZAF,2014,62.20265290404982,277.50039774487004,0
ZAF,2015,-10.019409753391773,61.83501415476435,0
ZAF,2016,10.89835703620308,123.270502910193,0
ZAF,2017,4.53055405747336,105.48246525035508,0
ZAF,2018,-3.801132531917389,79.56085094753642,0
ZAF,2019,40.98210497470016,212.8345169920635,0
ZAF,2020,62.39404704849991,276.47245955316714,0
ZAF,2021,270.85152047936015,899.6772460337301,0
ZAF,2022,271.0386412515001,899.5983503373233,0
ZAF,2023,270.5803287703529,899.7507575132183,0
ZWE,2012,-24.476872542165587,14.831953951587225,0
ZWE,2013,-24.785468455100098,11.636769033840162,0
ZWE,2014,-24.46433763485379,11.847262871972346,0
ZWE,2015,-27.294902183016617,3.5071886410067705,0
ZWE,2016,-26.738469106456364,4.985377944915305,0
ZWE,2017,-24.895986938697106,12.525785569567963,0
ZWE,2018,-18.742847646726997,30.440051947242452,0
ZWE,2019,-19.19427874012961,28.194923411117657,0
ZWE,2020,-20.68187516106869,23.226346484279112,0
ZWE,2021,-9.811223445111626,64.85787738710975,0
ZWE,2022,-9.251290256174094,64.66897404904597,0
ZWE,2023,-9.189560803955015,64.64863495343882,0
